player_id,gsis_id,name,pos,team,season,gp,gm,q,d,o,ir,injuries,ppg,pts_lost,adp_pick,adp_rank,adp_pos_rank,adp_exp_ppg,pts_lost_adp,adp_sf_pick,adp_sf_rank,adp_sf_pos_rank,early_exits,ppg_estimated
96,00-0023459,Aaron Rodgers,QB,PIT,2016,16,0,2,0,0,0,2,23.75,0.0,,,,,,3.2,3.0,QB2,0,False
96,00-0023459,Aaron Rodgers,QB,PIT,2017,7,9,0,0,0,9,3,18.51,166.6,,,,,,3.1,3.0,QB1,1,False
96,00-0023459,Aaron Rodgers,QB,PIT,2018,16,0,3,0,0,0,1,19.54,0.0,33.8,35.0,QB1,20.9,0.0,6.9,8.0,QB1,0,False
96,00-0023459,Aaron Rodgers,QB,PIT,2019,16,0,0,0,0,0,0,17.4,0.0,56.3,57.0,QB3,19.11,0.0,19.8,21.0,QB3,0,False
96,00-0023459,Aaron Rodgers,QB,PIT,2020,16,0,0,0,0,0,0,23.92,0.0,85.7,89.0,QB8,19.83,0.0,31.0,32.0,QB8,0,False
96,00-0023459,Aaron Rodgers,QB,PIT,2021,16,1,0,0,0,1,1,20.8,20.8,64.9,67.0,QB7,18.55,18.6,13.7,14.0,QB5,0,False
96,00-0023459,Aaron Rodgers,QB,PIT,2022,17,0,0,0,0,0,0,14.07,0.0,95.6,92.0,QB12,17.21,0.0,32.3,33.0,QB13,0,False
96,00-0023459,Aaron Rodgers,QB,PIT,2023,1,16,0,0,3,13,3,0.0,0.0,100.9,106.0,QB14,16.22,259.5,29.1,29.0,QB10,0,False
96,00-0023459,Aaron Rodgers,QB,PIT,2024,17,0,0,0,0,0,0,15.09,0.0,116.4,120.0,QB16,15.14,0.0,31.2,31.0,QB15,0,False
96,00-0023459,Aaron Rodgers,QB,PIT,2025,16,1,0,0,1,0,1,14.16,14.2,,,,,,114.3,119.0,QB28,0,False
96,00-0023459,Aaron Rodgers,QB,PIT,2026,4,0,0,0,0,0,0,15.29,0.0,,,,,,111.8,116.0,QB29,0,False
10866,00-0038579,Aidan O'Connell,QB,LV,2023,11,0,0,0,0,0,0,11.44,0.0,,,,,,,,,0,False
10866,00-0038579,Aidan O'Connell,QB,LV,2024,9,5,0,0,1,4,3,10.39,52.0,,,,,,,,,1,False
10866,00-0038579,Aidan O'Connell,QB,LV,2025,1,10,0,0,0,10,2,4.78,47.8,,,,,,,,,0,False
10866,00-0038579,Aidan O'Connell,QB,LV,2026,0,3,0,0,3,0,1,4.78,14.3,,,,,,,,,0,True
268,00-0023436,Alex Smith,QB,WAS,2016,15,1,0,0,1,0,1,14.95,14.9,,,,,,144.4,152.0,QB29,1,False
268,00-0023436,Alex Smith,QB,WAS,2017,15,0,0,0,0,0,0,19.68,0.0,,,,,,102.4,109.0,QB25,0,False
268,00-0023436,Alex Smith,QB,WAS,2018,10,6,0,0,0,6,1,13.8,82.8,135.7,142.0,QB17,17.33,104.0,64.6,66.0,QB18,0,False
268,00-0023436,Alex Smith,QB,WAS,2019,0,16,0,0,0,16,2,13.8,220.8,,,,,,,,,0,True
268,00-0023436,Alex Smith,QB,WAS,2020,8,2,1,0,2,0,1,8.95,17.9,,,,,,,,,0,False
1111,00-0029668,Andrew Luck,QB,IND,2016,15,1,1,0,1,0,2,20.51,20.5,,,,,,10.4,11.0,QB4,0,False
1111,00-0029668,Andrew Luck,QB,IND,2017,0,16,0,0,8,8,4,20.51,328.2,,,,,,29.6,32.0,QB9,0,True
1111,00-0029668,Andrew Luck,QB,IND,2018,16,0,0,0,0,0,0,20.46,0.0,87.8,89.0,QB8,18.28,0.0,36.8,38.0,QB9,0,False
1111,00-0029668,Andrew Luck,QB,IND,2019,0,0,0,0,0,0,0,20.46,0.0,,,,,,,,,0,True
829,00-0027973,Andy Dalton,QB,PHI,2016,16,0,0,0,0,0,0,16.29,0.0,,,,,,57.4,58.0,QB15,0,False
829,00-0027973,Andy Dalton,QB,PHI,2017,16,0,0,0,0,0,0,13.17,0.0,,,,,,54.2,55.0,QB16,0,False
829,00-0027973,Andy Dalton,QB,PHI,2018,11,5,0,0,0,5,1,15.87,79.3,164.5,203.0,QB26,16.79,83.9,108.6,113.0,QB27,1,False
829,00-0027973,Andy Dalton,QB,PHI,2019,13,0,0,0,0,0,0,15.63,0.0,,,,,,118.6,121.0,QB26,0,False
829,00-0027973,Andy Dalton,QB,PHI,2020,11,2,0,0,1,1,1,12.4,24.8,,,,,,,,,0,False
829,00-0027973,Andy Dalton,QB,PHI,2021,8,5,0,0,4,1,2,10.53,52.6,,,,,,,,,1,False
829,00-0027973,Andy Dalton,QB,PHI,2022,14,0,0,0,0,0,0,12.45,0.0,,,,,,,,,0,False
829,00-0027973,Andy Dalton,QB,PHI,2023,2,1,0,0,1,0,1,11.82,11.8,,,,,,,,,0,False
829,00-0027973,Andy Dalton,QB,PHI,2024,6,2,0,0,2,0,1,9.83,19.7,,,,,,,,,0,False
829,00-0027973,Andy Dalton,QB,PHI,2025,4,1,0,0,1,0,1,2.38,2.4,,,,,,,,,0,False
829,00-0027973,Andy Dalton,QB,PHI,2026,1,0,0,0,0,0,0,-2.0,-0.0,,,,,,,,,0,False
9229,00-0039164,Anthony Richardson,QB,IND,2023,4,13,0,0,1,12,3,18.17,236.2,133.2,141.0,QB18,15.72,204.4,53.9,57.0,QB17,2,False
9229,00-0039164,Anthony Richardson,QB,IND,2024,11,5,0,0,5,0,3,14.81,74.0,64.4,69.0,QB8,17.09,85.5,8.9,9.0,QB6,1,False
9229,00-0039164,Anthony Richardson,QB,IND,2025,2,11,0,0,0,11,3,0.83,9.1,,,,,,143.0,168.0,QB33,0,False
9229,00-0039164,Anthony Richardson,QB,IND,2026,0,2,0,0,2,0,2,0.83,1.7,,,,,,,,,0,True
8157,00-0038108,Bailey Zappe,QB,NYJ,2023,10,0,0,0,0,0,0,6.92,0.0,,,,,,,,,0,False
8157,00-0038108,Bailey Zappe,QB,NYJ,2024,1,0,0,0,0,0,0,7.0,0.0,,,,,,,,,0,False
8157,00-0038108,Bailey Zappe,QB,NYJ,2025,0,0,0,0,0,0,0,7.0,0.0,,,,,,,,,0,True
8157,00-0038108,Bailey Zappe,QB,NYJ,2026,0,0,0,0,0,0,0,7.0,0.0,,,,,,,,,0,True
4892,00-0034855,Baker Mayfield,QB,TB,2018,14,0,0,0,0,0,0,17.15,0.0,,,,,,128.8,133.0,QB29,0,False
4892,00-0034855,Baker Mayfield,QB,TB,2019,16,0,0,0,0,0,0,14.32,0.0,66.9,68.0,QB4,18.84,0.0,25.4,25.0,QB4,0,False
4892,00-0034855,Baker Mayfield,QB,TB,2020,16,0,1,0,0,0,1,15.51,0.0,140.8,149.0,QB17,17.55,0.0,61.1,62.0,QB15,0,False
4892,00-0034855,Baker Mayfield,QB,TB,2021,14,3,0,0,1,2,3,12.92,38.8,136.0,148.0,QB18,15.29,45.9,59.2,61.0,QB16,0,False
4892,00-0034855,Baker Mayfield,QB,TB,2022,12,2,0,0,2,0,1,10.12,20.2,,,,,,104.6,108.0,QB27,0,False
4892,00-0034855,Baker Mayfield,QB,TB,2023,17,0,2,0,0,0,2,16.12,0.0,,,,,,135.4,148.0,QB31,0,False
4892,00-0034855,Baker Mayfield,QB,TB,2024,17,0,0,0,0,0,0,21.52,0.0,,,,,,44.4,47.0,QB19,0,False
4892,00-0034855,Baker Mayfield,QB,TB,2025,17,0,2,0,0,0,2,16.0,0.0,50.8,54.0,QB6,18.11,0.0,10.6,12.0,QB7,0,False
4892,00-0034855,Baker Mayfield,QB,TB,2026,3,1,0,0,1,0,1,11.7,11.7,,,,,,36.5,36.0,QB18,0,False
138,00-0022924,Ben Roethlisberger,QB,PIT,2016,14,2,1,0,2,0,3,18.01,36.0,,,,,,21.6,22.0,QB6,0,False
138,00-0022924,Ben Roethlisberger,QB,PIT,2017,15,1,0,0,1,0,1,17.4,17.4,,,,,,37.7,39.0,QB12,0,False
138,00-0022924,Ben Roethlisberger,QB,PIT,2018,16,0,1,0,0,0,1,21.34,0.0,115.0,118.0,QB14,17.57,0.0,52.0,54.0,QB14,0,False
138,00-0022924,Ben Roethlisberger,QB,PIT,2019,2,14,0,0,0,14,2,6.37,89.2,118.0,122.0,QB15,17.57,246.0,57.7,59.0,QB14,0,False
138,00-0022924,Ben Roethlisberger,QB,PIT,2020,15,1,1,0,1,0,2,17.81,17.8,127.8,135.0,QB16,17.73,17.7,88.1,90.0,QB21,0,False
138,00-0022924,Ben Roethlisberger,QB,PIT,2021,16,1,0,0,0,1,1,13.63,13.6,151.2,167.0,QB22,14.59,14.6,72.3,75.0,QB20,0,False
862,00-0027948,Blaine Gabbert,QB,KC,2016,6,1,0,0,1,0,1,12.2,12.2,,,,,,,,,0,False
862,00-0027948,Blaine Gabbert,QB,KC,2017,5,0,0,0,0,0,0,12.33,0.0,,,,,,,,,0,False
862,00-0027948,Blaine Gabbert,QB,KC,2018,8,2,0,0,2,0,1,4.13,8.3,,,,,,,,,1,False
862,00-0027948,Blaine Gabbert,QB,KC,2019,0,16,0,0,3,13,2,4.13,66.1,,,,,,,,,0,True
862,00-0027948,Blaine Gabbert,QB,KC,2020,4,0,0,0,0,0,0,3.83,0.0,,,,,,,,,0,False
862,00-0027948,Blaine Gabbert,QB,KC,2021,6,0,0,0,0,0,0,0.33,0.0,,,,,,,,,0,False
862,00-0027948,Blaine Gabbert,QB,KC,2022,1,0,0,0,0,0,0,5.16,0.0,,,,,,,,,0,False
862,00-0027948,Blaine Gabbert,QB,KC,2023,2,1,0,0,1,0,1,2.95,3.0,,,,,,,,,0,False
1979,00-0031407,Blake Bortles,QB,NO,2016,16,0,0,0,0,0,0,16.91,0.0,,,,,,30.4,32.0,QB9,0,False
1979,00-0031407,Blake Bortles,QB,NO,2017,16,0,0,0,0,0,0,15.61,0.0,,,,,,107.2,116.0,QB26,0,False
1979,00-0031407,Blake Bortles,QB,NO,2018,13,1,0,0,1,0,1,13.32,13.3,,,,,,101.2,106.0,QB25,0,False
1979,00-0031407,Blake Bortles,QB,NO,2019,2,0,0,0,0,0,0,-0.39,-0.0,,,,,,,,,0,False
1979,00-0031407,Blake Bortles,QB,NO,2020,0,0,0,0,0,0,0,-0.39,-0.0,,,,,,,,,0,True
1979,00-0031407,Blake Bortles,QB,NO,2021,0,0,0,0,0,0,0,-0.39,-0.0,,,,,,,,,0,True
11563,00-0039732,Bo Nix,QB,DEN,2024,17,0,0,0,0,0,0,18.63,0.0,,,,,,104.3,109.0,QB30,0,False
11563,00-0039732,Bo Nix,QB,DEN,2025,17,0,0,0,0,0,0,17.93,0.0,64.3,67.0,QB8,17.9,0.0,15.9,16.0,QB8,0,False
11563,00-0039732,Bo Nix,QB,DEN,2026,4,0,0,0,0,0,0,14.31,0.0,,,,,,27.5,28.0,QB15,0,False
2450,00-0031589,Brett Hundley,QB,BAL,2017,11,0,0,0,0,0,0,11.27,0.0,,,,,,,,,0,False
2450,00-0031589,Brett Hundley,QB,BAL,2018,0,0,0,0,0,0,0,11.27,0.0,,,,,,,,,0,True
2450,00-0031589,Brett Hundley,QB,BAL,2019,3,0,0,0,0,0,0,2.02,0.0,,,,,,,,,0,False
2450,00-0031589,Brett Hundley,QB,BAL,2020,0,0,0,0,0,0,0,2.02,0.0,,,,,,,,,0,True
2450,00-0031589,Brett Hundley,QB,BAL,2021,0,0,0,0,0,0,0,2.02,0.0,,,,,,,,,0,True
2450,00-0031589,Brett Hundley,QB,BAL,2022,0,0,0,0,0,0,0,2.02,0.0,,,,,,,,,0,True
345,00-0026625,Brian Hoyer,QB,LV,2016,6,9,0,0,0,9,2,13.27,119.4,,,,,,,,,1,False
345,00-0026625,Brian Hoyer,QB,LV,2017,10,0,0,0,0,0,0,6.39,0.0,,,,,,112.2,121.0,QB27,0,False
345,00-0026625,Brian Hoyer,QB,LV,2018,5,0,0,0,0,0,0,-0.1,-0.0,,,,,,,,,0,False
345,00-0026625,Brian Hoyer,QB,LV,2019,4,0,0,0,0,0,0,5.27,0.0,,,,,,,,,0,False
345,00-0026625,Brian Hoyer,QB,LV,2020,1,0,0,0,0,0,0,2.0,0.0,,,,,,,,,0,False
345,00-0026625,Brian Hoyer,QB,LV,2021,5,0,0,0,0,0,0,2.46,0.0,,,,,,,,,0,False
345,00-0026625,Brian Hoyer,QB,LV,2022,1,13,0,0,0,13,2,1.48,19.2,,,,,,,,,0,False
345,00-0026625,Brian Hoyer,QB,LV,2023,2,1,0,0,1,0,1,2.47,2.5,,,,,,,,,0,False
1126,00-0029682,Brock Osweiler,QB,MIA,2016,15,0,0,0,0,0,0,11.23,0.0,,,,,,115.2,119.0,QB23,0,False
1126,00-0029682,Brock Osweiler,QB,MIA,2017,6,0,0,0,0,0,0,11.32,0.0,,,,,,,,,0,False
1126,00-0029682,Brock Osweiler,QB,MIA,2018,7,2,0,0,2,0,2,9.71,19.4,,,,,,,,,0,False
8183,00-0037834,Brock Purdy,QB,SF,2022,9,0,1,0,0,0,1,11.81,0.0,,,,,,,,,0,False
8183,00-0037834,Brock Purdy,QB,SF,2023,16,0,1,0,0,0,1,18.48,0.0,155.8,174.0,QB22,15.33,0.0,106.1,109.0,QB23,0,False
8183,00-0037834,Brock Purdy,QB,SF,2024,15,2,1,0,2,0,2,17.79,35.6,61.7,64.0,QB7,17.47,34.9,65.1,68.0,QB23,0,False
8183,00-0037834,Brock Purdy,QB,SF,2025,9,8,0,0,8,0,2,19.71,157.7,72.2,74.0,QB9,17.81,142.5,18.2,20.0,QB9,0,False
8183,00-0037834,Brock Purdy,QB,SF,2026,4,0,0,0,0,0,0,25.12,0.0,,,,,,18.1,19.0,QB10,0,False
9228,00-0039150,Bryce Young,QB,CAR,2023,16,1,0,0,1,0,1,9.77,9.8,,,,,,132.4,142.0,QB29,0,False
9228,00-0039150,Bryce Young,QB,CAR,2024,14,0,0,0,0,0,0,13.93,0.0,,,,,,94.7,101.0,QB28,0,False
9228,00-0039150,Bryce Young,QB,CAR,2025,16,1,0,0,1,0,1,13.63,13.6,,,,,,83.2,87.0,QB25,0,False
9228,00-0039150,Bryce Young,QB,CAR,2026,4,0,0,0,0,0,0,22.66,0.0,,,,,,87.2,87.0,QB25,0,False
4127,00-0033936,C.J. Beathard,QB,DET,2017,6,1,0,0,1,0,1,14.8,14.8,,,,,,,,,0,False
4127,00-0033936,C.J. Beathard,QB,DET,2018,5,1,0,0,1,0,1,15.0,15.0,,,,,,,,,0,False
4127,00-0033936,C.J. Beathard,QB,DET,2019,0,0,0,0,0,0,0,15.0,0.0,,,,,,,,,0,True
4127,00-0033936,C.J. Beathard,QB,DET,2020,6,0,0,0,0,0,0,8.71,0.0,,,,,,,,,0,False
4127,00-0033936,C.J. Beathard,QB,DET,2021,2,1,0,0,0,1,1,0.76,0.8,,,,,,,,,0,False
4127,00-0033936,C.J. Beathard,QB,DET,2022,4,0,0,0,0,0,0,-0.25,-0.0,,,,,,,,,0,False
4127,00-0033936,C.J. Beathard,QB,DET,2023,6,3,0,0,3,0,2,3.58,10.7,,,,,,,,,0,False
4127,00-0033936,C.J. Beathard,QB,DET,2024,0,0,0,0,0,0,0,3.58,0.0,,,,,,,,,0,True
4127,00-0033936,C.J. Beathard,QB,DET,2025,0,0,0,0,0,0,0,3.58,0.0,,,,,,,,,0,True
9758,00-0039163,C.J. Stroud,QB,HOU,2023,15,2,1,0,2,0,2,18.37,36.7,,,,,,,,,0,False
9758,00-0039163,C.J. Stroud,QB,HOU,2024,17,0,0,0,0,0,0,12.96,0.0,44.2,46.0,QB5,18.42,0.0,6.4,7.0,QB5,0,False
9758,00-0039163,C.J. Stroud,QB,HOU,2025,14,3,0,0,3,0,1,14.9,44.7,136.9,141.0,QB20,17.21,51.6,52.1,54.0,QB19,1,False
9758,00-0039163,C.J. Stroud,QB,HOU,2026,4,0,0,0,0,0,0,17.06,0.0,,,,,,64.2,62.0,QB22,0,False
11560,00-0039918,Caleb Williams,QB,CHI,2024,17,0,0,0,0,0,0,14.97,0.0,112.9,116.0,QB15,15.33,0.0,25.6,26.0,QB13,0,False
11560,00-0039918,Caleb Williams,QB,CHI,2025,17,0,0,0,0,0,0,18.69,0.0,100.0,99.0,QB13,17.54,0.0,32.9,34.0,QB13,0,False
11560,00-0039918,Caleb Williams,QB,CHI,2026,2,2,0,0,2,0,1,22.49,45.0,,,,,,17.2,18.0,QB9,0,False
954,00-0027939,Cam Newton,QB,CAR,2016,15,1,3,0,1,0,3,16.95,16.9,,,,,,2.9,2.0,QB1,0,False
954,00-0027939,Cam Newton,QB,CAR,2017,16,0,2,0,0,0,2,18.72,0.0,,,,,,31.6,33.0,QB10,0,False
954,00-0027939,Cam Newton,QB,CAR,2018,14,2,0,0,2,0,1,20.19,40.4,68.2,69.0,QB5,18.87,37.7,26.2,27.0,QB6,0,False
954,00-0027939,Cam Newton,QB,CAR,2019,2,14,0,0,6,8,2,8.34,116.8,96.1,97.0,QB10,17.96,251.4,38.3,40.0,QB7,0,False
954,00-0027939,Cam Newton,QB,CAR,2020,15,0,2,0,0,0,1,17.33,0.0,123.9,130.0,QB15,17.93,0.0,100.7,102.0,QB24,0,False
954,00-0027939,Cam Newton,QB,CAR,2021,7,0,0,0,0,0,0,12.34,0.0,,,,,,124.2,131.0,QB31,0,False
12522,00-0040676,Cam Ward,QB,TEN,2025,17,0,0,0,0,0,0,10.98,0.0,,,,,,100.6,104.0,QB27,0,False
12522,00-0040676,Cam Ward,QB,TEN,2026,4,0,0,0,0,0,0,14.19,0.0,,,,,,102.8,103.0,QB27,0,False
91,00-0021429,Carson Palmer,QB,ARI,2016,15,1,1,0,1,0,2,16.21,16.2,,,,,,24.6,25.0,QB7,0,False
91,00-0021429,Carson Palmer,QB,ARI,2017,7,9,0,0,0,9,1,14.62,131.6,,,,,,70.0,71.0,QB19,0,False
3161,00-0032950,Carson Wentz,QB,MIN,2016,16,0,0,0,0,0,0,13.34,0.0,,,,,,,,,0,False
3161,00-0032950,Carson Wentz,QB,MIN,2017,13,3,0,0,0,3,1,21.67,65.0,,,,,,62.0,64.0,QB18,0,False
3161,00-0032950,Carson Wentz,QB,MIN,2018,11,5,0,0,5,0,2,17.56,87.8,82.0,83.0,QB7,18.45,92.2,34.2,35.0,QB7,0,False
3161,00-0032950,Carson Wentz,QB,MIN,2019,16,0,0,0,0,0,0,17.24,0.0,74.4,76.0,QB6,18.45,0.0,31.7,33.0,QB6,0,False
3161,00-0032950,Carson Wentz,QB,MIN,2020,12,0,0,0,0,0,0,16.53,0.0,100.6,106.0,QB12,18.6,0.0,40.2,41.0,QB11,0,False
3161,00-0032950,Carson Wentz,QB,MIN,2021,17,0,2,0,0,0,1,15.18,0.0,171.0,211.0,QB25,14.15,0.0,100.1,104.0,QB26,0,False
3161,00-0032950,Carson Wentz,QB,MIN,2022,8,7,0,0,0,7,1,14.1,98.7,,,,,,100.2,102.0,QB25,0,False
3161,00-0032950,Carson Wentz,QB,MIN,2023,1,0,0,0,0,0,0,26.12,0.0,,,,,,,,,0,False
3161,00-0032950,Carson Wentz,QB,MIN,2024,2,0,0,0,0,0,0,2.36,0.0,,,,,,,,,0,False
3161,00-0032950,Carson Wentz,QB,MIN,2025,5,10,0,0,0,10,1,14.07,140.7,,,,,,,,,0,False
3161,00-0032950,Carson Wentz,QB,MIN,2026,2,0,0,0,0,0,0,12.77,0.0,,,,,,,,,0,False
1737,00-0028986,Case Keenum,QB,CHI,2016,10,0,0,0,0,0,0,11.11,0.0,,,,,,,,,0,False
1737,00-0028986,Case Keenum,QB,CHI,2017,15,0,0,0,0,0,0,15.86,0.0,,,,,,,,,0,False
1737,00-0028986,Case Keenum,QB,CHI,2018,16,0,0,0,0,0,0,13.43,0.0,162.5,195.0,QB23,16.95,0.0,95.7,99.0,QB24,0,False
1737,00-0028986,Case Keenum,QB,CHI,2019,10,2,0,0,2,0,2,10.35,20.7,,,,,,,,,1,False
1737,00-0028986,Case Keenum,QB,CHI,2020,1,0,0,0,0,0,0,1.84,0.0,,,,,,,,,0,False
1737,00-0028986,Case Keenum,QB,CHI,2021,5,1,0,0,0,1,1,5.74,5.7,,,,,,,,,0,False
1737,00-0028986,Case Keenum,QB,CHI,2022,2,0,0,0,0,0,0,0.16,0.0,,,,,,,,,0,False
1737,00-0028986,Case Keenum,QB,CHI,2023,2,1,0,0,1,0,1,4.87,4.9,,,,,,,,,0,False
1737,00-0028986,Case Keenum,QB,CHI,2024,0,17,0,0,0,17,2,4.87,82.8,,,,,,,,,0,True
1737,00-0028986,Case Keenum,QB,CHI,2025,0,0,0,0,0,0,0,4.87,0.0,,,,,,,,,0,True
1737,00-0028986,Case Keenum,QB,CHI,2026,1,0,0,0,0,0,0,24.48,0.0,,,,,,,,,0,False
3205,00-0033104,Cody Kessler,QB,NE,2016,9,3,0,0,3,0,3,8.56,25.7,,,,,,,,,1,False
3205,00-0033104,Cody Kessler,QB,NE,2017,3,0,0,0,0,0,0,0.98,0.0,,,,,,,,,0,False
3205,00-0033104,Cody Kessler,QB,NE,2018,5,1,0,0,1,0,1,7.73,7.7,,,,,,,,,0,False
3205,00-0033104,Cody Kessler,QB,NE,2019,0,1,0,0,1,0,1,7.73,7.7,,,,,,,,,0,True
3205,00-0033104,Cody Kessler,QB,NE,2020,0,0,0,0,0,0,0,7.73,0.0,,,,,,,,,0,True
980,00-0027974,Colin Kaepernick,QB,SF,2016,11,0,0,0,0,0,0,18.22,0.0,,,,,,,,,0,False
4574,00-0033662,Cooper Rush,QB,ATL,2024,12,0,0,0,0,0,0,9.13,0.0,,,,,,,,,0,False
4574,00-0033662,Cooper Rush,QB,ATL,2025,4,0,0,0,0,0,0,0.43,0.0,,,,,,,,,0,False
4574,00-0033662,Cooper Rush,QB,ATL,2026,2,0,0,0,0,0,0,2.58,0.0,,,,,,,,,0,False
3294,00-0033077,Dak Prescott,QB,DAL,2016,16,0,0,0,0,0,0,17.93,0.0,,,,,,138.4,145.0,QB27,0,False
3294,00-0033077,Dak Prescott,QB,DAL,2017,16,0,0,0,0,0,0,16.29,0.0,,,,,,44.8,47.0,QB15,0,False
3294,00-0033077,Dak Prescott,QB,DAL,2018,16,0,0,0,0,0,0,17.87,0.0,154.4,165.0,QB20,17.12,0.0,70.7,73.0,QB20,0,False
3294,00-0033077,Dak Prescott,QB,DAL,2019,16,0,0,0,0,0,0,21.11,0.0,126.7,131.0,QB17,17.45,0.0,68.3,68.0,QB16,0,False
3294,00-0033077,Dak Prescott,QB,DAL,2020,5,10,0,0,0,10,2,27.03,270.3,53.0,56.0,QB3,22.79,227.9,13.7,12.0,QB4,0,False
3294,00-0033077,Dak Prescott,QB,DAL,2021,16,1,0,0,1,0,1,20.04,20.0,59.2,61.0,QB5,19.72,19.7,15.6,17.0,QB6,0,False
3294,00-0033077,Dak Prescott,QB,DAL,2022,12,5,0,0,5,0,1,16.55,82.8,79.2,79.0,QB8,18.06,90.3,28.2,30.0,QB11,0,False
3294,00-0033077,Dak Prescott,QB,DAL,2023,17,0,0,0,0,0,0,20.17,0.0,76.6,81.0,QB10,16.89,0.0,26.8,27.0,QB9,0,False
3294,00-0033077,Dak Prescott,QB,DAL,2024,8,9,0,0,1,8,1,14.56,131.0,56.7,59.0,QB6,17.9,161.1,14.7,15.0,QB9,0,False
3294,00-0033077,Dak Prescott,QB,DAL,2025,17,0,0,0,0,0,0,18.46,0.0,83.9,87.0,QB11,17.66,0.0,23.3,23.0,QB10,0,False
3294,00-0033077,Dak Prescott,QB,DAL,2026,4,0,0,0,0,0,0,20.3,0.0,,,,,,11.3,11.0,QB5,0,False
5870,00-0035710,Daniel Jones,QB,IND,2019,13,2,0,0,2,0,1,16.54,33.1,,,,,,,,,0,False
5870,00-0035710,Daniel Jones,QB,IND,2020,14,2,2,0,2,0,1,12.86,25.7,120.9,126.0,QB14,18.14,36.3,54.0,56.0,QB14,0,False
5870,00-0035710,Daniel Jones,QB,IND,2021,11,6,0,0,3,3,1,15.18,91.1,,,,,,104.2,108.0,QB27,0,False
5870,00-0035710,Daniel Jones,QB,IND,2022,16,0,0,0,0,0,0,18.06,0.0,,,,,,83.3,85.0,QB22,0,False
5870,00-0035710,Daniel Jones,QB,IND,2023,6,11,0,0,3,8,3,9.49,104.4,94.1,98.0,QB13,16.37,180.1,43.0,44.0,QB13,1,False
5870,00-0035710,Daniel Jones,QB,IND,2024,10,0,0,0,0,0,0,13.53,0.0,,,,,,98.7,103.0,QB29,0,False
5870,00-0035710,Daniel Jones,QB,IND,2025,13,4,0,0,0,4,1,17.42,69.7,,,,,,129.8,137.0,QB29,1,False
5870,00-0035710,Daniel Jones,QB,IND,2026,4,0,0,0,0,0,0,9.07,0.0,,,,,,67.9,71.0,QB23,0,False
7585,00-0036898,Davis Mills,QB,HOU,2021,13,0,0,0,0,0,0,12.07,0.0,,,,,,,,,0,False
7585,00-0036898,Davis Mills,QB,HOU,2022,15,0,0,0,0,0,0,12.1,0.0,,,,,,122.5,125.0,QB30,0,False
7585,00-0036898,Davis Mills,QB,HOU,2023,5,0,0,0,0,0,0,3.56,0.0,,,,,,,,,0,False
7585,00-0036898,Davis Mills,QB,HOU,2024,4,1,0,0,1,0,1,2.4,2.4,,,,,,,,,0,False
7585,00-0036898,Davis Mills,QB,HOU,2025,6,0,0,0,0,0,0,11.43,0.0,,,,,,,,,0,False
7585,00-0036898,Davis Mills,QB,HOU,2026,0,0,0,0,0,0,0,11.43,0.0,,,,,,,,,0,True
4026,00-0033899,DeShone Kizer,QB,TEN,2017,15,0,0,0,0,0,0,11.71,0.0,,,,,,125.6,147.0,QB30,0,False
4026,00-0033899,DeShone Kizer,QB,TEN,2018,3,0,0,0,0,0,0,1.79,0.0,,,,,,,,,0,False
4026,00-0033899,DeShone Kizer,QB,TEN,2019,0,0,0,0,0,0,0,1.79,0.0,,,,,,,,,0,True
4026,00-0033899,DeShone Kizer,QB,TEN,2020,0,0,0,0,0,0,0,1.79,0.0,,,,,,,,,0,True
4026,00-0033899,DeShone Kizer,QB,TEN,2021,0,0,0,0,0,0,0,1.79,0.0,,,,,,,,,0,True
2028,00-0031280,Derek Carr,QB,NO,2016,15,1,0,0,1,0,1,17.9,17.9,,,,,,47.7,49.0,QB13,0,False
2028,00-0031280,Derek Carr,QB,NO,2017,15,1,0,0,1,0,1,13.76,13.8,,,,,,24.1,25.0,QB6,0,False
2028,00-0031280,Derek Carr,QB,NO,2018,16,0,0,0,0,0,0,13.52,0.0,146.1,153.0,QB19,17.19,0.0,68.6,69.0,QB19,0,False
2028,00-0031280,Derek Carr,QB,NO,2019,16,0,0,0,0,0,0,15.27,0.0,162.1,181.0,QB23,17.17,0.0,98.6,101.0,QB24,0,False
2028,00-0031280,Derek Carr,QB,NO,2020,16,0,0,0,0,0,0,17.01,0.0,,,,,,104.6,106.0,QB25,0,False
2028,00-0031280,Derek Carr,QB,NO,2021,17,0,0,0,0,0,0,15.12,0.0,,,,,,88.3,91.0,QB24,0,False
2028,00-0031280,Derek Carr,QB,NO,2022,15,1,0,0,1,0,1,14.61,14.6,102.8,100.0,QB13,17.05,17.1,35.9,38.0,QB14,0,False
2028,00-0031280,Derek Carr,QB,NO,2023,17,0,3,0,0,0,2,14.18,0.0,148.7,160.0,QB20,15.51,0.0,66.0,67.0,QB18,0,False
2028,00-0031280,Derek Carr,QB,NO,2024,10,7,0,0,7,0,2,15.09,105.6,,,,,,74.5,78.0,QB25,0,False
2028,00-0031280,Derek Carr,QB,NO,2025,0,0,0,0,0,0,0,15.09,0.0,,,,,,,,,0,True
4017,00-0033537,Deshaun Watson,QB,CLE,2017,7,9,0,0,0,9,1,24.12,217.1,,,,,,115.6,126.0,QB28,0,False
4017,00-0033537,Deshaun Watson,QB,CLE,2018,16,0,1,0,0,0,1,20.73,0.0,50.4,51.0,QB2,20.03,0.0,15.7,16.0,QB2,0,False
4017,00-0033537,Deshaun Watson,QB,CLE,2019,15,1,0,0,1,0,1,21.37,21.4,46.3,48.0,QB2,19.5,19.5,13.1,14.0,QB2,0,False
4017,00-0033537,Deshaun Watson,QB,CLE,2020,16,0,0,0,0,0,0,23.08,0.0,66.9,68.0,QB6,20.7,0.0,20.0,21.0,QB6,0,False
4017,00-0033537,Deshaun Watson,QB,CLE,2021,0,17,0,0,17,0,2,14.76,250.9,148.2,161.0,QB21,14.76,250.9,87.4,89.0,QB23,0,True
4017,00-0033537,Deshaun Watson,QB,CLE,2022,6,11,0,0,0,11,2,14.26,156.9,,,,,,91.5,97.0,QB24,0,False
4017,00-0033537,Deshaun Watson,QB,CLE,2023,6,11,1,0,3,8,3,14.47,159.2,71.3,75.0,QB9,17.09,188.0,43.5,45.0,QB14,1,False
4017,00-0033537,Deshaun Watson,QB,CLE,2024,7,10,0,0,0,10,2,10.96,109.6,159.0,163.0,QB21,14.38,143.8,42.5,43.0,QB18,1,False
4017,00-0033537,Deshaun Watson,QB,CLE,2025,0,17,0,0,0,17,3,10.96,186.3,,,,,,,,,0,True
4017,00-0033537,Deshaun Watson,QB,CLE,2026,4,0,0,0,0,0,0,16.73,0.0,,,,,,138.0,147.0,QB33,0,False
8159,00-0038122,Desmond Ridder,QB,GB,2023,15,1,0,0,1,0,1,11.78,11.8,,,,,,134.0,146.0,QB30,1,False
8159,00-0038122,Desmond Ridder,QB,GB,2024,5,1,0,0,1,0,1,4.38,4.4,,,,,,,,,0,False
8159,00-0038122,Desmond Ridder,QB,GB,2025,0,0,0,0,0,0,0,4.38,0.0,,,,,,,,,0,True
12486,00-0040704,Dillon Gabriel,QB,CLE,2025,10,3,0,0,3,0,2,7.01,21.0,,,,,,,,,0,False
12486,00-0040704,Dillon Gabriel,QB,CLE,2026,0,4,0,0,0,4,1,7.01,28.0,,,,,,,,,0,True
11564,00-0039851,Drake Maye,QB,NE,2024,13,0,2,0,0,0,2,13.63,0.0,,,,,,147.7,166.0,QB35,1,False
11564,00-0039851,Drake Maye,QB,NE,2025,17,0,0,0,0,0,0,20.67,0.0,108.8,108.0,QB15,17.43,0.0,40.4,40.0,QB16,0,False
11564,00-0039851,Drake Maye,QB,NE,2026,4,0,0,0,0,0,0,11.94,0.0,,,,,,5.1,4.0,QB2,0,False
289,00-0020531,Drew Brees,QB,NO,2016,16,0,0,0,0,0,0,20.77,0.0,,,,,,14.3,15.0,QB5,0,False
289,00-0020531,Drew Brees,QB,NO,2017,16,0,0,0,0,0,0,16.41,0.0,,,,,,7.7,8.0,QB3,0,False
289,00-0020531,Drew Brees,QB,NO,2018,15,0,0,0,0,0,0,20.3,0.0,70.7,73.0,QB6,18.64,0.0,26.1,26.0,QB5,0,False
289,00-0020531,Drew Brees,QB,NO,2019,11,5,1,0,5,0,1,20.43,102.2,79.5,81.0,QB7,18.3,91.5,40.9,43.0,QB8,1,False
289,00-0020531,Drew Brees,QB,NO,2020,12,4,0,0,0,4,1,17.46,69.8,88.8,91.0,QB9,19.47,77.9,28.9,29.0,QB7,1,False
289,00-0020531,Drew Brees,QB,NO,2021,0,0,0,0,0,0,0,17.46,0.0,,,,,,,,,0,True
5854,00-0035704,Drew Lock,QB,SEA,2019,5,11,0,0,0,11,2,13.6,149.6,,,,,,,,,0,False
5854,00-0035704,Drew Lock,QB,SEA,2020,13,3,2,0,3,0,3,13.95,41.8,163.6,189.0,QB24,16.51,49.5,89.7,93.0,QB22,1,False
5854,00-0035704,Drew Lock,QB,SEA,2021,6,1,0,0,0,1,1,8.56,8.6,,,,,,,,,0,False
5854,00-0035704,Drew Lock,QB,SEA,2022,0,0,0,0,0,0,0,8.56,0.0,,,,,,,,,0,True
5854,00-0035704,Drew Lock,QB,SEA,2023,4,1,0,0,1,0,1,7.28,7.3,,,,,,,,,0,False
5854,00-0035704,Drew Lock,QB,SEA,2024,7,2,0,0,2,0,2,11.45,22.9,,,,,,,,,0,False
5854,00-0035704,Drew Lock,QB,SEA,2025,3,0,0,0,0,0,0,0.03,0.0,,,,,,,,,0,False
5854,00-0035704,Drew Lock,QB,SEA,2026,2,0,0,0,0,0,0,17.09,0.0,,,,,,,,,0,False
5845,00-0035232,Dwayne Haskins,QB,PIT,2019,9,1,0,0,1,0,1,8.52,8.5,,,,,,,,,0,False
5845,00-0035232,Dwayne Haskins,QB,PIT,2020,7,1,0,0,1,0,1,9.74,9.7,,,,,,134.1,138.0,QB29,0,False
5845,00-0035232,Dwayne Haskins,QB,PIT,2021,0,0,0,0,0,0,0,9.74,0.0,,,,,,,,,0,True
6185,00-0035282,Easton Stick,QB,TB,2023,5,0,0,0,0,0,0,13.51,0.0,,,,,,,,,0,False
6185,00-0035282,Easton Stick,QB,TB,2024,0,0,0,0,0,0,0,13.51,0.0,,,,,,,,,0,True
6185,00-0035282,Easton Stick,QB,TB,2025,0,1,0,0,1,0,1,13.51,13.5,,,,,,,,,0,True
6185,00-0035282,Easton Stick,QB,TB,2026,0,0,0,0,0,0,0,13.51,0.0,,,,,,,,,0,True
188,00-0022803,Eli Manning,QB,NYG,2016,16,0,0,0,0,0,0,14.01,0.0,,,,,,34.3,36.0,QB10,0,False
188,00-0022803,Eli Manning,QB,NYG,2017,15,0,0,0,0,0,0,12.49,0.0,,,,,,55.7,56.0,QB17,0,False
188,00-0022803,Eli Manning,QB,NYG,2018,16,0,0,0,0,0,0,15.0,0.0,163.7,200.0,QB25,16.84,0.0,85.5,87.0,QB22,0,False
188,00-0022803,Eli Manning,QB,NYG,2019,4,0,0,0,0,0,0,13.6,0.0,,,,,,,,,0,False
13269,00-0041562,Fernando Mendoza,QB,LV,2026,0,0,0,0,0,0,0,17.0,0.0,,,,,,130.5,136.0,QB31,0,True
6011,00-0035289,Gardner Minshew,QB,ARI,2019,14,0,1,0,0,0,1,16.37,0.0,,,,,,,,,0,False
6011,00-0035289,Gardner Minshew,QB,ARI,2020,9,4,0,0,4,0,1,17.8,71.2,155.8,173.0,QB20,17.06,68.2,92.2,95.0,QB23,0,False
6011,00-0035289,Gardner Minshew,QB,ARI,2021,3,0,0,0,0,0,0,11.22,0.0,,,,,,,,,0,False
6011,00-0035289,Gardner Minshew,QB,ARI,2022,5,0,0,0,0,0,0,7.36,0.0,,,,,,,,,0,False
6011,00-0035289,Gardner Minshew,QB,ARI,2023,16,0,0,0,0,0,0,12.26,0.0,,,,,,,,,0,False
6011,00-0035289,Gardner Minshew,QB,ARI,2024,10,6,0,0,0,6,1,9.63,57.8,,,,,,113.8,118.0,QB31,0,False
6011,00-0035289,Gardner Minshew,QB,ARI,2025,4,2,0,0,0,2,1,-0.08,-0.2,,,,,,,,,0,False
6011,00-0035289,Gardner Minshew,QB,ARI,2026,0,0,0,0,0,0,0,-0.08,-0.0,,,,,,,,,0,True
1373,00-0030565,Geno Smith,QB,NYJ,2022,17,0,0,0,0,0,0,17.88,0.0,,,,,,148.8,170.0,QB35,0,False
1373,00-0030565,Geno Smith,QB,NYJ,2023,15,2,1,0,2,0,2,15.12,30.2,104.1,108.0,QB15,16.08,32.2,66.8,68.0,QB19,0,False
1373,00-0030565,Geno Smith,QB,NYJ,2024,17,0,0,0,0,0,0,15.65,0.0,159.4,164.0,QB22,14.25,0.0,50.9,52.0,QB20,0,False
1373,00-0030565,Geno Smith,QB,NYJ,2025,15,2,0,0,2,0,2,11.59,23.2,,,,,,70.1,75.0,QB22,0,False
1373,00-0030565,Geno Smith,QB,NYJ,2026,4,0,0,0,0,0,0,14.92,0.0,,,,,,104.3,106.0,QB28,0,False
11565,00-0039923,J.J. McCarthy,QB,NYG,2024,0,17,0,0,0,17,2,12.54,213.2,,,,,,69.0,73.0,QB24,0,True
11565,00-0039923,J.J. McCarthy,QB,NYG,2025,10,7,0,0,7,0,4,12.54,87.8,105.7,106.0,QB14,17.48,122.4,37.6,37.0,QB14,0,False
11565,00-0039923,J.J. McCarthy,QB,NYG,2026,0,0,0,0,0,0,0,12.54,0.0,,,,,,,,,0,True
3257,00-0033119,Jacoby Brissett,QB,ARI,2017,16,0,0,0,0,0,0,12.87,0.0,,,,,,,,,0,False
3257,00-0033119,Jacoby Brissett,QB,ARI,2018,4,0,0,0,0,0,0,-0.16,-0.0,,,,,,,,,0,False
3257,00-0033119,Jacoby Brissett,QB,ARI,2019,15,1,0,0,1,0,1,14.48,14.5,,,,,,122.4,128.0,QB27,1,False
3257,00-0033119,Jacoby Brissett,QB,ARI,2020,11,0,0,0,0,0,0,1.87,0.0,,,,,,,,,0,False
3257,00-0033119,Jacoby Brissett,QB,ARI,2021,10,3,1,0,3,0,2,7.23,21.7,,,,,,,,,1,False
3257,00-0033119,Jacoby Brissett,QB,ARI,2022,14,0,0,0,0,0,0,12.04,0.0,,,,,,148.3,167.0,QB34,0,False
3257,00-0033119,Jacoby Brissett,QB,ARI,2023,2,2,0,0,2,0,1,11.43,22.9,,,,,,,,,0,False
3257,00-0033119,Jacoby Brissett,QB,ARI,2024,7,0,0,0,0,0,0,6.46,0.0,,,,,,146.8,162.0,QB34,0,False
3257,00-0033119,Jacoby Brissett,QB,ARI,2025,14,0,0,0,0,0,0,16.25,0.0,,,,,,,,,0,False
3257,00-0033119,Jacoby Brissett,QB,ARI,2026,4,0,0,0,0,0,0,14.76,0.0,,,,,,99.1,100.0,QB26,0,False
6111,00-0035100,Jake Browning,QB,CIN,2023,9,0,0,0,0,0,0,15.99,0.0,,,,,,,,,0,False
6111,00-0035100,Jake Browning,QB,CIN,2024,2,0,0,0,0,0,0,-0.1,-0.0,,,,,,,,,0,False
6111,00-0035100,Jake Browning,QB,CIN,2025,5,0,0,0,0,0,0,9.75,0.0,,,,,,,,,0,False
6904,00-0036389,Jalen Hurts,QB,PHI,2020,14,0,0,0,0,0,0,7.76,0.0,,,,,,,,,0,False
6904,00-0036389,Jalen Hurts,QB,PHI,2021,15,2,0,0,2,0,2,20.81,41.6,95.1,98.0,QB12,16.69,33.4,38.8,41.0,QB12,0,False
6904,00-0036389,Jalen Hurts,QB,PHI,2022,15,2,1,0,2,0,1,25.2,50.4,57.6,59.0,QB6,18.65,37.3,14.5,16.0,QB7,0,False
6904,00-0036389,Jalen Hurts,QB,PHI,2023,17,0,0,0,0,0,0,20.99,0.0,25.7,26.0,QB3,19.27,0.0,3.3,4.0,QB3,0,False
6904,00-0036389,Jalen Hurts,QB,PHI,2024,15,2,0,0,2,0,1,21.01,42.0,33.9,37.0,QB2,20.99,42.0,1.9,2.0,QB2,1,False
6904,00-0036389,Jalen Hurts,QB,PHI,2025,16,0,0,0,0,0,0,18.82,0.0,33.7,36.0,QB5,18.25,0.0,5.7,6.0,QB5,0,False
6904,00-0036389,Jalen Hurts,QB,PHI,2026,4,0,0,0,0,0,0,16.76,0.0,73.4,36.0,QB2,20.94,0.0,15.5,16.0,QB8,0,False
2306,00-0031503,Jameis Winston,QB,NYG,2016,16,0,0,0,0,0,0,16.01,0.0,,,,,,60.5,62.0,QB16,0,False
2306,00-0031503,Jameis Winston,QB,NYG,2017,13,3,4,0,3,0,1,15.51,46.5,,,,,,33.8,36.0,QB11,2,False
2306,00-0031503,Jameis Winston,QB,NYG,2018,11,0,0,0,0,0,0,17.8,0.0,157.0,171.0,QB21,17.06,0.0,80.4,82.0,QB21,0,False
2306,00-0031503,Jameis Winston,QB,NYG,2019,16,0,3,0,0,0,1,19.09,0.0,105.3,111.0,QB12,17.79,0.0,52.3,53.0,QB11,0,False
2306,00-0031503,Jameis Winston,QB,NYG,2020,3,0,0,0,0,0,0,0.8,0.0,,,,,,,,,0,False
2306,00-0031503,Jameis Winston,QB,NYG,2021,7,10,0,0,0,10,1,16.77,167.7,143.8,154.0,QB19,15.1,151.0,91.3,95.0,QB25,1,False
2306,00-0031503,Jameis Winston,QB,NYG,2022,3,5,2,0,5,0,1,14.64,73.2,,,,,,60.6,63.0,QB19,0,False
2306,00-0031503,Jameis Winston,QB,NYG,2023,6,0,0,0,0,0,0,1.99,0.0,,,,,,,,,0,False
2306,00-0031503,Jameis Winston,QB,NYG,2024,11,3,0,0,3,0,1,11.92,35.8,,,,,,,,,0,False
2306,00-0031503,Jameis Winston,QB,NYG,2025,3,0,0,0,0,0,0,14.26,0.0,,,,,,,,,0,False
2306,00-0031503,Jameis Winston,QB,NYG,2026,3,0,0,0,0,0,0,8.89,0.0,,,,,,,,,0,False
3163,00-0033106,Jared Goff,QB,DET,2017,15,0,0,0,0,0,0,17.02,0.0,,,,,,122.9,136.0,QB29,0,False
3163,00-0033106,Jared Goff,QB,DET,2018,16,0,0,0,0,0,0,19.39,0.0,128.0,133.0,QB16,17.41,0.0,55.6,58.0,QB15,0,False
3163,00-0033106,Jared Goff,QB,DET,2019,16,0,0,0,0,0,0,15.47,0.0,83.5,86.0,QB8,18.17,0.0,46.0,48.0,QB10,0,False
3163,00-0033106,Jared Goff,QB,DET,2020,15,1,0,0,1,0,1,16.0,16.0,146.3,154.0,QB19,17.21,17.2,65.7,68.0,QB16,0,False
3163,00-0033106,Jared Goff,QB,DET,2021,14,3,2,0,2,1,3,13.89,41.7,,,,,,130.9,140.0,QB33,0,False
3163,00-0033106,Jared Goff,QB,DET,2022,17,0,0,0,0,0,0,16.7,0.0,,,,,,103.8,107.0,QB26,0,False
3163,00-0033106,Jared Goff,QB,DET,2023,17,0,0,0,0,0,0,17.01,0.0,120.7,125.0,QB16,15.96,0.0,52.2,54.0,QB16,0,False
3163,00-0033106,Jared Goff,QB,DET,2024,17,0,0,0,0,0,0,19.06,0.0,92.3,97.0,QB13,15.73,0.0,63.4,64.0,QB22,0,False
3163,00-0033106,Jared Goff,QB,DET,2025,17,0,0,0,0,0,0,17.47,0.0,97.6,97.0,QB12,17.6,0.0,30.7,31.0,QB12,0,False
3163,00-0033106,Jared Goff,QB,DET,2026,4,0,0,0,0,0,0,21.52,0.0,,,,,,23.1,22.0,QB12,0,False
12508,00-0040691,Jaxson Dart,QB,NYG,2025,14,2,0,0,2,0,1,17.26,34.5,,,,,,139.5,157.0,QB32,0,False
12508,00-0040691,Jaxson Dart,QB,NYG,2026,2,2,0,0,0,2,1,13.7,27.4,,,,,,29.6,30.0,QB16,0,False
416,00-0024226,Jay Cutler,QB,MIA,2016,5,11,0,0,7,4,2,9.35,102.8,,,,,,116.6,120.0,QB24,0,False
416,00-0024226,Jay Cutler,QB,MIA,2017,14,2,1,0,2,0,2,11.27,22.5,,,,,,92.8,98.0,QB23,1,False
11566,00-0039910,Jayden Daniels,QB,WAS,2024,17,0,1,0,0,0,1,20.93,0.0,116.7,121.0,QB17,14.97,0.0,33.0,35.0,QB17,1,False
11566,00-0039910,Jayden Daniels,QB,WAS,2025,7,10,0,0,10,0,5,16.33,163.3,27.4,27.0,QB3,18.63,186.3,4.1,4.0,QB4,0,False
11566,00-0039910,Jayden Daniels,QB,WAS,2026,2,2,0,0,2,0,1,16.2,32.4,,,,,,14.2,15.0,QB7,0,False
3362,00-0032436,Jeff Driskel,QB,WAS,2018,8,0,0,0,0,0,0,10.64,0.0,,,,,,,,,0,False
3362,00-0032436,Jeff Driskel,QB,WAS,2019,3,6,0,0,1,5,2,19.2,115.2,,,,,,,,,0,False
3362,00-0032436,Jeff Driskel,QB,WAS,2020,3,3,0,0,0,3,1,10.03,30.1,,,,,,,,,0,False
3362,00-0032436,Jeff Driskel,QB,WAS,2021,0,3,0,0,0,3,1,10.03,30.1,,,,,,,,,0,True
3362,00-0032436,Jeff Driskel,QB,WAS,2022,7,0,0,0,0,0,0,2.39,0.0,,,,,,,,,0,False
3362,00-0032436,Jeff Driskel,QB,WAS,2023,1,0,0,0,0,0,0,13.94,0.0,,,,,,,,,0,False
3362,00-0032436,Jeff Driskel,QB,WAS,2024,0,0,0,0,0,0,0,13.94,0.0,,,,,,,,,0,True
3362,00-0032436,Jeff Driskel,QB,WAS,2025,0,0,0,0,0,0,0,13.94,0.0,,,,,,,,,0,True
1837,00-0031345,Jimmy Garoppolo,QB,LAR,2017,6,0,0,0,0,0,0,14.57,0.0,,,,,,140.9,201.0,QB35,0,False
1837,00-0031345,Jimmy Garoppolo,QB,LAR,2018,3,13,0,0,0,13,2,16.01,208.1,102.6,106.0,QB11,17.88,232.4,40.4,41.0,QB10,0,False
1837,00-0031345,Jimmy Garoppolo,QB,LAR,2019,16,0,0,0,0,0,0,15.46,0.0,155.1,166.0,QB21,17.25,0.0,87.5,89.0,QB21,0,False
1837,00-0031345,Jimmy Garoppolo,QB,LAR,2020,6,10,0,0,2,8,3,10.72,107.2,,,,,,68.6,71.0,QB17,0,False
1837,00-0031345,Jimmy Garoppolo,QB,LAR,2021,15,2,1,0,2,0,2,15.17,30.3,,,,,,140.0,157.0,QB34,1,False
1837,00-0031345,Jimmy Garoppolo,QB,LAR,2022,11,6,0,0,6,0,2,14.98,89.9,,,,,,148.3,166.0,QB33,1,False
1837,00-0031345,Jimmy Garoppolo,QB,LAR,2023,7,2,0,0,2,0,2,9.16,18.3,,,,,,112.1,117.0,QB25,0,False
1837,00-0031345,Jimmy Garoppolo,QB,LAR,2024,1,2,0,0,0,2,1,19.86,39.7,,,,,,,,,0,False
1837,00-0031345,Jimmy Garoppolo,QB,LAR,2025,3,0,0,0,0,0,0,-0.33,-0.0,,,,,,,,,0,False
6770,00-0036442,Joe Burrow,QB,CIN,2020,10,6,0,0,0,6,1,17.37,104.2,143.8,151.0,QB18,17.38,104.3,106.5,111.0,QB26,0,False
6770,00-0036442,Joe Burrow,QB,CIN,2021,16,1,0,0,1,0,1,19.64,19.6,110.2,115.0,QB13,16.41,16.4,43.8,44.0,QB13,0,False
6770,00-0036442,Joe Burrow,QB,CIN,2022,16,0,0,0,0,0,0,21.92,0.0,,,,,,11.9,13.0,QB5,0,False
6770,00-0036442,Joe Burrow,QB,CIN,2023,10,7,1,0,0,7,2,14.72,103.0,40.9,42.0,QB5,18.26,127.8,7.2,7.0,QB4,1,False
6770,00-0036442,Joe Burrow,QB,CIN,2024,17,0,0,0,0,0,0,21.93,0.0,81.0,83.0,QB11,16.2,0.0,9.7,11.0,QB7,0,False
6770,00-0036442,Joe Burrow,QB,CIN,2025,8,9,0,0,0,9,2,16.81,151.3,28.0,28.0,QB4,18.41,165.7,3.0,3.0,QB3,1,False
6770,00-0036442,Joe Burrow,QB,CIN,2026,4,0,1,0,0,0,1,19.16,0.0,,,,,,6.1,7.0,QB4,0,False
19,00-0026158,Joe Flacco,QB,CIN,2016,16,0,1,0,0,0,1,15.16,0.0,,,,,,109.0,111.0,QB22,0,False
19,00-0026158,Joe Flacco,QB,CIN,2017,16,0,1,0,0,0,1,11.56,0.0,,,,,,87.6,90.0,QB21,1,False
19,00-0026158,Joe Flacco,QB,CIN,2018,9,5,0,0,5,0,2,15.23,76.2,,,,,,130.1,135.0,QB30,0,False
19,00-0026158,Joe Flacco,QB,CIN,2019,8,8,0,0,0,8,2,10.61,84.9,,,,,,130.9,145.0,QB29,0,False
19,00-0026158,Joe Flacco,QB,CIN,2020,5,3,0,0,3,0,1,10.95,32.8,,,,,,,,,0,False
19,00-0026158,Joe Flacco,QB,CIN,2021,2,3,0,0,1,2,3,11.91,35.7,,,,,,,,,0,False
19,00-0026158,Joe Flacco,QB,CIN,2022,5,0,0,0,0,0,0,9.67,0.0,,,,,,,,,0,False
19,00-0026158,Joe Flacco,QB,CIN,2023,5,1,0,0,1,0,1,20.17,20.2,,,,,,,,,0,False
19,00-0026158,Joe Flacco,QB,CIN,2024,7,0,0,0,0,0,0,14.15,0.0,,,,,,151.8,175.0,QB36,0,False
19,00-0026158,Joe Flacco,QB,CIN,2025,13,1,1,0,1,0,2,11.28,11.3,,,,,,135.0,148.0,QB31,0,False
19,00-0026158,Joe Flacco,QB,CIN,2026,0,0,0,0,0,0,0,11.28,0.0,,,,,,,,,0,True
6804,00-0036264,Jordan Love,QB,GB,2023,17,0,0,0,0,0,0,18.77,0.0,158.2,177.0,QB23,15.24,0.0,110.1,114.0,QB24,0,False
6804,00-0036264,Jordan Love,QB,GB,2024,15,2,2,0,2,0,2,15.59,31.2,78.7,81.0,QB10,16.47,32.9,12.5,13.0,QB8,0,False
6804,00-0036264,Jordan Love,QB,GB,2025,15,2,0,0,2,0,1,15.68,31.4,122.4,124.0,QB19,17.25,34.5,48.2,49.0,QB18,1,False
6804,00-0036264,Jordan Love,QB,GB,2026,4,0,0,0,0,0,0,16.21,0.0,129.8,49.0,QB5,19.03,0.0,42.5,44.0,QB19,0,False
4984,00-0034857,Josh Allen,QB,BUF,2018,12,4,0,0,4,0,1,17.24,69.0,,,,,,158.2,176.0,QB34,0,False
4984,00-0034857,Josh Allen,QB,BUF,2019,16,0,1,0,0,0,1,18.04,0.0,135.5,143.0,QB19,17.35,0.0,83.2,85.0,QB20,0,False
4984,00-0034857,Josh Allen,QB,BUF,2020,16,0,0,0,0,0,0,24.72,0.0,92.7,95.0,QB10,19.15,0.0,33.9,35.0,QB9,0,False
4984,00-0034857,Josh Allen,QB,BUF,2021,17,0,0,0,0,0,0,23.68,0.0,34.6,36.0,QB2,22.89,0.0,4.7,5.0,QB2,0,False
4984,00-0034857,Josh Allen,QB,BUF,2022,16,0,1,0,0,0,1,24.72,0.0,21.7,22.0,QB1,22.38,0.0,1.5,1.0,QB1,0,False
4984,00-0034857,Josh Allen,QB,BUF,2023,17,0,0,0,0,0,0,23.1,0.0,25.1,24.0,QB2,20.07,0.0,2.7,3.0,QB2,0,False
4984,00-0034857,Josh Allen,QB,BUF,2024,16,1,0,0,1,0,1,23.69,23.7,27.3,28.0,QB1,22.94,22.9,1.6,1.0,QB1,0,False
4984,00-0034857,Josh Allen,QB,BUF,2025,16,1,0,0,1,0,1,22.79,22.8,23.1,24.0,QB2,18.93,18.9,1.8,2.0,QB2,0,False
4984,00-0034857,Josh Allen,QB,BUF,2026,4,0,0,0,0,0,0,27.99,0.0,29.0,19.0,QB1,22.38,0.0,1.9,2.0,QB1,0,False
208,00-0021206,Josh McCown,QB,HOU,2017,13,3,0,0,0,3,1,15.8,47.4,,,,,,,,,0,False
208,00-0021206,Josh McCown,QB,HOU,2018,4,0,0,0,0,0,0,5.19,0.0,,,,,,,,,0,False
208,00-0021206,Josh McCown,QB,HOU,2019,2,0,0,0,0,0,0,0.38,0.0,,,,,,,,,0,False
208,00-0021206,Josh McCown,QB,HOU,2020,0,2,0,0,2,0,2,0.38,0.8,,,,,,,,,0,True
4863,00-0034343,Josh Rosen,QB,MIN,2018,14,0,0,0,0,0,0,8.07,0.0,,,,,,161.7,186.0,QB37,0,False
4863,00-0034343,Josh Rosen,QB,MIN,2019,5,2,0,0,2,0,2,3.6,7.2,,,,,,,,,0,False
4863,00-0034343,Josh Rosen,QB,MIN,2020,0,0,0,0,0,0,0,3.6,0.0,,,,,,,,,0,True
4863,00-0034343,Josh Rosen,QB,MIN,2021,3,0,0,0,0,0,0,-1.08,-0.0,,,,,,,,,0,False
4863,00-0034343,Josh Rosen,QB,MIN,2022,0,0,0,0,0,0,0,-1.08,-0.0,,,,,,,,,0,True
4179,00-0033949,Joshua Dobbs,QB,DET,2023,13,0,0,0,0,0,0,15.44,0.0,,,,,,,,,0,False
4179,00-0033949,Joshua Dobbs,QB,DET,2024,2,0,0,0,0,0,0,15.42,0.0,,,,,,,,,0,False
4179,00-0033949,Joshua Dobbs,QB,DET,2025,4,0,0,0,0,0,0,0.52,0.0,,,,,,,,,0,False
4179,00-0033949,Joshua Dobbs,QB,DET,2026,0,0,0,0,0,0,0,0.52,0.0,,,,,,,,,0,True
7591,00-0036945,Justin Fields,QB,KC,2021,12,5,0,0,4,1,2,10.57,52.9,132.0,139.0,QB17,15.49,77.5,73.5,76.0,QB21,0,False
7591,00-0036945,Justin Fields,QB,KC,2022,15,2,0,0,2,0,2,19.73,39.5,136.3,117.0,QB15,16.75,33.5,64.2,67.0,QB20,0,False
7591,00-0036945,Justin Fields,QB,KC,2023,13,4,0,0,4,0,1,17.71,70.8,47.7,49.0,QB7,17.59,70.4,13.6,13.0,QB7,0,False
7591,00-0036945,Justin Fields,QB,KC,2024,10,5,0,0,5,0,3,11.91,59.5,,,,,,126.6,131.0,QB32,0,False
7591,00-0036945,Justin Fields,QB,KC,2025,9,6,0,0,4,2,2,15.85,95.1,114.8,112.0,QB17,17.34,104.0,40.1,39.0,QB15,0,False
7591,00-0036945,Justin Fields,QB,KC,2026,0,0,0,0,0,0,0,15.85,0.0,,,,,,,,,0,True
6797,00-0036355,Justin Herbert,QB,LAC,2020,15,0,0,0,0,0,0,22.19,0.0,,,,,,155.4,168.0,QB33,0,False
6797,00-0036355,Justin Herbert,QB,LAC,2021,17,0,0,0,0,0,0,22.4,0.0,61.2,63.0,QB6,19.09,0.0,21.5,23.0,QB8,0,False
6797,00-0036355,Justin Herbert,QB,LAC,2022,17,0,1,0,0,0,1,16.49,0.0,33.9,34.0,QB2,20.94,0.0,2.6,3.0,QB2,0,False
6797,00-0036355,Justin Herbert,QB,LAC,2023,13,4,0,0,0,4,1,17.97,71.9,44.9,45.0,QB6,17.9,71.6,11.3,12.0,QB6,1,False
6797,00-0036355,Justin Herbert,QB,LAC,2024,17,0,2,0,0,0,1,16.79,0.0,103.6,107.0,QB14,15.52,0.0,22.4,23.0,QB12,0,False
6797,00-0036355,Justin Herbert,QB,LAC,2025,16,1,1,0,1,0,2,17.93,17.9,111.1,109.0,QB16,17.38,17.4,43.5,44.0,QB17,0,False
6797,00-0036355,Justin Herbert,QB,LAC,2026,4,0,0,0,0,0,0,10.86,0.0,115.2,46.0,QB4,19.5,0.0,24.2,24.0,QB13,0,False
8160,00-0038102,Kenny Pickett,QB,CAR,2022,13,1,0,0,1,0,1,11.53,11.5,,,,,,135.9,147.0,QB32,1,False
8160,00-0038102,Kenny Pickett,QB,CAR,2023,12,5,0,0,5,0,1,9.18,45.9,160.2,180.0,QB24,15.15,75.8,97.3,100.0,QB22,1,False
8160,00-0038102,Kenny Pickett,QB,CAR,2024,5,1,0,0,1,0,1,5.03,5.0,,,,,,,,,0,False
8160,00-0038102,Kenny Pickett,QB,CAR,2025,6,1,0,0,1,0,1,1.29,1.3,,,,,,,,,0,False
8160,00-0038102,Kenny Pickett,QB,CAR,2026,2,0,0,0,0,0,0,1.0,0.0,,,,,,,,,0,False
1166,00-0029604,Kirk Cousins,QB,LV,2016,16,0,0,0,0,0,0,18.77,0.0,,,,,,61.9,63.0,QB17,0,False
1166,00-0029604,Kirk Cousins,QB,LV,2017,16,0,0,0,0,0,0,17.35,0.0,,,,,,27.1,27.0,QB7,0,False
1166,00-0029604,Kirk Cousins,QB,LV,2018,16,0,0,0,0,0,0,17.66,0.0,89.1,91.0,QB9,18.13,0.0,35.6,37.0,QB8,0,False
1166,00-0029604,Kirk Cousins,QB,LV,2019,15,0,0,0,0,0,0,16.29,0.0,133.4,139.0,QB18,17.4,0.0,76.5,79.0,QB19,0,False
1166,00-0029604,Kirk Cousins,QB,LV,2020,16,0,0,0,0,0,0,19.14,0.0,159.5,183.0,QB22,16.77,0.0,79.6,80.0,QB19,0,False
1166,00-0029604,Kirk Cousins,QB,LV,2021,16,1,0,0,0,1,1,18.77,18.8,154.1,172.0,QB23,14.44,14.4,63.1,65.0,QB17,0,False
1166,00-0029604,Kirk Cousins,QB,LV,2022,17,0,0,0,0,0,0,17.15,0.0,107.4,102.0,QB14,16.89,0.0,39.4,40.0,QB15,0,False
1166,00-0029604,Kirk Cousins,QB,LV,2023,8,9,0,0,0,9,2,18.72,168.5,90.6,93.0,QB12,16.53,148.8,37.7,39.0,QB12,0,False
1166,00-0029604,Kirk Cousins,QB,LV,2024,14,0,0,0,0,0,0,12.59,0.0,129.4,134.0,QB19,14.66,0.0,32.4,33.0,QB16,0,False
1166,00-0029604,Kirk Cousins,QB,LV,2025,10,0,0,0,0,0,0,10.35,0.0,,,,,,,,,0,False
1166,00-0029604,Kirk Cousins,QB,LV,2026,4,0,0,0,0,0,0,19.71,0.0,,,,,,145.5,152.0,QB34,0,False
5127,00-0034577,Kyle Allen,QB,BUF,2019,13,0,0,0,0,0,0,13.65,0.0,,,,,,,,,0,False
5127,00-0034577,Kyle Allen,QB,BUF,2020,4,8,0,0,1,7,1,11.25,90.0,,,,,,,,,1,False
5127,00-0034577,Kyle Allen,QB,BUF,2021,2,1,0,0,0,1,1,3.95,4.0,,,,,,,,,0,False
5127,00-0034577,Kyle Allen,QB,BUF,2022,2,0,0,0,0,0,0,7.97,0.0,,,,,,,,,0,False
5127,00-0034577,Kyle Allen,QB,BUF,2023,6,0,0,0,0,0,0,-0.22,-0.0,,,,,,,,,0,False
5127,00-0034577,Kyle Allen,QB,BUF,2024,1,0,0,0,0,0,0,0.76,0.0,,,,,,,,,0,False
5127,00-0034577,Kyle Allen,QB,BUF,2025,2,0,0,0,0,0,0,-0.15,-0.0,,,,,,,,,0,False
5127,00-0034577,Kyle Allen,QB,BUF,2026,0,0,0,0,0,0,0,-0.15,-0.0,,,,,,,,,0,True
5849,00-0035228,Kyler Murray,QB,MIN,2019,16,0,2,0,0,0,2,17.83,0.0,110.4,114.0,QB13,17.71,0.0,53.1,54.0,QB12,0,False
5849,00-0035228,Kyler Murray,QB,MIN,2020,16,0,0,0,0,0,0,23.67,0.0,60.3,64.0,QB5,21.25,0.0,14.7,13.0,QB5,0,False
5849,00-0035228,Kyler Murray,QB,MIN,2021,14,3,1,0,3,0,2,21.46,64.4,40.5,41.0,QB3,21.48,64.4,6.6,7.0,QB3,0,False
5849,00-0035228,Kyler Murray,QB,MIN,2022,11,6,0,0,2,4,2,18.23,109.4,56.9,56.0,QB5,19.03,114.2,13.7,14.0,QB6,1,False
5849,00-0035228,Kyler Murray,QB,MIN,2023,8,9,1,0,0,9,3,18.3,164.7,137.6,148.0,QB19,15.62,140.6,71.0,75.0,QB20,0,False
5849,00-0035228,Kyler Murray,QB,MIN,2024,17,0,0,0,0,0,0,17.48,0.0,68.4,73.0,QB9,16.76,0.0,15.6,17.0,QB10,0,False
5849,00-0035228,Kyler Murray,QB,MIN,2025,5,12,0,0,3,9,2,15.56,186.7,82.5,85.0,QB10,17.73,212.8,23.5,24.0,QB11,0,False
5849,00-0035228,Kyler Murray,QB,MIN,2026,3,1,0,0,1,0,1,7.17,7.2,,,,,,35.6,34.0,QB17,0,False
4881,00-0034796,Lamar Jackson,QB,BAL,2018,16,0,0,0,0,0,0,9.85,0.0,,,,,,141.6,148.0,QB33,0,False
4881,00-0034796,Lamar Jackson,QB,BAL,2019,15,0,2,0,0,0,2,27.71,0.0,96.5,98.0,QB11,17.87,0.0,57.5,58.0,QB13,0,False
4881,00-0034796,Lamar Jackson,QB,BAL,2020,15,1,1,0,0,1,2,22.19,22.2,21.4,22.0,QB2,24.02,24.0,4.0,4.0,QB2,0,False
4881,00-0034796,Lamar Jackson,QB,BAL,2021,12,5,2,0,5,0,4,20.0,100.0,48.5,50.0,QB4,20.49,102.4,10.0,10.0,QB4,1,False
4881,00-0034796,Lamar Jackson,QB,BAL,2022,12,5,1,0,5,0,2,19.67,98.4,47.3,49.0,QB4,19.5,97.5,8.0,9.0,QB4,1,False
4881,00-0034796,Lamar Jackson,QB,BAL,2023,16,1,0,0,1,0,1,20.7,20.7,35.9,38.0,QB4,18.7,18.7,8.6,9.0,QB5,0,False
4881,00-0034796,Lamar Jackson,QB,BAL,2024,17,0,0,0,0,0,0,25.32,0.0,40.6,43.0,QB4,19.04,0.0,4.2,5.0,QB4,0,False
4881,00-0034796,Lamar Jackson,QB,BAL,2025,13,4,0,0,4,0,3,16.53,66.1,20.7,21.0,QB1,19.45,77.8,1.7,1.0,QB1,1,False
4881,00-0034796,Lamar Jackson,QB,BAL,2026,4,0,0,0,0,0,0,19.77,0.0,,,,,,6.0,6.0,QB3,0,False
7527,00-0036972,Mac Jones,QB,SF,2021,17,0,0,0,0,0,0,13.23,0.0,147.8,158.0,QB20,14.92,0.0,119.8,126.0,QB30,0,False
7527,00-0036972,Mac Jones,QB,SF,2022,14,3,1,0,3,0,1,12.15,36.5,,,,,,90.7,95.0,QB23,0,False
7527,00-0036972,Mac Jones,QB,SF,2023,11,0,0,0,0,0,0,9.67,0.0,,,,,,126.8,131.0,QB27,0,False
7527,00-0036972,Mac Jones,QB,SF,2024,10,0,0,0,0,0,0,9.61,0.0,,,,,,,,,0,False
7527,00-0036972,Mac Jones,QB,SF,2025,11,2,1,0,2,0,3,11.82,23.6,,,,,,,,,0,False
7527,00-0036972,Mac Jones,QB,SF,2026,1,0,0,0,0,0,0,-0.2,-0.0,,,,,,,,,0,False
8161,00-0038128,Malik Willis,QB,MIA,2026,4,0,0,0,0,0,0,10.42,0.0,,,,,,75.4,78.0,QB24,0,False
2307,00-0032268,Marcus Mariota,QB,WAS,2016,15,1,0,0,0,1,1,17.33,17.3,,,,,,84.1,87.0,QB20,0,False
2307,00-0032268,Marcus Mariota,QB,WAS,2017,15,1,1,0,1,0,1,14.03,14.0,,,,,,27.5,28.0,QB8,0,False
2307,00-0032268,Marcus Mariota,QB,WAS,2018,14,2,1,0,2,0,2,12.53,25.1,137.1,145.0,QB18,17.26,34.5,61.4,62.0,QB17,1,False
2307,00-0032268,Marcus Mariota,QB,WAS,2019,7,0,0,0,0,0,0,12.15,0.0,,,,,,126.1,134.0,QB28,0,False
2307,00-0032268,Marcus Mariota,QB,WAS,2020,1,3,0,0,0,3,1,25.84,77.5,,,,,,,,,0,False
2307,00-0032268,Marcus Mariota,QB,WAS,2021,7,5,0,0,0,5,2,2.12,10.6,,,,,,,,,0,False
2307,00-0032268,Marcus Mariota,QB,WAS,2022,13,4,0,0,0,4,1,15.12,60.5,,,,,,115.0,118.0,QB28,0,False
2307,00-0032268,Marcus Mariota,QB,WAS,2023,2,0,0,0,0,0,0,5.88,0.0,,,,,,,,,0,False
2307,00-0032268,Marcus Mariota,QB,WAS,2024,3,5,1,0,1,4,3,15.25,76.2,,,,,,,,,0,False
2307,00-0032268,Marcus Mariota,QB,WAS,2025,10,3,0,0,3,0,2,12.55,37.7,,,,,,,,,0,False
2307,00-0032268,Marcus Mariota,QB,WAS,2026,3,1,0,0,1,0,1,11.5,11.5,,,,,,,,,0,False
4972,00-0034771,Mason Rudolph,QB,PIT,2019,10,2,0,0,1,1,2,10.88,21.8,,,,,,,,,1,False
4972,00-0034771,Mason Rudolph,QB,PIT,2020,4,0,0,0,0,0,0,4.59,0.0,,,,,,,,,0,False
4972,00-0034771,Mason Rudolph,QB,PIT,2021,2,0,0,0,0,0,0,9.19,0.0,,,,,,,,,0,False
4972,00-0034771,Mason Rudolph,QB,PIT,2022,0,0,0,0,0,0,0,9.19,0.0,,,,,,,,,0,True
4972,00-0034771,Mason Rudolph,QB,PIT,2023,4,0,0,0,0,0,0,9.89,0.0,,,,,,,,,0,False
4972,00-0034771,Mason Rudolph,QB,PIT,2024,8,0,0,0,0,0,0,11.97,0.0,,,,,,,,,0,False
4972,00-0034771,Mason Rudolph,QB,PIT,2025,5,0,0,0,0,0,0,3.0,0.0,,,,,,,,,0,False
4972,00-0034771,Mason Rudolph,QB,PIT,2026,1,0,0,0,0,0,0,0.3,0.0,,,,,,,,,0,False
1338,00-0030533,Matt Barkley,QB,JAX,2016,7,0,0,0,0,0,0,10.19,0.0,,,,,,,,,0,False
1338,00-0030533,Matt Barkley,QB,JAX,2017,0,0,0,0,0,0,0,10.19,0.0,,,,,,,,,0,True
1338,00-0030533,Matt Barkley,QB,JAX,2018,1,1,0,0,0,1,1,17.08,17.1,,,,,,,,,0,False
1338,00-0030533,Matt Barkley,QB,JAX,2019,2,0,0,0,0,0,0,2.98,0.0,,,,,,,,,0,False
1338,00-0030533,Matt Barkley,QB,JAX,2020,4,0,0,0,0,0,0,2.32,0.0,,,,,,,,,0,False
1338,00-0030533,Matt Barkley,QB,JAX,2021,0,2,0,0,0,2,1,2.32,4.6,,,,,,,,,0,True
1338,00-0030533,Matt Barkley,QB,JAX,2022,0,0,0,0,0,0,0,2.32,0.0,,,,,,,,,0,True
1338,00-0030533,Matt Barkley,QB,JAX,2023,1,1,0,0,0,1,1,-0.3,-0.3,,,,,,,,,0,False
24,00-0026143,Matt Ryan,QB,ATL,2016,16,0,0,0,0,0,0,21.72,0.0,,,,,,76.6,76.0,QB19,0,False
24,00-0026143,Matt Ryan,QB,ATL,2017,16,0,0,0,0,0,0,14.26,0.0,,,,,,14.4,15.0,QB4,0,False
24,00-0026143,Matt Ryan,QB,ATL,2018,16,0,0,0,0,0,0,22.15,0.0,113.5,116.0,QB13,17.67,0.0,47.8,49.0,QB13,0,False
24,00-0026143,Matt Ryan,QB,ATL,2019,15,1,0,0,1,0,1,17.82,17.8,70.8,72.0,QB5,18.62,18.6,28.1,29.0,QB5,0,False
24,00-0026143,Matt Ryan,QB,ATL,2020,16,0,0,0,0,0,0,17.65,0.0,81.4,82.0,QB7,20.23,0.0,34.9,36.0,QB10,0,False
24,00-0026143,Matt Ryan,QB,ATL,2021,17,0,0,0,0,0,0,13.11,0.0,123.8,129.0,QB15,15.92,0.0,51.6,53.0,QB14,0,False
24,00-0026143,Matt Ryan,QB,ATL,2022,12,2,0,0,2,0,1,12.94,25.9,,,,,,48.6,49.0,QB16,0,False
24,00-0026143,Matt Ryan,QB,ATL,2024,0,0,0,0,0,0,0,12.94,0.0,,,,,,,,,0,True
421,00-0026498,Matthew Stafford,QB,LAR,2016,16,0,0,0,0,0,0,17.49,0.0,,,,,,52.1,55.0,QB14,0,False
421,00-0026498,Matthew Stafford,QB,LAR,2017,16,0,2,0,0,0,2,17.1,0.0,,,,,,42.2,43.0,QB13,0,False
421,00-0026498,Matthew Stafford,QB,LAR,2018,16,0,3,0,0,0,1,13.26,0.0,102.6,105.0,QB10,18.0,0.0,41.3,42.0,QB11,0,False
421,00-0026498,Matthew Stafford,QB,LAR,2019,8,8,1,0,6,2,2,20.82,166.6,163.4,183.0,QB24,17.13,137.0,95.9,99.0,QB22,0,False
421,00-0026498,Matthew Stafford,QB,LAR,2020,16,0,6,0,0,0,4,16.29,0.0,111.8,115.0,QB13,18.36,0.0,51.2,52.0,QB13,0,False
421,00-0026498,Matthew Stafford,QB,LAR,2021,17,0,0,0,0,0,0,19.4,0.0,85.2,87.0,QB10,17.32,0.0,32.6,33.0,QB10,0,False
421,00-0026498,Matthew Stafford,QB,LAR,2022,9,8,0,0,2,6,2,12.04,96.3,85.8,84.0,QB10,17.59,140.7,27.1,29.0,QB10,0,False
421,00-0026498,Matthew Stafford,QB,LAR,2023,15,2,0,0,2,0,2,16.21,32.4,155.1,172.0,QB21,15.42,30.8,80.8,83.0,QB21,0,False
421,00-0026498,Matthew Stafford,QB,LAR,2024,16,1,0,0,1,0,1,13.41,13.4,119.1,126.0,QB18,14.81,14.8,28.3,29.0,QB14,0,False
421,00-0026498,Matthew Stafford,QB,LAR,2025,17,0,0,0,0,0,0,20.61,0.0,,,,,,77.4,80.0,QB23,0,False
421,00-0026498,Matthew Stafford,QB,LAR,2026,4,0,0,0,0,0,0,15.41,0.0,,,,,,13.7,13.0,QB6,0,False
11559,00-0039917,Michael Penix Jr.,QB,ATL,2025,9,8,0,0,1,7,2,13.36,106.9,,,,,,83.0,86.0,QB24,0,False
11559,00-0039917,Michael Penix Jr.,QB,ATL,2026,1,2,0,0,2,0,1,14.04,28.1,,,,,,119.3,122.0,QB30,0,False
1559,00-0030520,Mike Glennon,QB,MIA,2017,4,0,0,0,0,0,0,8.43,0.0,,,,,,129.0,164.0,QB32,0,False
1559,00-0030520,Mike Glennon,QB,MIA,2018,2,0,0,0,0,0,0,5.48,0.0,,,,,,,,,0,False
1559,00-0030520,Mike Glennon,QB,MIA,2019,2,0,0,0,0,0,0,2.12,0.0,,,,,,,,,0,False
1559,00-0030520,Mike Glennon,QB,MIA,2020,5,0,0,0,0,0,0,12.12,0.0,,,,,,,,,0,False
1559,00-0030520,Mike Glennon,QB,MIA,2021,6,1,0,0,1,0,1,5.15,5.2,,,,,,,,,0,False
1559,00-0030520,Mike Glennon,QB,MIA,2022,0,0,0,0,0,0,0,5.15,0.0,,,,,,,,,0,True
3976,00-0033869,Mitchell Trubisky,QB,TEN,2017,12,0,0,0,0,0,0,11.21,0.0,,,,,,129.2,165.0,QB33,0,False
3976,00-0033869,Mitchell Trubisky,QB,TEN,2018,14,2,0,0,2,0,1,18.79,37.6,162.7,196.0,QB24,16.89,33.8,86.4,89.0,QB23,0,False
3976,00-0033869,Mitchell Trubisky,QB,TEN,2019,15,1,1,0,1,0,2,13.52,13.5,140.6,148.0,QB20,17.3,17.3,75.2,75.0,QB18,1,False
3976,00-0033869,Mitchell Trubisky,QB,TEN,2020,10,2,0,0,2,0,1,15.37,30.7,,,,,,,,,0,False
3976,00-0033869,Mitchell Trubisky,QB,TEN,2021,5,2,0,0,0,2,1,1.62,3.2,,,,,,,,,0,False
3976,00-0033869,Mitchell Trubisky,QB,TEN,2022,7,0,0,0,0,0,0,10.55,0.0,,,,,,133.7,139.0,QB31,0,False
3976,00-0033869,Mitchell Trubisky,QB,TEN,2023,5,0,0,0,0,0,0,9.74,0.0,,,,,,,,,0,False
3976,00-0033869,Mitchell Trubisky,QB,TEN,2024,8,4,0,0,4,0,2,1.91,7.6,,,,,,,,,0,False
3976,00-0033869,Mitchell Trubisky,QB,TEN,2025,4,1,0,0,1,0,1,7.78,7.8,,,,,,,,,0,False
3976,00-0033869,Mitchell Trubisky,QB,TEN,2026,0,0,0,0,0,0,0,7.78,0.0,,,,,,,,,0,True
1029,00-0029567,Nick Foles,QB,IND,2018,5,0,0,0,0,0,0,15.14,0.0,,,,,,158.7,179.0,QB35,0,False
1029,00-0029567,Nick Foles,QB,IND,2019,4,8,0,0,0,8,1,9.44,75.5,,,,,,108.9,110.0,QB25,1,False
1029,00-0029567,Nick Foles,QB,IND,2020,9,2,0,0,2,0,1,11.58,23.2,,,,,,155.8,169.0,QB34,0,False
1029,00-0029567,Nick Foles,QB,IND,2021,1,1,0,0,1,0,1,16.8,16.8,,,,,,,,,0,False
1029,00-0029567,Nick Foles,QB,IND,2022,2,1,0,0,1,0,1,0.9,0.9,,,,,,,,,0,False
4464,00-0033319,Nick Mullens,QB,JAX,2018,8,0,0,0,0,0,0,15.44,0.0,,,,,,,,,0,False
4464,00-0033319,Nick Mullens,QB,JAX,2019,1,0,0,0,0,0,0,-0.3,-0.0,,,,,,,,,0,False
4464,00-0033319,Nick Mullens,QB,JAX,2020,10,2,0,0,0,2,1,11.63,23.3,,,,,,,,,0,False
4464,00-0033319,Nick Mullens,QB,JAX,2021,1,0,0,0,0,0,0,9.88,0.0,,,,,,,,,0,False
4464,00-0033319,Nick Mullens,QB,JAX,2022,4,0,0,0,0,0,0,2.94,0.0,,,,,,,,,0,False
4464,00-0033319,Nick Mullens,QB,JAX,2023,5,8,0,0,3,5,1,13.35,106.8,,,,,,,,,0,False
4464,00-0033319,Nick Mullens,QB,JAX,2024,4,0,0,0,0,0,0,0.33,0.0,,,,,,,,,0,False
4464,00-0033319,Nick Mullens,QB,JAX,2025,4,0,0,0,0,0,0,-0.01,-0.0,,,,,,,,,0,False
4464,00-0033319,Nick Mullens,QB,JAX,2026,1,0,0,0,0,0,0,-0.3,-0.0,,,,,,,,,0,False
4046,00-0033873,Patrick Mahomes,QB,KC,2017,1,0,0,0,0,0,0,10.36,0.0,,,,,,135.9,191.0,QB34,0,False
4046,00-0033873,Patrick Mahomes,QB,KC,2018,16,0,0,0,0,0,0,26.07,0.0,119.4,123.0,QB15,17.49,0.0,58.6,60.0,QB16,0,False
4046,00-0033873,Patrick Mahomes,QB,KC,2019,14,2,0,0,2,0,1,20.5,41.0,18.5,20.0,QB1,20.16,40.3,2.7,2.0,QB1,1,False
4046,00-0033873,Patrick Mahomes,QB,KC,2020,15,0,0,0,0,0,0,24.96,0.0,18.3,19.0,QB1,26.11,0.0,2.2,2.0,QB1,0,False
4046,00-0033873,Patrick Mahomes,QB,KC,2021,17,0,0,0,0,0,0,21.27,0.0,21.2,22.0,QB1,25.28,0.0,2.3,2.0,QB1,0,False
4046,00-0033873,Patrick Mahomes,QB,KC,2022,17,0,0,0,0,0,0,24.52,0.0,38.0,38.0,QB3,20.09,0.0,4.7,5.0,QB3,0,False
4046,00-0033873,Patrick Mahomes,QB,KC,2023,16,1,0,0,1,0,1,17.51,17.5,18.4,19.0,QB1,21.44,21.4,1.7,1.0,QB1,0,False
4046,00-0033873,Patrick Mahomes,QB,KC,2024,16,1,0,0,1,0,1,17.66,17.7,36.2,39.0,QB3,19.85,19.9,4.0,4.0,QB3,0,False
4046,00-0033873,Patrick Mahomes,QB,KC,2025,14,3,0,0,0,3,1,20.37,61.1,57.9,57.0,QB7,18.0,54.0,9.5,10.0,QB6,0,False
4046,00-0033873,Patrick Mahomes,QB,KC,2026,4,0,0,0,0,0,0,20.89,0.0,102.2,42.0,QB3,20.09,0.0,25.1,26.0,QB14,0,False
331,00-0022942,Philip Rivers,QB,IND,2016,16,0,0,0,0,0,0,16.18,0.0,,,,,,41.8,42.0,QB11,0,False
331,00-0022942,Philip Rivers,QB,IND,2017,16,0,1,0,0,0,1,16.9,0.0,,,,,,43.7,45.0,QB14,0,False
331,00-0022942,Philip Rivers,QB,IND,2018,16,0,0,0,0,0,0,17.81,0.0,108.4,111.0,QB12,17.77,0.0,46.0,47.0,QB12,0,False
331,00-0022942,Philip Rivers,QB,IND,2019,16,0,0,0,0,0,0,14.72,0.0,118.9,123.0,QB16,17.51,0.0,64.1,65.0,QB15,0,False
331,00-0022942,Philip Rivers,QB,IND,2020,16,0,1,0,0,0,1,15.0,0.0,160.3,186.0,QB23,16.64,0.0,75.0,78.0,QB18,0,False
331,00-0022942,Philip Rivers,QB,IND,2025,3,0,0,0,0,0,0,10.55,0.0,,,,,,,,,0,False
1169,00-0029665,Robert Griffin III,QB,BAL,2016,5,11,0,0,0,11,1,13.29,146.2,,,,,,136.3,141.0,QB26,0,False
1169,00-0029665,Robert Griffin III,QB,BAL,2018,2,0,0,0,0,0,0,0.42,0.0,,,,,,,,,0,False
1169,00-0029665,Robert Griffin III,QB,BAL,2019,6,0,0,0,0,0,0,2.67,0.0,,,,,,,,,0,False
1169,00-0029665,Robert Griffin III,QB,BAL,2020,4,6,0,0,1,5,2,0.65,3.9,,,,,,,,,0,False
1234,00-0029263,Russell Wilson,QB,NYG,2016,16,0,0,0,0,0,0,16.82,0.0,,,,,,7.2,8.0,QB3,0,False
1234,00-0029263,Russell Wilson,QB,NYG,2017,16,0,0,0,0,0,0,21.75,0.0,,,,,,17.0,17.0,QB5,0,False
1234,00-0029263,Russell Wilson,QB,NYG,2018,16,0,0,0,0,0,0,18.68,0.0,61.5,63.0,QB4,19.15,0.0,18.5,18.0,QB3,0,False
1234,00-0029263,Russell Wilson,QB,NYG,2019,16,0,0,0,0,0,0,20.54,0.0,92.7,93.0,QB9,18.06,0.0,45.7,47.0,QB9,0,False
1234,00-0029263,Russell Wilson,QB,NYG,2020,16,0,0,0,0,0,0,22.49,0.0,60.3,63.0,QB4,21.92,0.0,11.9,11.0,QB3,0,False
1234,00-0029263,Russell Wilson,QB,NYG,2021,14,3,0,0,0,3,1,17.34,52.0,67.5,70.0,QB8,18.09,54.3,17.9,19.0,QB7,0,False
1234,00-0029263,Russell Wilson,QB,NYG,2022,15,2,0,0,2,0,2,15.02,30.0,68.3,69.0,QB7,18.33,36.7,18.2,18.0,QB8,0,False
1234,00-0029263,Russell Wilson,QB,NYG,2023,15,0,0,0,0,0,0,17.13,0.0,128.1,133.0,QB17,15.84,0.0,51.5,52.0,QB15,0,False
1234,00-0029263,Russell Wilson,QB,NYG,2024,11,6,0,0,6,0,1,15.71,94.3,,,,,,81.7,86.0,QB27,0,False
1234,00-0029263,Russell Wilson,QB,NYG,2025,6,1,0,0,1,0,1,8.31,8.3,,,,,,134.7,147.0,QB30,1,False
333,00-0023682,Ryan Fitzpatrick,QB,WAS,2016,14,1,0,0,1,0,1,9.53,9.5,,,,,,121.6,125.0,QB25,0,False
333,00-0023682,Ryan Fitzpatrick,QB,WAS,2017,6,0,0,0,0,0,0,12.32,0.0,,,,,,,,,0,False
333,00-0023682,Ryan Fitzpatrick,QB,WAS,2018,8,0,0,0,0,0,0,20.73,0.0,,,,,,160.8,185.0,QB36,0,False
333,00-0023682,Ryan Fitzpatrick,QB,WAS,2019,15,0,0,0,0,0,0,16.1,0.0,,,,,,131.0,146.0,QB30,0,False
333,00-0023682,Ryan Fitzpatrick,QB,WAS,2020,9,1,0,0,0,1,1,17.03,17.0,,,,,,147.8,154.0,QB31,1,False
333,00-0023682,Ryan Fitzpatrick,QB,WAS,2021,1,16,0,0,0,16,2,0.72,11.5,173.5,215.0,QB26,14.02,224.3,71.6,74.0,QB19,0,False
1049,00-0029701,Ryan Tannehill,QB,TEN,2016,13,3,0,0,3,0,1,14.63,43.9,,,,,,91.7,95.0,QB21,0,False
1049,00-0029701,Ryan Tannehill,QB,TEN,2017,0,16,0,0,0,16,1,14.63,234.1,,,,,,,,,0,True
1049,00-0029701,Ryan Tannehill,QB,TEN,2018,11,5,0,0,5,0,1,12.95,64.8,,,,,,121.8,124.0,QB28,0,False
1049,00-0029701,Ryan Tannehill,QB,TEN,2019,12,0,0,0,0,0,0,18.68,0.0,,,,,,,,,0,False
1049,00-0029701,Ryan Tannehill,QB,TEN,2020,16,0,0,0,0,0,0,21.49,0.0,157.3,177.0,QB21,16.91,0.0,87.4,89.0,QB20,0,False
1049,00-0029701,Ryan Tannehill,QB,TEN,2021,17,0,0,0,0,0,0,15.79,0.0,90.9,94.0,QB11,16.99,0.0,34.8,35.0,QB11,0,False
1049,00-0029701,Ryan Tannehill,QB,TEN,2022,12,5,1,0,3,2,2,13.44,67.2,,,,,,78.2,81.0,QB21,0,False
1049,00-0029701,Ryan Tannehill,QB,TEN,2023,9,6,0,0,6,0,1,8.89,53.3,,,,,,132.3,141.0,QB28,0,False
621,00-0027854,Sam Bradford,QB,ARI,2016,15,0,0,0,0,0,0,14.76,0.0,,,,,,156.7,177.0,QB30,0,False
621,00-0027854,Sam Bradford,QB,ARI,2017,2,14,1,0,6,8,2,13.49,188.9,,,,,,89.1,93.0,QB22,0,False
621,00-0027854,Sam Bradford,QB,ARI,2018,3,1,0,0,1,0,1,4.23,4.2,,,,,,131.7,136.0,QB31,0,False
4943,00-0034869,Sam Darnold,QB,SEA,2018,13,3,0,0,3,0,2,12.93,38.8,,,,,,139.3,144.0,QB32,0,False
4943,00-0034869,Sam Darnold,QB,SEA,2019,13,3,0,0,3,0,2,14.55,43.7,159.0,175.0,QB22,17.21,51.6,98.0,100.0,QB23,0,False
4943,00-0034869,Sam Darnold,QB,SEA,2020,12,4,1,0,4,0,3,11.17,44.7,,,,,,113.4,116.0,QB28,0,False
4943,00-0034869,Sam Darnold,QB,SEA,2021,12,5,1,0,0,5,3,13.11,65.5,,,,,,109.3,113.0,QB28,0,False
4943,00-0034869,Sam Darnold,QB,SEA,2022,6,9,0,0,0,9,1,14.39,129.5,,,,,,,,,0,False
4943,00-0034869,Sam Darnold,QB,SEA,2023,10,0,0,0,0,0,0,2.34,0.0,,,,,,,,,0,False
4943,00-0034869,Sam Darnold,QB,SEA,2024,17,0,0,0,0,0,0,18.12,0.0,,,,,,130.3,140.0,QB33,0,False
4943,00-0034869,Sam Darnold,QB,SEA,2025,17,0,0,0,0,0,0,13.85,0.0,,,,,,98.1,102.0,QB26,0,False
4943,00-0034869,Sam Darnold,QB,SEA,2026,3,1,0,0,1,0,1,13.83,13.8,,,,,,52.2,52.0,QB21,0,False
8162,00-0037077,Sam Howell,QB,DAL,2023,17,0,0,0,0,0,0,15.12,0.0,,,,,,122.7,125.0,QB26,0,False
8162,00-0037077,Sam Howell,QB,DAL,2024,1,0,0,0,0,0,0,-0.84,-0.0,,,,,,,,,0,False
8162,00-0037077,Sam Howell,QB,DAL,2025,0,0,0,0,0,0,0,-0.84,-0.0,,,,,,,,,0,True
8162,00-0037077,Sam Howell,QB,DAL,2026,0,0,0,0,0,0,0,-0.84,-0.0,,,,,,,,,0,True
12524,00-0040668,Shedeur Sanders,QB,CLE,2025,8,2,0,0,2,0,2,10.61,21.2,,,,,,,,,0,False
12524,00-0040668,Shedeur Sanders,QB,CLE,2026,1,0,0,0,0,0,0,0.0,0.0,,,,,,,,,0,False
11562,00-0039376,Spencer Rattler,QB,NO,2024,7,0,0,0,0,0,0,9.61,0.0,,,,,,,,,0,False
11562,00-0039376,Spencer Rattler,QB,NO,2025,9,1,0,0,1,0,1,10.96,11.0,,,,,,143.9,172.0,QB34,0,False
11562,00-0039376,Spencer Rattler,QB,NO,2026,0,0,0,0,0,0,0,10.96,0.0,,,,,,,,,0,True
2711,00-0031800,Taylor Heinicke,QB,LAC,2021,16,1,0,0,0,1,1,13.9,13.9,,,,,,,,,0,False
2711,00-0031800,Taylor Heinicke,QB,LAC,2022,9,0,0,0,0,0,0,12.88,0.0,,,,,,,,,0,False
2711,00-0031800,Taylor Heinicke,QB,LAC,2023,5,2,0,0,2,0,2,13.2,26.4,,,,,,,,,0,False
2711,00-0031800,Taylor Heinicke,QB,LAC,2024,4,0,0,0,0,0,0,0.78,0.0,,,,,,,,,0,False
2711,00-0031800,Taylor Heinicke,QB,LAC,2025,0,0,0,0,0,0,0,0.78,0.0,,,,,,,,,0,True
4381,00-0033357,Taysom Hill,QB,NO,2019,16,0,0,0,0,0,0,5.79,0.0,,,,,,,,,0,False
4381,00-0033357,Taysom Hill,QB,NO,2020,16,0,0,0,0,0,0,9.54,0.0,,,,,,,,,0,False
4381,00-0033357,Taysom Hill,QB,NO,2021,12,5,0,0,4,1,3,9.98,49.9,,,,,,152.7,185.0,QB36,0,False
4381,00-0033357,Taysom Hill,QB,NO,2022,16,1,1,0,1,0,2,8.83,8.8,,,,,,,,,1,False
4381,00-0033357,Taysom Hill,QB,NO,2023,16,1,1,0,1,0,2,7.94,7.9,173.6,199.0,TE21,15.42,15.4,140.3,158.0,TE15,0,False
4381,00-0033357,Taysom Hill,QB,NO,2024,8,9,0,0,4,5,3,11.36,102.2,129.9,135.0,TE14,15.52,139.7,151.0,172.0,TE16,1,False
4381,00-0033357,Taysom Hill,QB,NO,2025,13,4,1,0,0,4,2,2.79,11.2,,,,,,,,,0,False
2152,00-0031237,Teddy Bridgewater,QB,DET,2016,0,16,0,0,0,16,2,-2.3,-36.8,,,,,,139.6,147.0,QB28,0,True
2152,00-0031237,Teddy Bridgewater,QB,DET,2017,1,9,0,0,1,8,2,-2.3,-20.7,,,,,,,,,0,False
2152,00-0031237,Teddy Bridgewater,QB,DET,2018,4,0,0,0,0,0,0,1.8,0.0,,,,,,,,,0,False
2152,00-0031237,Teddy Bridgewater,QB,DET,2019,9,0,0,0,0,0,0,10.05,0.0,,,,,,,,,0,False
2152,00-0031237,Teddy Bridgewater,QB,DET,2020,15,1,0,0,1,0,1,16.08,16.1,,,,,,107.9,113.0,QB27,0,False
2152,00-0031237,Teddy Bridgewater,QB,DET,2021,14,3,2,0,2,1,3,14.48,43.4,,,,,,128.8,136.0,QB32,0,False
2152,00-0031237,Teddy Bridgewater,QB,DET,2022,5,7,1,0,7,0,4,7.6,53.2,,,,,,,,,1,False
2152,00-0031237,Teddy Bridgewater,QB,DET,2023,1,2,0,0,2,0,2,-0.2,-0.4,,,,,,,,,0,False
2152,00-0031237,Teddy Bridgewater,QB,DET,2024,0,0,0,0,0,0,0,-0.2,-0.0,,,,,,,,,0,True
2152,00-0031237,Teddy Bridgewater,QB,DET,2025,3,2,1,0,2,0,3,0.96,1.9,,,,,,,,,0,False
2152,00-0031237,Teddy Bridgewater,QB,DET,2026,0,0,0,0,0,0,0,0.96,0.0,,,,,,,,,0,True
167,00-0019596,Tom Brady,QB,TB,2016,12,0,4,0,0,0,2,21.55,0.0,,,,,,27.1,28.0,QB8,0,False
167,00-0019596,Tom Brady,QB,TB,2017,16,0,0,0,0,0,0,18.49,0.0,,,,,,5.0,5.0,QB2,0,False
167,00-0019596,Tom Brady,QB,TB,2018,16,0,1,0,0,0,1,17.55,0.0,55.5,57.0,QB3,19.52,0.0,20.3,20.0,QB4,0,False
167,00-0019596,Tom Brady,QB,TB,2019,16,0,1,0,0,0,1,16.48,0.0,111.1,115.0,QB14,17.64,0.0,69.1,70.0,QB17,0,False
167,00-0019596,Tom Brady,QB,TB,2020,16,0,0,0,0,0,0,21.12,0.0,99.7,104.0,QB11,18.87,0.0,44.7,47.0,QB12,0,False
167,00-0019596,Tom Brady,QB,TB,2021,17,0,0,0,0,0,0,22.04,0.0,76.4,77.0,QB9,17.69,0.0,26.2,27.0,QB9,0,False
167,00-0019596,Tom Brady,QB,TB,2022,17,0,0,0,0,0,0,15.98,0.0,82.0,81.0,QB9,17.81,0.0,24.2,25.0,QB9,0,False
1957,00-0031064,Tom Savage,QB,DET,2017,8,4,0,0,2,2,2,6.34,25.4,,,,,,127.9,157.0,QB31,2,False
1957,00-0031064,Tom Savage,QB,DET,2018,0,0,0,0,0,0,0,6.34,0.0,,,,,,,,,0,True
1957,00-0031064,Tom Savage,QB,DET,2019,0,0,0,0,0,0,0,6.34,0.0,,,,,,,,,0,True
11292,00-0038476,Tommy DeVito,QB,NE,2023,9,0,0,0,0,0,0,10.39,0.0,,,,,,,,,0,False
11292,00-0038476,Tommy DeVito,QB,NE,2024,2,3,0,0,3,0,2,6.74,20.2,,,,,,,,,0,False
11292,00-0038476,Tommy DeVito,QB,NE,2025,0,0,0,0,0,0,0,6.74,0.0,,,,,,,,,0,True
11292,00-0038476,Tommy DeVito,QB,NE,2026,1,0,0,0,0,0,0,1.4,0.0,,,,,,,,,0,False
142,00-0021678,Tony Romo,QB,DAL,2016,1,10,0,0,10,0,2,5.16,51.6,,,,,,44.4,46.0,QB12,0,False
7523,00-0036971,Trevor Lawrence,QB,JAX,2021,17,0,0,0,0,0,0,11.71,0.0,126.7,132.0,QB16,15.7,0.0,52.8,54.0,QB15,0,False
7523,00-0036971,Trevor Lawrence,QB,JAX,2022,17,0,5,0,0,0,1,17.39,0.0,,,,,,53.8,56.0,QB18,0,False
7523,00-0036971,Trevor Lawrence,QB,JAX,2023,16,1,5,0,1,0,4,16.41,16.4,56.1,57.0,QB8,17.33,17.3,19.0,20.0,QB8,0,False
7523,00-0036971,Trevor Lawrence,QB,JAX,2024,10,7,1,0,2,5,2,14.52,101.6,133.7,137.0,QB20,14.52,101.6,80.5,84.0,QB26,1,False
7523,00-0036971,Trevor Lawrence,QB,JAX,2025,17,0,0,0,0,0,0,19.89,0.0,122.4,123.0,QB18,17.29,0.0,52.6,55.0,QB20,0,False
7523,00-0036971,Trevor Lawrence,QB,JAX,2026,4,0,0,0,0,0,0,16.28,0.0,,,,,,20.6,21.0,QB11,0,False
2549,00-0032156,Trevor Siemian,QB,TEN,2016,14,2,2,0,2,0,2,13.7,27.4,,,,,,,,,1,False
2549,00-0032156,Trevor Siemian,QB,TEN,2017,11,2,0,0,0,2,1,11.46,22.9,,,,,,,,,1,False
2549,00-0032156,Trevor Siemian,QB,TEN,2018,0,0,0,0,0,0,0,11.46,0.0,,,,,,,,,0,True
2549,00-0032156,Trevor Siemian,QB,TEN,2019,1,14,0,0,0,14,2,0.12,1.7,,,,,,,,,0,False
2549,00-0032156,Trevor Siemian,QB,TEN,2020,0,0,0,0,0,0,0,0.12,0.0,,,,,,,,,0,True
2549,00-0032156,Trevor Siemian,QB,TEN,2021,6,2,0,0,1,1,2,15.03,30.1,,,,,,,,,0,False
2549,00-0032156,Trevor Siemian,QB,TEN,2022,2,5,0,0,0,5,2,5.08,25.4,,,,,,,,,0,False
2549,00-0032156,Trevor Siemian,QB,TEN,2023,5,0,0,0,0,0,0,5.39,0.0,,,,,,,,,0,False
2549,00-0032156,Trevor Siemian,QB,TEN,2024,0,0,0,0,0,0,0,5.39,0.0,,,,,,,,,0,True
2549,00-0032156,Trevor Siemian,QB,TEN,2025,0,0,0,0,0,0,0,5.39,0.0,,,,,,,,,0,True
7610,00-0037012,Trey Lance,QB,LAC,2021,6,2,0,0,2,0,1,10.82,21.6,115.8,120.0,QB14,16.16,32.3,75.9,79.0,QB22,0,False
7610,00-0037012,Trey Lance,QB,LAC,2022,2,15,0,0,0,15,2,6.23,93.5,91.8,88.0,QB11,17.39,260.9,31.7,32.0,QB12,0,False
7610,00-0037012,Trey Lance,QB,LAC,2023,0,0,0,0,0,0,0,6.23,0.0,,,,,,,,,0,True
7610,00-0037012,Trey Lance,QB,LAC,2024,4,0,0,0,0,0,0,3.19,0.0,,,,,,,,,0,False
7610,00-0037012,Trey Lance,QB,LAC,2025,4,0,0,0,0,0,0,3.39,0.0,,,,,,,,,0,False
7610,00-0037012,Trey Lance,QB,LAC,2026,0,2,0,0,2,0,1,3.39,6.8,,,,,,,,,0,True
6768,00-0036212,Tua Tagovailoa,QB,ATL,2020,10,3,1,0,3,0,3,13.55,40.7,,,,,,148.2,155.0,QB32,0,False
6768,00-0036212,Tua Tagovailoa,QB,ATL,2021,13,4,1,0,1,3,3,13.92,55.7,158.0,184.0,QB24,14.29,57.2,66.1,68.0,QB18,1,False
6768,00-0036212,Tua Tagovailoa,QB,ATL,2022,13,4,1,0,4,0,3,17.76,71.0,,,,,,49.4,51.0,QB17,1,False
6768,00-0036212,Tua Tagovailoa,QB,ATL,2023,17,0,0,0,0,0,0,15.9,0.0,81.2,84.0,QB11,16.7,0.0,32.6,33.0,QB11,0,False
6768,00-0036212,Tua Tagovailoa,QB,ATL,2024,11,6,1,0,2,4,4,16.51,99.1,89.6,93.0,QB12,15.95,95.7,16.4,18.0,QB11,0,False
6768,00-0036212,Tua Tagovailoa,QB,ATL,2025,14,0,0,0,0,0,0,11.48,0.0,,,,,,64.2,66.0,QB21,0,False
6768,00-0036212,Tua Tagovailoa,QB,ATL,2026,0,3,0,0,3,0,1,11.48,34.4,,,,,,137.6,145.0,QB32,0,True
7083,00-0035993,Tyler Huntley,QB,BAL,2021,7,2,0,0,1,1,2,11.81,23.6,,,,,,,,,0,False
7083,00-0035993,Tyler Huntley,QB,BAL,2022,5,1,1,0,1,0,2,10.0,10.0,,,,,,,,,0,False
7083,00-0035993,Tyler Huntley,QB,BAL,2023,5,1,0,0,1,0,1,5.12,5.1,,,,,,,,,0,False
7083,00-0035993,Tyler Huntley,QB,BAL,2024,5,5,0,0,0,5,1,12.13,60.7,,,,,,,,,0,False
7083,00-0035993,Tyler Huntley,QB,BAL,2025,5,0,0,0,0,0,0,8.03,0.0,,,,,,,,,0,False
7083,00-0035993,Tyler Huntley,QB,BAL,2026,1,0,0,0,0,0,0,4.12,0.0,,,,,,,,,0,False
12545,00-0040743,Tyler Shough,QB,NO,2025,11,0,0,0,0,0,0,14.36,0.0,,,,,,,,,0,False
12545,00-0040743,Tyler Shough,QB,NO,2026,3,0,0,0,0,0,0,23.13,0.0,,,,,,46.3,47.0,QB20,0,False
827,00-0028118,Tyrod Taylor,QB,GB,2016,15,1,0,0,1,0,1,18.06,18.1,,,,,,73.5,72.0,QB18,0,False
827,00-0028118,Tyrod Taylor,QB,GB,2017,15,1,0,0,1,0,1,14.84,14.8,,,,,,71.8,74.0,QB20,0,False
827,00-0028118,Tyrod Taylor,QB,GB,2018,4,2,0,0,2,0,1,10.35,20.7,161.6,191.0,QB22,17.0,34.0,105.8,111.0,QB26,1,False
827,00-0028118,Tyrod Taylor,QB,GB,2019,4,0,0,0,0,0,0,1.51,0.0,,,,,,,,,0,False
827,00-0028118,Tyrod Taylor,QB,GB,2020,2,7,0,0,7,0,3,4.51,31.6,,,,,,143.1,150.0,QB30,0,False
827,00-0028118,Tyrod Taylor,QB,GB,2021,6,8,0,0,2,6,2,13.62,109.0,,,,,,146.6,171.0,QB35,1,False
827,00-0028118,Tyrod Taylor,QB,GB,2022,2,3,0,0,3,0,2,5.66,17.0,,,,,,,,,0,False
827,00-0028118,Tyrod Taylor,QB,GB,2023,10,5,0,0,1,4,2,8.73,43.7,,,,,,,,,0,False
827,00-0028118,Tyrod Taylor,QB,GB,2024,2,0,0,0,0,0,0,10.03,0.0,,,,,,,,,0,False
827,00-0028118,Tyrod Taylor,QB,GB,2025,6,7,0,0,7,0,5,9.91,69.4,,,,,,,,,1,False
827,00-0028118,Tyrod Taylor,QB,GB,2026,0,0,0,0,0,0,0,9.91,0.0,,,,,,,,,0,True
9999,00-0039152,Will Levis,QB,NYJ,2023,9,3,0,0,3,0,3,11.34,34.0,,,,,,,,,1,False
9999,00-0039152,Will Levis,QB,NYJ,2024,12,4,0,0,4,0,2,9.99,40.0,160.8,169.0,QB23,14.12,56.5,57.3,59.0,QB21,1,False
9999,00-0039152,Will Levis,QB,NYJ,2025,0,17,0,0,0,17,2,9.99,169.8,,,,,,,,,0,True
9999,00-0039152,Will Levis,QB,NYJ,2026,0,0,0,0,0,0,0,9.99,0.0,,,,,,,,,0,True
7538,00-0037013,Zach Wilson,QB,NO,2021,13,4,0,0,4,0,1,11.68,46.7,174.6,216.0,QB27,13.89,55.6,112.1,116.0,QB29,1,False
7538,00-0037013,Zach Wilson,QB,NO,2022,9,3,1,0,3,0,1,10.94,32.8,,,,,,121.8,124.0,QB29,0,False
7538,00-0037013,Zach Wilson,QB,NO,2023,12,3,0,0,2,1,1,9.99,30.0,,,,,,,,,1,False
7538,00-0037013,Zach Wilson,QB,NO,2024,0,0,0,0,0,0,0,9.99,0.0,,,,,,,,,0,True
7538,00-0037013,Zach Wilson,QB,NO,2025,4,0,1,0,0,0,1,0.35,0.0,,,,,,,,,0,False
7538,00-0037013,Zach Wilson,QB,NO,2026,0,0,0,0,0,0,0,0.35,0.0,,,,,,,,,0,True
6828,00-0036265,AJ Dillon,RB,CAR,2020,9,5,0,0,0,5,1,4.37,21.9,123.3,129.0,RB51,6.78,33.9,155.8,170.0,RB54,0,False
6828,00-0036265,AJ Dillon,RB,CAR,2021,17,0,0,0,0,0,0,9.92,0.0,79.0,82.0,RB35,8.85,0.0,95.6,98.0,RB34,0,False
6828,00-0036265,AJ Dillon,RB,CAR,2022,17,0,0,0,0,0,0,9.04,0.0,46.4,46.0,RB22,10.16,0.0,62.1,64.0,RB23,0,False
6828,00-0036265,AJ Dillon,RB,CAR,2023,15,2,2,0,2,0,3,7.11,14.2,85.2,88.0,RB33,9.28,18.6,92.0,93.0,RB32,0,False
6828,00-0036265,AJ Dillon,RB,CAR,2024,0,17,0,0,0,17,2,7.11,120.9,,,,,,,,,0,True
6828,00-0036265,AJ Dillon,RB,CAR,2025,6,0,0,0,0,0,0,1.27,0.0,,,,,,,,,0,False
6828,00-0036265,AJ Dillon,RB,CAR,2026,4,0,0,0,0,0,0,1.4,0.0,,,,,,,,,0,False
4199,00-0033293,Aaron Jones,RB,MIN,2017,10,3,1,0,3,0,2,7.55,22.6,,,,,,,,,2,False
4199,00-0033293,Aaron Jones,RB,MIN,2018,12,2,0,0,0,2,1,13.2,26.4,90.5,94.0,RB39,9.19,18.4,106.1,112.0,RB39,1,False
4199,00-0033293,Aaron Jones,RB,MIN,2019,16,0,0,0,0,0,0,18.14,0.0,27.3,28.0,RB15,11.97,0.0,31.1,32.0,RB15,0,False
4199,00-0033293,Aaron Jones,RB,MIN,2020,14,2,1,0,2,0,1,16.81,33.6,17.4,18.0,RB14,12.9,25.8,21.4,22.0,RB12,0,False
4199,00-0033293,Aaron Jones,RB,MIN,2021,15,2,1,0,2,0,2,13.53,27.1,6.5,6.0,RB6,15.98,32.0,12.7,13.0,RB7,0,False
4199,00-0033293,Aaron Jones,RB,MIN,2022,17,0,0,0,0,0,0,12.89,0.0,16.4,16.0,RB11,11.8,0.0,23.8,24.0,RB10,0,False
4199,00-0033293,Aaron Jones,RB,MIN,2023,11,6,3,0,6,0,3,10.9,65.4,35.8,37.0,RB15,11.4,68.4,41.9,42.0,RB14,1,False
4199,00-0033293,Aaron Jones,RB,MIN,2024,17,0,1,0,0,0,0,12.71,0.0,42.7,44.0,RB17,11.75,0.0,59.8,60.0,RB16,0,False
4199,00-0033293,Aaron Jones,RB,MIN,2025,12,5,2,0,1,4,5,8.72,43.6,63.3,65.0,RB25,9.97,49.9,77.7,81.0,RB26,0,False
4199,00-0033293,Aaron Jones,RB,MIN,2026,4,0,0,0,0,0,0,11.75,0.0,,,,,,133.4,138.0,RB40,0,False
184,00-0025394,Adrian Peterson,RB,SEA,2016,3,13,0,0,2,11,3,2.5,32.5,,,,,,8.8,10.0,RB4,0,False
184,00-0025394,Adrian Peterson,RB,SEA,2017,10,5,0,0,2,3,1,7.34,36.7,,,,,,74.6,76.0,RB26,0,False
184,00-0025394,Adrian Peterson,RB,SEA,2018,16,0,3,0,0,0,3,11.19,0.0,94.6,98.0,RB40,9.08,0.0,124.3,128.0,RB43,1,False
184,00-0025394,Adrian Peterson,RB,SEA,2019,15,0,2,0,0,0,2,9.23,0.0,104.4,105.0,RB43,7.89,0.0,128.0,138.0,RB46,0,False
184,00-0025394,Adrian Peterson,RB,SEA,2020,16,0,0,0,0,0,0,7.41,0.0,112.1,116.0,RB47,7.17,0.0,137.8,143.0,RB46,0,False
184,00-0025394,Adrian Peterson,RB,SEA,2021,4,0,0,0,0,0,0,6.15,0.0,,,,,,,,,0,False
3327,00-0032426,Alex Collins,RB,SEA,2017,15,0,1,0,0,0,1,10.63,0.0,,,,,,,,,0,False
3327,00-0032426,Alex Collins,RB,SEA,2018,10,6,1,0,1,5,2,10.11,60.7,30.1,30.0,RB17,12.56,75.4,43.4,44.0,RB18,1,False
3327,00-0032426,Alex Collins,RB,SEA,2020,3,0,0,0,0,0,0,6.87,0.0,,,,,,,,,0,False
3327,00-0032426,Alex Collins,RB,SEA,2021,11,6,2,0,4,2,4,5.85,35.1,,,,,,,,,0,False
5987,00-0034972,Alexander Mattison,RB,MIA,2019,13,3,0,0,3,0,1,4.88,14.6,129.3,134.0,RB50,7.3,21.9,125.1,131.0,RB45,0,False
5987,00-0034972,Alexander Mattison,RB,MIA,2020,13,3,1,0,3,0,2,6.18,18.5,92.5,94.0,RB40,7.93,23.8,109.1,114.0,RB39,0,False
5987,00-0034972,Alexander Mattison,RB,MIA,2021,16,1,0,0,0,1,1,6.87,6.9,106.6,111.0,RB44,7.92,7.9,138.9,154.0,RB48,0,False
5987,00-0034972,Alexander Mattison,RB,MIA,2022,17,0,1,0,0,0,1,4.76,0.0,95.8,94.0,RB36,8.99,0.0,113.1,116.0,RB41,0,False
5987,00-0034972,Alexander Mattison,RB,MIA,2023,16,1,2,0,1,0,2,7.39,7.4,50.2,52.0,RB21,10.49,10.5,61.7,64.0,RB23,0,False
5987,00-0034972,Alexander Mattison,RB,MIA,2024,14,3,0,0,3,0,1,8.53,25.6,,,,,,163.3,207.0,RB58,0,False
5987,00-0034972,Alexander Mattison,RB,MIA,2025,0,17,0,0,0,17,2,8.53,145.0,,,,,,,,,0,True
1944,00-0031075,Alfred Blue,RB,JAX,2018,16,0,0,0,0,0,0,5.46,0.0,,,,,,,,,0,False
1944,00-0031075,Alfred Blue,RB,JAX,2019,0,8,0,0,0,8,1,5.46,43.7,,,,,,,,,0,True
1170,00-0029141,Alfred Morris,RB,NYG,2016,14,0,0,0,0,0,0,2.78,0.0,,,,,,155.8,172.0,RB55,0,False
1170,00-0029141,Alfred Morris,RB,NYG,2017,13,0,0,0,0,0,0,5.28,0.0,,,,,,,,,0,False
1170,00-0029141,Alfred Morris,RB,NYG,2018,11,0,1,0,0,0,1,5.83,0.0,127.3,132.0,RB49,8.26,0.0,141.9,149.0,RB47,0,False
1170,00-0029141,Alfred Morris,RB,NYG,2019,1,0,0,0,0,0,0,0.4,0.0,,,,,,,,,0,False
1170,00-0029141,Alfred Morris,RB,NYG,2020,9,0,0,0,0,0,0,4.36,0.0,,,,,,,,,0,False
4035,00-0033906,Alvin Kamara,RB,NO,2017,16,0,0,0,0,0,0,17.49,0.0,,,,,,127.2,156.0,RB49,0,False
4035,00-0033906,Alvin Kamara,RB,NO,2018,15,0,0,0,0,0,0,20.91,0.0,6.3,6.0,RB5,17.53,0.0,6.8,7.0,RB6,0,False
4035,00-0033906,Alvin Kamara,RB,NO,2019,14,2,1,0,2,0,1,14.86,29.7,2.7,2.0,RB2,19.78,39.6,2.9,3.0,RB2,0,False
4035,00-0033906,Alvin Kamara,RB,NO,2020,15,1,0,0,0,1,1,22.42,22.4,4.5,4.0,RB4,18.83,18.8,5.9,6.0,RB4,0,False
4035,00-0033906,Alvin Kamara,RB,NO,2021,13,4,0,0,4,0,1,16.25,65.0,3.6,3.0,RB3,18.79,75.2,4.4,4.0,RB3,0,False
4035,00-0033906,Alvin Kamara,RB,NO,2022,15,2,3,0,2,0,2,12.21,24.4,11.1,11.0,RB8,12.56,25.1,20.4,21.0,RB9,0,False
4035,00-0033906,Alvin Kamara,RB,NO,2023,13,4,1,0,1,3,3,15.04,60.2,66.1,69.0,RB28,9.72,38.9,70.6,73.0,RB26,0,False
4035,00-0033906,Alvin Kamara,RB,NO,2024,14,3,1,0,3,0,2,16.52,49.6,47.4,49.0,RB19,11.25,33.8,66.8,70.0,RB20,0,False
4035,00-0033906,Alvin Kamara,RB,NO,2025,11,6,4,0,6,0,4,7.65,45.9,39.4,41.0,RB17,11.35,68.1,51.0,53.0,RB18,1,False
4035,00-0033906,Alvin Kamara,RB,NO,2026,2,1,0,0,1,0,1,4.65,4.7,,,,,,,,,0,False
2359,00-0032104,Ameer Abdullah,RB,JAX,2016,2,14,0,0,0,14,2,12.15,170.1,,,,,,77.5,82.0,RB28,0,False
2359,00-0032104,Ameer Abdullah,RB,JAX,2017,14,2,0,0,2,0,1,7.99,16.0,,,,,,75.9,79.0,RB27,0,False
2359,00-0032104,Ameer Abdullah,RB,JAX,2018,9,0,0,0,0,0,0,0.49,0.0,,,,,,,,,0,False
2359,00-0032104,Ameer Abdullah,RB,JAX,2019,15,0,0,0,0,0,0,2.25,0.0,,,,,,,,,0,False
2359,00-0032104,Ameer Abdullah,RB,JAX,2020,11,0,0,0,0,0,0,2.36,0.0,,,,,,,,,0,False
2359,00-0032104,Ameer Abdullah,RB,JAX,2021,17,0,0,0,0,0,0,4.15,0.0,,,,,,,,,0,False
2359,00-0032104,Ameer Abdullah,RB,JAX,2022,16,0,0,0,0,0,0,2.6,0.0,,,,,,,,,0,False
2359,00-0032104,Ameer Abdullah,RB,JAX,2023,16,0,0,0,0,0,0,1.97,0.0,,,,,,,,,0,False
2359,00-0032104,Ameer Abdullah,RB,JAX,2024,15,1,1,0,1,0,2,7.01,7.0,,,,,,,,,0,False
2359,00-0032104,Ameer Abdullah,RB,JAX,2025,13,0,0,0,0,0,0,2.3,0.0,,,,,,,,,0,False
2359,00-0032104,Ameer Abdullah,RB,JAX,2026,4,0,0,0,0,0,0,1.43,0.0,,,,,,,,,0,False
1575,00-0030287,Andre Ellington,RB,TB,2017,11,2,1,0,2,0,3,6.17,12.3,,,,,,,,,2,False
1575,00-0030287,Andre Ellington,RB,TB,2019,0,0,0,0,0,0,0,6.17,0.0,,,,,,,,,0,True
6878,00-0036336,Anthony McFarland,RB,MIA,2020,11,2,0,0,2,0,2,1.79,3.6,148.3,158.0,RB60,6.01,12.0,,,,0,False
6878,00-0036336,Anthony McFarland,RB,MIA,2021,2,8,0,0,0,8,2,0.95,7.6,,,,,,,,,0,False
6878,00-0036336,Anthony McFarland,RB,MIA,2022,1,0,0,0,0,0,0,5.1,0.0,,,,,,,,,0,False
6878,00-0036336,Anthony McFarland,RB,MIA,2023,3,7,0,0,0,7,2,0.7,4.9,,,,,,,,,0,False
6878,00-0036336,Anthony McFarland,RB,MIA,2024,0,0,0,0,0,0,0,0.7,0.0,,,,,,,,,0,True
6945,00-0036328,Antonio Gibson,RB,NE,2020,14,2,2,0,2,0,1,13.16,26.3,81.6,84.0,RB36,8.43,16.9,122.9,127.0,RB44,1,False
6945,00-0036328,Antonio Gibson,RB,NE,2021,16,1,5,0,0,1,3,13.01,13.0,14.4,15.0,RB12,13.18,13.2,23.2,24.0,RB12,0,False
6945,00-0036328,Antonio Gibson,RB,NE,2022,15,2,1,0,1,1,2,9.53,19.1,102.2,99.0,RB39,8.8,17.6,77.5,80.0,RB28,0,False
6945,00-0036328,Antonio Gibson,RB,NE,2023,16,1,1,0,1,0,1,6.46,6.5,87.6,90.0,RB34,9.2,9.2,94.6,96.0,RB33,0,False
6945,00-0036328,Antonio Gibson,RB,NE,2024,17,0,1,0,0,0,1,5.41,0.0,147.9,153.0,RB50,6.91,0.0,151.5,174.0,RB50,0,False
6945,00-0036328,Antonio Gibson,RB,NE,2025,5,12,0,0,0,12,2,4.44,53.3,,,,,,,,,0,False
669,00-0026796,Arian Foster,RB,MIA,2016,4,3,3,0,3,0,3,4.08,12.2,,,,,,89.5,93.0,RB32,0,False
12527,00-0040122,Ashton Jeanty,RB,LV,2025,17,0,0,0,0,0,0,12.8,0.0,9.2,9.0,RB6,15.08,0.0,16.2,18.0,RB8,0,False
12527,00-0040122,Ashton Jeanty,RB,LV,2026,4,0,0,0,0,0,0,16.1,0.0,21.3,14.0,RB8,14.29,0.0,44.5,46.0,RB14,0,False
4663,00-0033699,Austin Ekeler,RB,WAS,2017,14,2,0,0,2,0,1,6.67,13.3,,,,,,,,,0,False
4663,00-0033699,Austin Ekeler,RB,WAS,2018,14,2,0,0,2,0,1,10.66,21.3,158.9,175.0,RB62,7.3,14.6,,,,0,False
4663,00-0033699,Austin Ekeler,RB,WAS,2019,16,0,0,0,0,0,0,16.44,0.0,58.5,61.0,RB29,9.41,0.0,83.9,86.0,RB31,0,False
4663,00-0033699,Austin Ekeler,RB,WAS,2020,10,6,1,0,0,6,3,13.83,83.0,15.2,16.0,RB13,13.25,79.5,17.8,19.0,RB11,1,False
4663,00-0033699,Austin Ekeler,RB,WAS,2021,16,1,3,0,0,1,3,19.3,19.3,10.7,11.0,RB9,14.34,14.3,16.7,18.0,RB9,0,False
4663,00-0033699,Austin Ekeler,RB,WAS,2022,17,0,0,0,0,0,0,18.78,0.0,,,,,,6.4,6.0,RB3,0,False
4663,00-0033699,Austin Ekeler,RB,WAS,2023,14,3,0,0,3,0,1,11.42,34.3,2.5,3.0,RB2,16.81,50.4,9.1,11.0,RB2,0,False
4663,00-0033699,Austin Ekeler,RB,WAS,2024,12,5,1,0,1,4,3,9.57,47.9,88.7,91.0,RB32,8.91,44.5,101.4,106.0,RB33,1,False
4663,00-0033699,Austin Ekeler,RB,WAS,2025,2,15,0,0,0,15,2,5.3,79.5,89.2,90.0,RB30,9.32,139.8,111.0,116.0,RB34,0,False
4663,00-0033699,Austin Ekeler,RB,WAS,2026,1,0,0,0,0,0,0,4.5,0.0,,,,,,,,,0,False
8122,00-0037157,Bam Knight,RB,ARI,2025,12,3,2,0,0,3,3,6.83,20.5,,,,,,,,,1,False
8122,00-0037157,Bam Knight,RB,ARI,2026,1,0,0,0,0,0,0,2.4,0.0,,,,,,,,,0,False
6156,00-0035217,Benny Snell,RB,DET,2020,15,0,0,0,0,0,0,4.66,0.0,156.2,175.0,RB64,5.71,0.0,,,,0,False
6156,00-0035217,Benny Snell,RB,DET,2021,16,0,0,0,0,0,0,0.76,0.0,,,,,,,,,0,False
6156,00-0035217,Benny Snell,RB,DET,2022,9,0,0,0,0,0,0,1.97,0.0,,,,,,,,,0,False
6156,00-0035217,Benny Snell,RB,DET,2023,0,0,0,0,0,0,0,1.97,0.0,,,,,,,,,0,True
12490,00-0040719,Bhayshul Tuten,RB,JAX,2025,15,2,0,0,2,0,1,5.57,11.1,,,,,,146.4,180.0,RB51,0,False
12490,00-0040719,Bhayshul Tuten,RB,JAX,2026,4,0,0,0,0,0,0,12.15,0.0,,,,,,68.2,72.0,RB23,0,False
9509,00-0038542,Bijan Robinson,RB,ATL,2023,17,0,0,0,0,0,0,12.78,0.0,7.4,8.0,RB4,14.95,0.0,15.2,16.0,RB4,0,False
9509,00-0038542,Bijan Robinson,RB,ATL,2024,17,0,0,0,0,0,0,18.31,0.0,2.0,2.0,RB2,21.34,0.0,10.6,12.0,RB3,0,False
9509,00-0038542,Bijan Robinson,RB,ATL,2025,17,0,0,0,0,0,0,19.49,0.0,2.3,3.0,RB2,19.01,0.0,7.2,7.0,RB2,0,False
9509,00-0038542,Bijan Robinson,RB,ATL,2026,3,0,0,0,0,0,0,23.73,0.0,3.0,2.0,RB2,19.37,0.0,2.9,3.0,RB2,0,False
818,00-0028064,Bilal Powell,RB,NYJ,2016,16,0,1,0,0,0,1,10.5,0.0,,,,,,143.1,150.0,RB48,0,False
818,00-0028064,Bilal Powell,RB,NYJ,2017,15,1,0,0,1,0,1,8.91,8.9,,,,,,72.2,75.0,RB25,0,False
818,00-0028064,Bilal Powell,RB,NYJ,2018,7,9,0,0,0,9,2,7.83,70.5,128.3,134.0,RB50,8.18,73.6,152.7,163.0,RB51,1,False
818,00-0028064,Bilal Powell,RB,NYJ,2019,12,1,1,0,1,0,1,2.48,2.5,,,,,,,,,0,False
818,00-0028064,Bilal Powell,RB,NYJ,2020,0,0,0,0,0,0,0,2.48,0.0,,,,,,,,,0,True
818,00-0028064,Bilal Powell,RB,NYJ,2022,0,0,0,0,0,0,0,2.48,0.0,,,,,,,,,0,True
11586,00-0039738,Blake Corum,RB,LAR,2024,15,0,0,0,0,0,0,2.0,0.0,105.2,109.0,RB38,8.14,0.0,112.4,117.0,RB36,0,False
11586,00-0039738,Blake Corum,RB,LAR,2025,17,0,1,0,0,0,1,6.95,0.0,,,,,,,,,0,False
11586,00-0039738,Blake Corum,RB,LAR,2026,4,0,0,0,0,0,0,5.05,0.0,132.2,51.0,RB18,11.32,0.0,110.8,113.0,RB34,0,False
5122,00-0034414,Boston Scott,RB,PIT,2019,9,0,0,0,0,0,0,9.66,0.0,,,,,,,,,0,False
5122,00-0034414,Boston Scott,RB,PIT,2020,16,0,0,0,0,0,0,5.19,0.0,116.9,122.0,RB49,6.97,0.0,157.2,174.0,RB56,0,False
5122,00-0034414,Boston Scott,RB,PIT,2021,11,1,2,0,0,1,3,8.37,8.4,,,,,,,,,0,False
5122,00-0034414,Boston Scott,RB,PIT,2022,15,2,0,0,2,0,1,2.91,5.8,,,,,,,,,0,False
5122,00-0034414,Boston Scott,RB,PIT,2023,12,3,0,0,3,0,2,1.32,4.0,,,,,,,,,0,False
5122,00-0034414,Boston Scott,RB,PIT,2024,0,0,0,0,0,0,0,1.32,0.0,,,,,,,,,0,True
11576,00-0039794,Braelon Allen,RB,NYJ,2024,17,0,1,0,0,0,1,4.45,0.0,,,,,,,,,0,False
11576,00-0039794,Braelon Allen,RB,NYJ,2025,4,13,0,0,0,13,2,3.58,46.5,154.0,152.0,RB47,7.71,100.2,143.8,171.0,RB47,0,False
11576,00-0039794,Braelon Allen,RB,NYJ,2026,4,0,0,0,0,0,0,5.72,0.0,,,,,,,,,0,False
1034,00-0029239,Brandon Bolden,RB,LV,2021,16,0,5,0,0,0,4,6.48,0.0,,,,,,,,,0,False
1034,00-0029239,Brandon Bolden,RB,LV,2022,13,2,0,0,2,0,2,1.75,3.5,,,,,,,,,0,False
1034,00-0029239,Brandon Bolden,RB,LV,2023,5,1,0,0,1,0,1,2.22,2.2,,,,,,,,,0,False
8155,00-0038120,Breece Hall,RB,NYJ,2022,7,10,0,0,0,10,2,15.09,150.9,43.6,44.0,RB21,10.27,102.7,55.9,58.0,RB21,1,False
8155,00-0038120,Breece Hall,RB,NYJ,2023,17,0,4,0,0,0,3,14.85,0.0,31.1,32.0,RB14,11.58,0.0,59.6,61.0,RB21,0,False
8155,00-0038120,Breece Hall,RB,NYJ,2024,16,1,2,0,1,0,1,13.28,13.3,4.4,5.0,RB3,19.52,19.5,9.3,10.0,RB2,0,False
8155,00-0038120,Breece Hall,RB,NYJ,2025,16,1,1,0,1,0,2,11.85,11.8,46.3,48.0,RB19,10.95,10.9,56.6,57.0,RB19,0,False
8155,00-0038120,Breece Hall,RB,NYJ,2026,3,1,0,0,1,0,1,12.5,12.5,,,,,,48.2,48.0,RB15,0,False
4187,00-0033567,Brian Hill,RB,SF,2019,10,0,0,0,0,0,0,6.22,0.0,,,,,,,,,0,False
4187,00-0033567,Brian Hill,RB,SF,2020,16,0,0,0,0,0,0,5.18,0.0,,,,,,,,,0,False
4187,00-0033567,Brian Hill,RB,SF,2021,1,0,0,0,0,0,0,0.0,0.0,,,,,,,,,0,False
4187,00-0033567,Brian Hill,RB,SF,2023,0,0,0,0,0,0,0,0.0,0.0,,,,,,,,,0,True
8154,00-0037746,Brian Robinson,RB,ATL,2022,12,5,0,0,1,4,2,9.02,45.1,,,,,,132.2,136.0,RB47,0,False
8154,00-0037746,Brian Robinson,RB,ATL,2023,15,2,0,0,2,0,1,12.01,24.0,79.5,83.0,RB31,9.45,18.9,97.1,99.0,RB34,0,False
8154,00-0037746,Brian Robinson,RB,ATL,2024,14,3,2,0,3,0,2,10.7,32.1,90.2,95.0,RB34,8.64,25.9,97.3,102.0,RB32,0,False
8154,00-0037746,Brian Robinson,RB,ATL,2025,17,0,0,0,0,0,0,3.44,0.0,159.4,155.0,RB48,7.63,0.0,135.2,150.0,RB42,0,False
8154,00-0037746,Brian Robinson,RB,ATL,2026,3,0,0,0,0,0,0,7.27,0.0,,,,,,167.3,172.0,RB44,0,False
5889,00-0035256,Bryce Love,RB,WAS,2020,0,13,0,0,0,13,2,6.6,85.8,131.4,137.0,RB53,6.6,85.8,157.8,178.0,RB57,0,True
11584,00-0039361,Bucky Irving,RB,TB,2024,17,0,5,0,0,0,4,12.99,0.0,145.8,152.0,RB49,7.0,0.0,,,,0,False
11584,00-0039361,Bucky Irving,RB,TB,2025,10,7,1,0,7,0,3,12.35,86.5,19.7,20.0,RB11,12.91,90.4,23.9,26.0,RB10,0,False
11584,00-0039361,Bucky Irving,RB,TB,2026,4,0,0,0,0,0,0,10.18,0.0,,,,,,67.7,70.0,RB22,0,False
1451,00-0029854,C.J. Anderson,RB,DET,2016,7,9,0,0,0,9,2,13.5,121.5,,,,,,43.5,45.0,RB15,0,False
1451,00-0029854,C.J. Anderson,RB,DET,2017,16,0,0,0,0,0,0,10.07,0.0,,,,,,57.6,59.0,RB19,0,False
1451,00-0029854,C.J. Anderson,RB,DET,2018,9,0,0,0,0,0,0,7.21,0.0,119.2,121.0,RB47,8.43,0.0,127.5,131.0,RB44,0,False
1451,00-0029854,C.J. Anderson,RB,DET,2019,2,0,0,0,0,0,0,2.15,0.0,157.0,172.0,RB62,6.47,0.0,,,,0,False
3204,00-0032393,C.J. Prosise,RB,TB,2016,6,10,0,0,10,0,3,8.75,87.5,,,,,,132.3,139.0,RB45,1,False
3204,00-0032393,C.J. Prosise,RB,TB,2017,4,12,0,0,5,7,3,3.5,42.0,,,,,,128.0,159.0,RB50,0,False
3204,00-0032393,C.J. Prosise,RB,TB,2018,2,7,0,0,2,5,2,1.7,11.9,,,,,,,,,0,False
3204,00-0032393,C.J. Prosise,RB,TB,2019,8,1,0,0,0,1,1,2.98,3.0,,,,,,,,,0,False
3204,00-0032393,C.J. Prosise,RB,TB,2020,5,3,0,0,3,0,2,2.04,6.1,,,,,,,,,0,False
3204,00-0032393,C.J. Prosise,RB,TB,2021,0,0,0,0,0,0,0,2.04,0.0,,,,,,,,,0,True
6938,00-0036414,Cam Akers,RB,SEA,2020,11,3,1,0,3,0,2,8.75,26.2,52.2,55.0,RB26,9.97,29.9,105.4,107.0,RB36,0,False
6938,00-0036414,Cam Akers,RB,SEA,2021,1,15,0,0,1,14,3,2.8,42.0,,,,,,,,,0,False
6938,00-0036414,Cam Akers,RB,SEA,2022,15,2,0,0,2,0,2,8.99,18.0,31.4,31.0,RB16,10.91,21.8,52.0,52.0,RB19,0,False
6938,00-0036414,Cam Akers,RB,SEA,2023,7,8,0,0,0,8,2,5.89,47.1,48.6,50.0,RB20,10.62,85.0,67.6,70.0,RB25,0,False
6938,00-0036414,Cam Akers,RB,SEA,2024,16,0,0,0,0,0,0,5.39,0.0,,,,,,,,,0,False
6938,00-0036414,Cam Akers,RB,SEA,2025,4,0,0,0,0,0,0,1.8,0.0,,,,,,,,,0,False
12481,00-0040715,Cam Skattebo,RB,NYG,2025,8,9,0,0,0,9,2,14.46,130.1,130.5,133.0,RB42,8.11,73.0,137.3,155.0,RB43,1,False
12481,00-0040715,Cam Skattebo,RB,NYG,2026,4,0,0,0,0,0,0,10.05,0.0,,,,,,57.1,59.0,RB18,0,False
2257,00-0031045,Carlos Hyde,RB,JAX,2016,13,3,1,0,2,1,3,13.74,41.2,,,,,,48.1,50.0,RB17,0,False
2257,00-0031045,Carlos Hyde,RB,JAX,2017,16,0,1,0,0,0,1,12.77,0.0,,,,,,47.4,50.0,RB17,0,False
2257,00-0031045,Carlos Hyde,RB,JAX,2018,14,0,1,0,0,0,1,6.67,0.0,56.5,59.0,RB27,10.68,0.0,83.8,85.0,RB29,0,False
2257,00-0031045,Carlos Hyde,RB,JAX,2019,16,0,1,0,0,0,1,9.26,0.0,151.6,157.0,RB55,6.93,0.0,,,,0,False
2257,00-0031045,Carlos Hyde,RB,JAX,2020,10,6,1,0,6,0,4,7.69,46.1,159.1,182.0,RB67,5.49,32.9,,,,0,False
2257,00-0031045,Carlos Hyde,RB,JAX,2021,11,4,0,0,1,3,1,3.62,14.5,181.2,222.0,RB70,6.04,24.2,,,,0,False
2024,00-0030668,Charcandrick West,RB,IND,2016,15,1,0,0,1,0,1,5.34,5.3,,,,,,127.4,133.0,RB43,0,False
2024,00-0030668,Charcandrick West,RB,IND,2017,12,3,0,0,3,0,3,4.98,14.9,,,,,,,,,0,False
2024,00-0030668,Charcandrick West,RB,IND,2018,2,0,0,0,0,0,0,5.3,0.0,,,,,,,,,0,False
2024,00-0030668,Charcandrick West,RB,IND,2019,0,0,0,0,0,0,0,5.3,0.0,,,,,,,,,0,True
2223,00-0031390,Charles Sims,RB,TB,2016,7,9,0,0,0,9,3,7.99,71.9,,,,,,108.8,110.0,RB39,0,False
2223,00-0031390,Charles Sims,RB,TB,2017,15,0,0,0,0,0,0,3.73,0.0,,,,,,,,,0,False
2223,00-0031390,Charles Sims,RB,TB,2018,0,0,0,0,0,0,0,3.73,0.0,,,,,,,,,0,True
9224,00-0038597,Chase Brown,RB,CIN,2024,16,1,1,0,1,0,2,14.25,14.2,93.3,98.0,RB35,8.51,8.5,101.5,107.0,RB34,1,False
9224,00-0038597,Chase Brown,RB,CIN,2025,17,0,0,0,0,0,0,14.59,0.0,20.8,22.0,RB12,12.6,0.0,31.5,32.0,RB12,0,False
9224,00-0038597,Chase Brown,RB,CIN,2026,4,0,0,0,0,0,0,11.88,0.0,13.7,9.0,RB6,15.35,0.0,31.3,32.0,RB9,0,False
5000,00-0034681,Chase Edmonds,RB,WAS,2019,12,4,0,0,4,0,2,6.4,25.6,,,,,,,,,0,False
5000,00-0034681,Chase Edmonds,RB,WAS,2020,16,0,3,0,0,0,2,8.84,0.0,106.8,112.0,RB46,7.27,0.0,139.4,144.0,RB47,0,False
5000,00-0034681,Chase Edmonds,RB,WAS,2021,12,5,2,0,1,4,4,10.15,50.8,58.1,60.0,RB28,9.75,48.8,78.2,81.0,RB28,1,False
5000,00-0034681,Chase Edmonds,RB,WAS,2022,13,4,0,0,0,4,1,5.09,20.4,68.2,68.0,RB28,9.58,38.3,84.7,87.0,RB30,0,False
5000,00-0034681,Chase Edmonds,RB,WAS,2023,13,4,0,0,0,4,2,2.52,10.1,,,,,,,,,0,False
5000,00-0034681,Chase Edmonds,RB,WAS,2024,0,17,0,0,0,17,2,2.52,42.8,,,,,,,,,0,True
5000,00-0034681,Chase Edmonds,RB,WAS,2025,3,0,0,0,0,0,0,0.0,0.0,,,,,,,,,0,False
4273,00-0033594,Chris Carson,RB,SEA,2017,4,12,0,0,0,12,2,9.05,108.6,,,,,,132.3,180.0,RB58,0,False
4273,00-0033594,Chris Carson,RB,SEA,2018,14,2,1,0,2,0,2,13.67,27.3,68.0,68.0,RB30,10.25,20.5,103.7,108.0,RB37,1,False
4273,00-0033594,Chris Carson,RB,SEA,2019,15,1,0,0,0,1,1,14.27,14.3,24.2,25.0,RB13,12.52,12.5,35.9,37.0,RB18,1,False
4273,00-0033594,Chris Carson,RB,SEA,2020,12,4,1,0,4,0,2,14.11,56.4,24.3,25.0,RB16,12.27,49.1,32.6,33.0,RB15,1,False
4273,00-0033594,Chris Carson,RB,SEA,2021,4,13,0,0,1,12,2,11.28,146.6,24.2,25.0,RB15,12.28,159.6,38.1,39.0,RB16,0,False
4273,00-0033594,Chris Carson,RB,SEA,2022,0,0,0,0,0,0,0,11.28,0.0,,,,,,,,,0,True
717,00-0027531,Chris Ivory,RB,BUF,2016,11,5,1,0,5,0,4,7.68,38.4,,,,,,76.9,80.0,RB27,0,False
717,00-0027531,Chris Ivory,RB,BUF,2017,14,1,0,0,1,0,1,5.3,5.3,,,,,,,,,0,False
717,00-0027531,Chris Ivory,RB,BUF,2018,13,3,1,0,3,0,2,5.23,15.7,,,,,,,,,0,False
272,00-0026164,Chris Johnson,RB,ARI,2016,4,12,0,0,0,12,2,3.88,46.6,,,,,,137.7,144.0,RB46,0,False
272,00-0026164,Chris Johnson,RB,ARI,2017,4,0,0,0,0,0,0,4.55,0.0,,,,,,,,,0,False
10219,00-0038611,Chris Rodriguez Jr.,RB,JAX,2025,12,3,0,0,3,0,3,7.54,22.6,,,,,,171.2,214.0,RB56,0,False
10219,00-0038611,Chris Rodriguez Jr.,RB,JAX,2026,4,0,0,0,0,0,0,5.7,0.0,,,,,,154.6,163.0,RB42,0,False
1502,00-0030404,Chris Thompson,RB,CHI,2016,16,0,1,0,0,0,1,7.69,0.0,,,,,,,,,0,False
1502,00-0030404,Chris Thompson,RB,CHI,2017,10,6,0,0,0,6,1,13.59,81.5,,,,,,,,,0,False
1502,00-0030404,Chris Thompson,RB,CHI,2018,10,6,2,0,6,0,2,7.11,42.7,85.2,87.0,RB36,9.51,57.1,99.3,103.0,RB36,0,False
1502,00-0030404,Chris Thompson,RB,CHI,2019,11,5,1,0,5,0,2,6.6,33.0,,,,,,,,,1,False
1502,00-0030404,Chris Thompson,RB,CHI,2020,6,7,0,0,0,7,1,5.43,38.0,148.2,157.0,RB59,6.09,42.6,,,,0,False
1502,00-0030404,Chris Thompson,RB,CHI,2021,0,0,0,0,0,0,0,5.43,0.0,,,,,,,,,0,True
4034,00-0033280,Christian McCaffrey,RB,SF,2017,16,0,1,0,0,0,1,11.79,0.0,,,,,,31.6,34.0,RB12,0,False
4034,00-0033280,Christian McCaffrey,RB,SF,2018,16,0,0,0,0,0,0,20.75,0.0,13.0,13.0,RB10,14.71,0.0,15.1,15.0,RB11,0,False
4034,00-0033280,Christian McCaffrey,RB,SF,2019,16,0,0,0,0,0,0,25.83,0.0,3.1,3.0,RB3,18.21,0.0,3.4,4.0,RB3,0,False
4034,00-0033280,Christian McCaffrey,RB,SF,2020,3,13,0,0,7,6,4,27.3,354.9,1.3,1.0,RB1,25.39,330.1,1.4,1.0,RB1,0,False
4034,00-0033280,Christian McCaffrey,RB,SF,2021,7,10,0,0,2,8,2,15.57,155.7,1.3,1.0,RB1,23.24,232.4,1.5,1.0,RB1,1,False
4034,00-0033280,Christian McCaffrey,RB,SF,2022,17,0,1,0,0,0,1,18.46,0.0,2.5,2.0,RB2,15.86,0.0,4.1,4.0,RB2,0,False
4034,00-0033280,Christian McCaffrey,RB,SF,2023,16,1,1,0,1,0,2,22.36,22.4,2.3,2.0,RB1,18.67,18.7,4.9,5.0,RB1,0,False
4034,00-0033280,Christian McCaffrey,RB,SF,2024,4,13,1,0,1,12,3,10.08,131.0,1.3,1.0,RB1,24.45,317.8,2.7,3.0,RB1,1,False
4034,00-0033280,Christian McCaffrey,RB,SF,2025,17,0,1,0,0,0,1,21.51,0.0,7.0,8.0,RB5,15.73,0.0,14.9,15.0,RB6,0,False
4034,00-0033280,Christian McCaffrey,RB,SF,2026,4,0,0,0,0,0,0,16.5,0.0,5.6,5.0,RB3,17.89,0.0,9.5,10.0,RB4,0,False
1596,00-0030432,Christine Michael,RB,IND,2016,15,0,2,0,0,0,2,8.4,0.0,,,,,,145.3,156.0,RB51,0,False
1596,00-0030432,Christine Michael,RB,IND,2017,0,16,0,0,0,16,2,8.4,134.4,,,,,,,,,0,True
1596,00-0030432,Christine Michael,RB,IND,2018,1,1,0,0,1,0,1,0.9,0.9,,,,,,,,,0,False
7594,00-0036555,Chuba Hubbard,RB,CAR,2021,16,0,0,0,0,0,0,7.82,0.0,134.1,143.0,RB53,7.17,0.0,154.8,190.0,RB56,0,False
7594,00-0036555,Chuba Hubbard,RB,CAR,2022,14,2,1,0,2,0,1,5.91,11.8,,,,,,147.6,163.0,RB53,0,False
7594,00-0036555,Chuba Hubbard,RB,CAR,2023,17,0,0,0,0,0,0,9.59,0.0,153.8,168.0,RB54,7.96,0.0,,,,0,False
7594,00-0036555,Chuba Hubbard,RB,CAR,2024,15,2,0,0,0,2,1,14.67,29.3,121.3,128.0,RB45,7.39,14.8,137.7,150.0,RB45,0,False
7594,00-0036555,Chuba Hubbard,RB,CAR,2025,15,2,1,0,2,0,1,7.36,14.7,37.8,39.0,RB15,11.8,23.6,45.8,47.0,RB15,0,False
7594,00-0036555,Chuba Hubbard,RB,CAR,2026,4,0,0,0,0,0,0,18.5,0.0,,,,,,95.3,96.0,RB29,0,False
6820,00-0036360,Clyde Edwards-Helaire,RB,KC,2020,13,3,0,0,3,0,2,12.15,36.5,5.6,5.0,RB5,17.77,53.3,16.6,17.0,RB10,0,False
6820,00-0036360,Clyde Edwards-Helaire,RB,KC,2021,10,7,2,0,2,5,4,10.81,75.7,18.3,19.0,RB14,12.55,87.9,26.8,28.0,RB13,0,False
6820,00-0036360,Clyde Edwards-Helaire,RB,KC,2022,10,7,0,0,0,7,1,8.98,62.9,52.4,53.0,RB23,10.05,70.4,69.0,71.0,RB25,0,False
6820,00-0036360,Clyde Edwards-Helaire,RB,KC,2023,15,2,1,0,2,0,3,4.11,8.2,128.5,134.0,RB49,8.22,16.4,157.8,190.0,RB55,0,False
6820,00-0036360,Clyde Edwards-Helaire,RB,KC,2024,2,6,0,0,1,5,3,4.25,25.5,,,,,,,,,0,False
6820,00-0036360,Clyde Edwards-Helaire,RB,KC,2025,2,0,0,0,0,0,0,1.6,0.0,,,,,,,,,0,False
4651,00-0033725,Corey Clement,RB,ARI,2017,15,0,0,0,0,0,0,5.83,0.0,,,,,,,,,0,False
4651,00-0033725,Corey Clement,RB,ARI,2018,11,5,1,0,2,3,2,6.37,31.9,116.4,119.0,RB45,8.6,43.0,154.0,168.0,RB53,0,False
4651,00-0033725,Corey Clement,RB,ARI,2019,2,13,0,0,2,11,3,0.0,0.0,,,,,,,,,0,False
4651,00-0033725,Corey Clement,RB,ARI,2020,10,1,0,0,0,1,1,1.85,1.9,,,,,,,,,0,False
4651,00-0033725,Corey Clement,RB,ARI,2021,11,0,0,0,0,0,0,2.35,0.0,,,,,,,,,0,False
4651,00-0033725,Corey Clement,RB,ARI,2022,5,0,0,0,0,0,0,3.88,0.0,,,,,,,,,0,False
4651,00-0033725,Corey Clement,RB,ARI,2023,0,0,0,0,0,0,0,3.88,0.0,,,,,,,,,0,True
6790,00-0036275,D'Andre Swift,RB,CHI,2020,13,3,1,0,3,0,2,12.83,38.5,62.7,65.0,RB30,9.29,27.9,105.8,109.0,RB37,0,False
6790,00-0036275,D'Andre Swift,RB,CHI,2021,13,4,7,0,4,0,2,13.68,54.7,33.7,35.0,RB19,11.32,45.3,45.0,46.0,RB18,1,False
6790,00-0036275,D'Andre Swift,RB,CHI,2022,14,3,3,0,3,0,4,11.94,35.8,10.8,10.0,RB7,12.88,38.6,18.5,19.0,RB8,0,False
6790,00-0036275,D'Andre Swift,RB,CHI,2023,16,1,0,0,1,0,1,11.24,11.2,69.3,72.0,RB29,9.63,9.6,53.1,55.0,RB17,0,False
6790,00-0036275,D'Andre Swift,RB,CHI,2024,17,0,3,0,0,0,3,11.38,0.0,57.9,62.0,RB23,10.39,0.0,66.8,71.0,RB21,0,False
6790,00-0036275,D'Andre Swift,RB,CHI,2025,16,1,6,0,1,0,4,13.22,13.2,59.3,60.0,RB23,10.27,10.3,67.9,70.0,RB22,0,False
6790,00-0036275,D'Andre Swift,RB,CHI,2026,4,0,0,0,0,0,0,14.62,0.0,40.8,25.0,RB12,12.81,0.0,57.1,60.0,RB19,0,False
6694,00-0035628,D'Ernest Johnson,RB,NE,2021,13,0,0,0,0,0,0,7.28,0.0,,,,,,,,,0,False
6694,00-0035628,D'Ernest Johnson,RB,NE,2022,9,1,0,0,1,0,1,0.43,0.4,,,,,,,,,0,False
6694,00-0035628,D'Ernest Johnson,RB,NE,2023,16,0,1,0,0,0,1,1.86,0.0,,,,,,,,,0,False
6694,00-0035628,D'Ernest Johnson,RB,NE,2024,12,1,0,0,1,0,1,2.49,2.5,,,,,,,,,0,False
6694,00-0035628,D'Ernest Johnson,RB,NE,2025,5,0,0,0,0,0,0,0.5,0.0,,,,,,,,,0,False
4111,00-0033925,D'Onta Foreman,RB,CLE,2017,9,7,0,0,1,6,2,6.0,42.0,,,,,,130.2,173.0,RB56,0,False
4111,00-0033925,D'Onta Foreman,RB,CLE,2018,1,14,0,0,2,12,4,9.7,135.8,151.3,159.0,RB56,7.72,108.1,152.6,161.0,RB49,0,False
4111,00-0033925,D'Onta Foreman,RB,CLE,2019,0,0,0,0,0,0,0,9.7,0.0,,,,,,,,,0,True
4111,00-0033925,D'Onta Foreman,RB,CLE,2020,5,1,0,0,1,0,1,3.3,3.3,,,,,,,,,0,False
4111,00-0033925,D'Onta Foreman,RB,CLE,2021,9,0,0,0,0,0,0,9.93,0.0,,,,,,,,,0,False
4111,00-0033925,D'Onta Foreman,RB,CLE,2022,16,0,1,0,0,0,1,8.03,0.0,,,,,,150.0,172.0,RB55,0,False
4111,00-0033925,D'Onta Foreman,RB,CLE,2023,9,3,1,0,3,0,2,9.52,28.6,118.2,122.0,RB45,8.45,25.3,142.9,163.0,RB50,1,False
4111,00-0033925,D'Onta Foreman,RB,CLE,2024,10,0,0,0,0,0,0,2.96,0.0,,,,,,,,,0,False
4029,00-0033893,Dalvin Cook,RB,DAL,2017,4,12,0,0,0,12,2,14.98,179.8,,,,,,39.4,41.0,RB15,0,False
4029,00-0033893,Dalvin Cook,RB,DAL,2018,11,5,2,0,5,0,1,12.0,60.0,15.0,15.0,RB11,14.33,71.7,14.8,14.0,RB10,1,False
4029,00-0033893,Dalvin Cook,RB,DAL,2019,14,2,0,0,2,0,2,18.99,38.0,12.7,13.0,RB9,13.95,27.9,17.1,19.0,RB10,0,False
4029,00-0033893,Dalvin Cook,RB,DAL,2020,14,2,1,0,2,0,3,22.56,45.1,6.1,6.0,RB6,16.91,33.8,7.9,8.0,RB5,0,False
4029,00-0033893,Dalvin Cook,RB,DAL,2021,13,4,2,0,3,1,3,14.56,58.2,2.5,2.0,RB2,20.43,81.7,2.7,3.0,RB2,0,False
4029,00-0033893,Dalvin Cook,RB,DAL,2022,17,0,0,0,0,0,0,12.84,0.0,5.8,5.0,RB4,14.21,0.0,11.4,12.0,RB6,0,False
4029,00-0033893,Dalvin Cook,RB,DAL,2023,14,0,1,0,0,0,1,2.34,0.0,,,,,,73.9,77.0,RB27,0,False
4029,00-0033893,Dalvin Cook,RB,DAL,2024,2,0,0,0,0,0,0,1.75,0.0,,,,,,,,,0,False
8129,00-0037258,Dameon Pierce,RB,PHI,2022,13,4,0,0,0,4,1,11.65,46.6,76.4,77.0,RB32,9.27,37.1,86.7,91.0,RB32,0,False
8129,00-0037258,Dameon Pierce,RB,PHI,2023,14,3,1,0,3,0,1,5.44,16.3,50.7,53.0,RB22,10.37,31.1,53.7,56.0,RB18,0,False
8129,00-0037258,Dameon Pierce,RB,PHI,2024,10,6,0,0,6,0,2,4.25,25.5,,,,,,148.2,169.0,RB48,0,False
8129,00-0037258,Dameon Pierce,RB,PHI,2025,5,0,0,0,0,0,0,0.72,0.0,,,,,,,,,0,False
8129,00-0037258,Dameon Pierce,RB,PHI,2026,0,0,0,0,0,0,0,0.72,0.0,,,,,,,,,0,True
5890,00-0035657,Damien Harris,RB,BUF,2019,1,2,0,0,2,0,1,1.2,2.4,146.4,152.0,RB53,7.08,14.2,,,,0,False
5890,00-0035657,Damien Harris,RB,BUF,2020,10,6,4,0,2,4,3,8.88,53.3,102.4,108.0,RB45,7.37,44.2,142.2,148.0,RB49,0,False
5890,00-0035657,Damien Harris,RB,BUF,2021,15,2,5,0,2,0,4,13.41,26.8,53.8,56.0,RB26,10.05,20.1,70.6,73.0,RB27,0,False
5890,00-0035657,Damien Harris,RB,BUF,2022,11,6,0,0,6,0,3,7.49,44.9,53.5,54.0,RB24,9.95,59.7,85.2,88.0,RB31,1,False
5890,00-0035657,Damien Harris,RB,BUF,2023,6,11,0,0,0,11,2,3.0,33.0,96.2,100.0,RB37,8.97,98.7,115.3,119.0,RB41,0,False
1833,00-0030874,Damien Williams,RB,ARI,2016,15,0,0,0,0,0,0,5.46,0.0,,,,,,,,,0,False
1833,00-0030874,Damien Williams,RB,ARI,2017,10,5,2,0,5,0,3,4.96,24.8,,,,,,,,,0,False
1833,00-0030874,Damien Williams,RB,ARI,2018,13,0,0,0,0,0,0,6.7,0.0,,,,,,,,,0,False
1833,00-0030874,Damien Williams,RB,ARI,2019,11,5,2,0,5,0,3,11.46,57.3,26.4,27.0,RB14,12.24,61.2,25.5,26.0,RB12,0,False
1833,00-0030874,Damien Williams,RB,ARI,2020,0,9,0,0,0,9,2,11.46,103.1,,,,,,154.1,166.0,RB53,0,True
1833,00-0030874,Damien Williams,RB,ARI,2021,12,5,0,0,4,1,3,4.39,21.9,167.7,207.0,RB66,6.28,31.4,,,,0,False
1833,00-0030874,Damien Williams,RB,ARI,2022,1,12,0,0,0,12,1,0.2,2.4,,,,,,,,,0,False
1833,00-0030874,Damien Williams,RB,ARI,2023,3,0,0,0,0,0,0,2.17,0.0,,,,,,,,,0,False
735,00-0026019,Danny Woodhead,RB,BAL,2016,2,14,0,0,0,14,2,12.05,168.7,,,,,,87.1,89.0,RB31,0,False
735,00-0026019,Danny Woodhead,RB,BAL,2017,8,8,0,0,0,8,1,5.26,42.1,,,,,,77.9,81.0,RB28,0,False
4718,00-0033854,Dare Ogunbowale,RB,HOU,2019,16,0,0,0,0,0,0,3.61,0.0,155.7,168.0,RB61,6.53,0.0,,,,0,False
4718,00-0033854,Dare Ogunbowale,RB,HOU,2020,10,1,0,0,1,0,1,2.49,2.5,,,,,,,,,0,False
4718,00-0033854,Dare Ogunbowale,RB,HOU,2021,13,0,0,0,0,0,0,3.35,0.0,,,,,,,,,0,False
4718,00-0033854,Dare Ogunbowale,RB,HOU,2022,15,0,1,0,0,0,1,2.58,0.0,,,,,,,,,0,False
4718,00-0033854,Dare Ogunbowale,RB,HOU,2023,9,1,0,0,1,0,1,0.7,0.7,,,,,,,,,0,False
4718,00-0033854,Dare Ogunbowale,RB,HOU,2024,16,0,0,0,0,0,0,2.91,0.0,,,,,,,,,0,False
4718,00-0033854,Dare Ogunbowale,RB,HOU,2025,14,0,0,0,0,0,0,1.36,0.0,,,,,,,,,0,False
4718,00-0033854,Dare Ogunbowale,RB,HOU,2026,0,0,0,0,0,0,0,1.36,0.0,,,,,,,,,0,True
5549,00-0034301,Darrel Williams,RB,NO,2019,9,5,0,0,1,4,2,6.7,33.5,,,,,,,,,0,False
5549,00-0034301,Darrel Williams,RB,NO,2020,13,1,0,0,1,0,1,3.5,3.5,149.6,159.0,RB61,5.93,5.9,,,,0,False
5549,00-0034301,Darrel Williams,RB,NO,2021,17,0,0,0,0,0,0,10.15,0.0,148.1,160.0,RB54,7.09,0.0,152.0,184.0,RB55,0,False
5549,00-0034301,Darrel Williams,RB,NO,2022,5,11,1,0,2,9,3,3.82,42.0,,,,,,,,,0,False
5549,00-0034301,Darrel Williams,RB,NO,2023,0,0,0,0,0,0,0,3.82,0.0,,,,,,,,,0,True
5916,00-0035664,Darrell Henderson,RB,LAR,2019,9,1,0,0,0,1,1,2.27,2.3,98.4,100.0,RB40,8.17,8.2,105.1,107.0,RB37,0,False
5916,00-0035664,Darrell Henderson,RB,LAR,2020,15,1,0,0,0,1,1,8.15,8.2,114.3,119.0,RB48,7.07,7.1,122.5,126.0,RB43,0,False
5916,00-0035664,Darrell Henderson,RB,LAR,2021,12,5,1,0,2,3,4,12.41,62.0,35.7,37.0,RB20,11.11,55.5,49.4,51.0,RB20,0,False
5916,00-0035664,Darrell Henderson,RB,LAR,2022,10,1,0,0,1,0,1,6.5,6.5,138.1,118.0,RB43,8.56,8.6,117.7,121.0,RB43,0,False
5916,00-0035664,Darrell Henderson,RB,LAR,2023,4,0,0,0,0,0,0,9.62,0.0,,,,,,,,,0,False
326,00-0026144,Darren McFadden,RB,DAL,2016,3,0,1,0,0,0,1,3.97,0.0,,,,,,155.9,175.0,RB56,0,False
326,00-0026144,Darren McFadden,RB,DAL,2017,1,0,0,0,0,0,0,-0.2,-0.0,,,,,,93.7,100.0,RB35,0,False
246,00-0023564,Darren Sproles,RB,PHI,2016,15,1,0,0,1,0,1,9.1,9.1,,,,,,156.8,178.0,RB57,0,False
246,00-0023564,Darren Sproles,RB,PHI,2017,3,13,0,0,0,13,2,5.63,73.2,,,,,,126.6,152.0,RB47,0,False
246,00-0023564,Darren Sproles,RB,PHI,2018,6,10,1,0,10,0,2,8.92,89.2,,,,,,,,,0,False
246,00-0023564,Darren Sproles,RB,PHI,2019,6,10,0,0,3,7,2,2.33,23.3,,,,,,,,,0,False
246,00-0023564,Darren Sproles,RB,PHI,2020,0,0,0,0,0,0,0,2.33,0.0,,,,,,,,,0,True
6178,00-0035148,Darwin Thompson,RB,LV,2019,10,0,0,0,0,0,0,2.76,0.0,83.2,85.0,RB36,8.57,0.0,118.8,122.0,RB41,0,False
6178,00-0035148,Darwin Thompson,RB,LV,2020,5,2,0,0,2,0,1,5.94,11.9,,,,,,,,,0,False
6178,00-0035148,Darwin Thompson,RB,LV,2021,0,0,0,0,0,0,0,5.94,0.0,,,,,,,,,0,True
6178,00-0035148,Darwin Thompson,RB,LV,2022,0,0,0,0,0,0,0,5.94,0.0,,,,,,,,,0,True
6178,00-0035148,Darwin Thompson,RB,LV,2023,0,0,0,0,0,0,0,5.94,0.0,,,,,,,,,0,True
2391,00-0032187,David Johnson,RB,NO,2016,16,0,0,0,0,0,0,22.99,0.0,,,,,,8.7,9.0,RB3,0,False
2391,00-0032187,David Johnson,RB,NO,2017,1,15,0,0,0,15,2,10.0,150.0,,,,,,1.3,1.0,RB1,0,False
2391,00-0032187,David Johnson,RB,NO,2018,16,0,0,0,0,0,0,13.85,0.0,3.8,3.0,RB3,19.6,0.0,3.2,3.0,RB3,0,False
2391,00-0032187,David Johnson,RB,NO,2019,12,2,2,0,2,0,2,10.29,20.6,6.2,5.0,RB5,16.23,32.5,7.3,7.0,RB5,1,False
2391,00-0032187,David Johnson,RB,NO,2020,12,4,0,0,0,4,2,13.58,54.3,29.3,30.0,RB18,11.71,46.8,44.0,45.0,RB19,1,False
2391,00-0032187,David Johnson,RB,NO,2021,13,4,0,0,2,2,2,5.02,20.1,98.2,101.0,RB40,8.31,33.2,116.3,123.0,RB40,1,False
2391,00-0032187,David Johnson,RB,NO,2022,4,0,0,0,0,0,0,1.78,0.0,,,,,,,,,0,False
5892,00-0035685,David Montgomery,RB,HOU,2019,16,0,1,0,0,0,1,9.87,0.0,30.5,31.0,RB18,11.26,0.0,44.4,45.0,RB20,0,False
5892,00-0035685,David Montgomery,RB,HOU,2020,15,1,1,0,1,0,2,15.85,15.8,53.2,57.0,RB27,9.79,9.8,62.4,63.0,RB23,0,False
5892,00-0035685,David Montgomery,RB,HOU,2021,13,4,0,0,0,4,1,13.38,53.5,25.7,27.0,RB16,12.01,48.0,35.4,36.0,RB15,0,False
5892,00-0035685,David Montgomery,RB,HOU,2022,16,1,1,0,1,0,1,10.04,10.0,38.1,39.0,RB19,10.51,10.5,48.8,50.0,RB18,1,False
5892,00-0035685,David Montgomery,RB,HOU,2023,14,3,1,0,3,0,2,14.23,42.7,62.4,64.0,RB25,10.03,30.1,77.2,81.0,RB29,0,False
5892,00-0035685,David Montgomery,RB,HOU,2024,14,3,1,0,3,0,2,14.55,43.7,51.1,54.0,RB20,11.02,33.1,115.1,120.0,RB37,0,False
5892,00-0035685,David Montgomery,RB,HOU,2025,17,0,1,0,0,0,1,9.11,0.0,58.9,59.0,RB22,10.43,0.0,63.6,65.0,RB21,1,False
5892,00-0035685,David Montgomery,RB,HOU,2026,4,0,0,0,0,0,0,10.22,0.0,54.8,30.0,RB13,12.51,0.0,65.8,66.0,RB21,0,False
9226,00-0039040,De'Von Achane,RB,MIA,2023,11,6,2,0,2,4,4,16.11,96.7,113.7,118.0,RB43,8.57,51.4,145.3,165.0,RB51,1,False
9226,00-0039040,De'Von Achane,RB,MIA,2024,17,0,1,0,0,0,1,15.35,0.0,21.9,23.0,RB12,13.31,0.0,36.7,38.0,RB11,0,False
9226,00-0039040,De'Von Achane,RB,MIA,2025,16,1,0,0,1,0,1,18.08,18.1,14.9,16.0,RB9,13.63,13.6,28.2,29.0,RB11,0,False
9226,00-0039040,De'Von Achane,RB,MIA,2026,3,1,0,0,0,1,1,7.03,7.0,,,,,,23.8,23.0,RB7,0,False
3300,00-0032940,DeAndre Washington,RB,MIA,2016,13,0,0,0,0,0,0,5.9,0.0,,,,,,146.3,158.0,RB52,0,False
3300,00-0032940,DeAndre Washington,RB,MIA,2017,15,1,1,0,1,0,1,4.53,4.5,,,,,,,,,0,False
3300,00-0032940,DeAndre Washington,RB,MIA,2018,8,2,0,0,2,0,1,1.36,2.7,,,,,,,,,0,False
3300,00-0032940,DeAndre Washington,RB,MIA,2019,16,0,0,0,0,0,0,6.49,0.0,,,,,,,,,0,False
3300,00-0032940,DeAndre Washington,RB,MIA,2020,4,1,0,0,1,0,1,3.65,3.6,156.8,176.0,RB65,5.63,5.6,,,,0,False
306,00-0024242,DeAngelo Williams,RB,PIT,2016,8,8,1,0,8,0,2,11.39,91.1,,,,,,99.8,103.0,RB36,0,False
904,00-0028009,DeMarco Murray,RB,TEN,2016,16,0,0,0,0,0,0,16.71,0.0,,,,,,51.6,53.0,RB18,0,False
904,00-0028009,DeMarco Murray,RB,TEN,2017,15,1,2,0,1,0,3,10.13,10.1,,,,,,17.9,19.0,RB7,0,False
7551,00-0036493,Deon Jackson,RB,DET,2022,12,1,0,0,1,0,1,5.79,5.8,,,,,,,,,0,False
7551,00-0036493,Deon Jackson,RB,DET,2023,2,2,0,0,2,0,1,0.75,1.5,,,,,,,,,0,False
7551,00-0036493,Deon Jackson,RB,DET,2024,0,0,0,0,0,0,0,0.75,0.0,,,,,,,,,0,True
7551,00-0036493,Deon Jackson,RB,DET,2025,0,0,0,0,0,0,0,0.75,0.0,,,,,,,,,0,True
3198,00-0032764,Derrick Henry,RB,BAL,2016,14,0,0,0,0,0,0,7.09,0.0,,,,,,105.6,107.0,RB38,0,False
3198,00-0032764,Derrick Henry,RB,BAL,2017,16,0,0,0,0,0,0,8.09,0.0,,,,,,92.7,95.0,RB32,0,False
3198,00-0032764,Derrick Henry,RB,BAL,2018,16,0,0,0,0,0,0,12.12,0.0,37.3,38.0,RB20,11.9,0.0,38.7,40.0,RB17,0,False
3198,00-0032764,Derrick Henry,RB,BAL,2019,15,1,1,0,1,0,1,19.04,19.0,40.5,42.0,RB23,10.31,10.3,50.4,51.0,RB22,0,False
3198,00-0032764,Derrick Henry,RB,BAL,2020,16,0,0,0,0,0,0,20.23,0.0,6.6,7.0,RB7,16.18,0.0,9.6,9.0,RB6,0,False
3198,00-0032764,Derrick Henry,RB,BAL,2021,8,9,0,0,0,9,2,23.04,207.4,3.7,4.0,RB4,17.63,158.7,5.7,6.0,RB4,0,False
3198,00-0032764,Derrick Henry,RB,BAL,2022,16,1,0,0,1,0,1,17.89,17.9,4.1,3.0,RB3,14.89,14.9,7.5,7.0,RB4,0,False
3198,00-0032764,Derrick Henry,RB,BAL,2023,17,0,0,0,0,0,0,13.69,0.0,12.6,12.0,RB6,13.86,0.0,20.3,21.0,RB6,0,False
3198,00-0032764,Derrick Henry,RB,BAL,2024,17,0,0,0,0,0,0,19.23,0.0,13.1,13.0,RB7,15.73,0.0,27.9,28.0,RB8,0,False
3198,00-0032764,Derrick Henry,RB,BAL,2025,17,0,0,0,0,0,0,16.0,0.0,5.7,5.0,RB4,16.53,0.0,8.7,9.0,RB3,0,False
3198,00-0032764,Derrick Henry,RB,BAL,2026,4,0,0,0,0,0,0,21.82,0.0,,,,,,11.6,12.0,RB5,0,False
4949,00-0034358,Derrius Guice,RB,WAS,2019,5,11,0,0,0,11,2,10.78,118.6,68.7,70.0,RB32,9.03,99.3,82.4,82.0,RB29,0,False
9505,00-0038622,Deuce Vaughn,RB,HOU,2023,6,1,0,0,0,1,1,1.92,1.9,,,,,,162.9,193.0,RB56,0,False
9505,00-0038622,Deuce Vaughn,RB,HOU,2024,5,0,0,0,0,0,0,2.06,0.0,,,,,,,,,0,False
9505,00-0038622,Deuce Vaughn,RB,HOU,2025,0,0,0,0,0,0,0,2.06,0.0,,,,,,,,,0,True
9505,00-0038622,Deuce Vaughn,RB,HOU,2026,0,0,0,0,0,0,0,2.06,0.0,,,,,,,,,0,True
6130,00-0035250,Devin Singletary,RB,NYG,2019,12,3,0,0,3,0,1,11.12,33.4,84.1,87.0,RB37,8.47,25.4,119.1,124.0,RB42,1,False
6130,00-0035250,Devin Singletary,RB,NYG,2020,16,0,0,0,0,0,0,7.79,0.0,42.5,44.0,RB24,10.35,0.0,51.7,53.0,RB22,0,False
6130,00-0035250,Devin Singletary,RB,NYG,2021,17,0,0,0,0,0,0,10.46,0.0,88.8,93.0,RB38,8.51,0.0,106.8,111.0,RB38,0,False
6130,00-0035250,Devin Singletary,RB,NYG,2022,16,0,0,0,0,0,0,9.93,0.0,74.8,74.0,RB30,9.42,0.0,94.4,98.0,RB34,0,False
6130,00-0035250,Devin Singletary,RB,NYG,2023,17,0,0,0,0,0,0,8.96,0.0,122.0,127.0,RB47,8.33,0.0,132.9,143.0,RB47,0,False
6130,00-0035250,Devin Singletary,RB,NYG,2024,15,2,0,0,2,0,1,5.74,11.5,109.7,113.0,RB39,8.03,16.1,82.9,88.0,RB25,0,False
6130,00-0035250,Devin Singletary,RB,NYG,2025,17,0,0,0,0,0,0,5.87,0.0,,,,,,,,,0,False
6130,00-0035250,Devin Singletary,RB,NYG,2026,2,0,0,0,0,0,0,6.35,0.0,,,,,,,,,0,False
2168,00-0031285,Devonta Freeman,RB,BAL,2016,16,0,0,0,0,0,0,16.07,0.0,,,,,,21.9,23.0,RB8,0,False
2168,00-0031285,Devonta Freeman,RB,BAL,2017,14,2,0,0,2,0,1,13.01,26.0,,,,,,12.3,13.0,RB5,1,False
2168,00-0031285,Devonta Freeman,RB,BAL,2018,2,14,0,0,4,10,3,5.8,81.2,19.2,20.0,RB13,13.65,191.1,20.9,22.0,RB12,0,False
2168,00-0031285,Devonta Freeman,RB,BAL,2019,14,2,0,0,2,0,1,12.01,24.0,29.4,29.0,RB16,11.72,23.4,33.0,34.0,RB16,0,False
2168,00-0031285,Devonta Freeman,RB,BAL,2020,5,9,0,0,2,7,2,6.5,58.5,,,,,,,,,1,False
2168,00-0031285,Devonta Freeman,RB,BAL,2021,16,0,0,0,0,0,0,8.1,0.0,,,,,,,,,0,False
3209,00-0032972,Devontae Booker,RB,NYG,2016,16,0,0,0,0,0,0,7.95,0.0,,,,,,142.3,149.0,RB47,0,False
3209,00-0032972,Devontae Booker,RB,NYG,2017,13,2,0,0,2,0,1,5.88,11.8,,,,,,,,,0,False
3209,00-0032972,Devontae Booker,RB,NYG,2018,16,0,0,0,0,0,0,4.3,0.0,155.3,168.0,RB59,7.5,0.0,153.9,167.0,RB52,0,False
3209,00-0032972,Devontae Booker,RB,NYG,2019,9,0,0,0,0,0,0,1.07,0.0,,,,,,,,,0,False
3209,00-0032972,Devontae Booker,RB,NYG,2020,15,0,0,0,0,0,0,5.15,0.0,,,,,,,,,0,False
3209,00-0032972,Devontae Booker,RB,NYG,2021,16,0,1,0,0,0,1,7.76,0.0,156.8,180.0,RB59,6.73,0.0,,,,0,False
788,00-0028087,Dion Lewis,RB,NYG,2017,16,0,1,0,0,0,1,11.69,0.0,,,,,,108.9,117.0,RB40,0,False
788,00-0028087,Dion Lewis,RB,NYG,2018,16,0,0,0,0,0,0,8.2,0.0,56.2,58.0,RB26,10.83,0.0,70.3,72.0,RB24,0,False
788,00-0028087,Dion Lewis,RB,NYG,2019,15,0,0,0,0,0,0,3.59,0.0,139.5,147.0,RB52,7.15,0.0,,,,0,False
788,00-0028087,Dion Lewis,RB,NYG,2020,16,0,0,0,0,0,0,3.11,0.0,,,,,,,,,0,False
5536,00-0034253,Dontrell Hilliard,RB,TEN,2021,8,0,0,0,0,0,0,7.9,0.0,,,,,,,,,0,False
5536,00-0034253,Dontrell Hilliard,RB,TEN,2022,12,5,0,0,1,4,2,5.56,27.8,,,,,,,,,0,False
1195,00-0029613,Doug Martin,RB,LV,2016,8,7,1,0,7,0,3,9.81,68.7,,,,,,29.7,31.0,RB10,1,False
1195,00-0029613,Doug Martin,RB,LV,2017,11,1,0,0,1,0,1,6.5,6.5,,,,,,62.1,65.0,RB21,1,False
1195,00-0029613,Doug Martin,RB,LV,2018,16,0,1,0,0,0,1,6.93,0.0,157.9,174.0,RB61,7.37,0.0,155.3,169.0,RB54,0,False
1195,00-0029613,Doug Martin,RB,LV,2019,0,0,0,0,0,0,0,6.93,0.0,,,,,,,,,0,True
2382,00-0032257,Duke Johnson,RB,BUF,2016,16,0,1,0,0,0,1,7.36,0.0,,,,,,81.0,84.0,RB29,0,False
2382,00-0032257,Duke Johnson,RB,BUF,2017,16,0,0,0,0,0,0,11.19,0.0,,,,,,125.3,146.0,RB45,0,False
2382,00-0032257,Duke Johnson,RB,BUF,2018,16,0,0,0,0,0,0,6.78,0.0,97.6,100.0,RB42,8.88,0.0,118.2,120.0,RB41,0,False
2382,00-0032257,Duke Johnson,RB,BUF,2019,16,0,0,0,0,0,0,8.25,0.0,50.3,52.0,RB26,9.84,0.0,92.7,93.0,RB34,0,False
2382,00-0032257,Duke Johnson,RB,BUF,2020,11,5,0,0,5,0,2,6.4,32.0,139.1,145.0,RB56,6.34,31.7,148.7,157.0,RB50,1,False
2382,00-0032257,Duke Johnson,RB,BUF,2021,5,0,0,0,0,0,0,11.42,0.0,,,,,,,,,0,False
2382,00-0032257,Duke Johnson,RB,BUF,2022,1,0,0,0,0,0,0,0.4,0.0,,,,,,,,,0,False
12469,00-0040162,Dylan Sampson,RB,CLE,2025,15,2,2,0,2,0,2,4.74,9.5,,,,,,142.5,166.0,RB45,0,False
12469,00-0040162,Dylan Sampson,RB,CLE,2026,1,3,0,0,0,3,1,0.0,0.0,,,,,,,,,0,False
1527,00-0030485,Eddie Lacy,RB,SEA,2016,5,11,1,0,0,11,1,8.16,89.8,,,,,,24.8,26.0,RB9,0,False
1527,00-0030485,Eddie Lacy,RB,SEA,2017,9,2,0,0,2,0,2,2.84,5.7,,,,,,100.9,104.0,RB37,0,False
4263,00-0033295,Elijah McGuire,RB,KC,2017,15,0,1,0,0,0,1,4.65,0.0,,,,,,,,,0,False
4263,00-0033295,Elijah McGuire,RB,KC,2018,8,8,0,0,0,8,1,9.55,76.4,,,,,,,,,0,False
4263,00-0033295,Elijah McGuire,RB,KC,2019,0,0,0,0,0,0,0,9.55,0.0,,,,,,,,,0,True
4263,00-0033295,Elijah McGuire,RB,KC,2020,0,0,0,0,0,0,0,9.55,0.0,,,,,,,,,0,True
4263,00-0033295,Elijah McGuire,RB,KC,2021,0,0,0,0,0,0,0,9.55,0.0,,,,,,,,,0,True
7561,00-0036567,Elijah Mitchell,RB,NE,2021,11,6,3,0,6,0,5,14.14,84.8,,,,,,,,,0,False
7561,00-0036567,Elijah Mitchell,RB,NE,2022,5,12,0,0,0,12,2,8.42,101.0,41.8,42.0,RB20,10.38,124.6,57.7,61.0,RB22,0,False
7561,00-0036567,Elijah Mitchell,RB,NE,2023,11,5,1,0,5,0,2,4.05,20.2,100.6,105.0,RB40,8.76,43.8,115.3,120.0,RB42,0,False
7561,00-0036567,Elijah Mitchell,RB,NE,2024,0,17,0,0,0,17,2,4.05,68.8,,,,,,158.7,195.0,RB55,0,True
7561,00-0036567,Elijah Mitchell,RB,NE,2025,1,0,0,0,0,0,0,0.0,0.0,,,,,,,,,0,False
11435,00-0038797,Emanuel Wilson,RB,SEA,2024,17,0,1,0,0,0,1,5.32,0.0,,,,,,,,,0,False
11435,00-0038797,Emanuel Wilson,RB,SEA,2025,17,0,1,0,0,0,1,5.12,0.0,,,,,,,,,0,False
11435,00-0038797,Emanuel Wilson,RB,SEA,2026,4,0,0,0,0,0,0,9.1,0.0,,,,,,,,,0,False
11199,00-0038705,Emari Demercado,RB,DAL,2023,11,3,1,0,3,0,1,5.71,17.1,,,,,,,,,0,False
11199,00-0038705,Emari Demercado,RB,DAL,2024,13,4,1,0,0,4,2,3.59,14.4,,,,,,,,,0,False
11199,00-0038705,Emari Demercado,RB,DAL,2025,12,4,1,0,4,0,2,4.32,17.3,,,,,,,,,0,False
11199,00-0038705,Emari Demercado,RB,DAL,2026,2,0,0,0,0,0,0,0.75,0.0,,,,,,,,,0,False
6951,00-0036383,Eno Benjamin,RB,NO,2022,13,0,0,0,0,0,0,5.93,0.0,,,,,,,,,0,False
6951,00-0036383,Eno Benjamin,RB,NO,2023,0,17,0,0,0,17,2,5.93,100.8,,,,,,,,,0,True
3164,00-0033045,Ezekiel Elliott,RB,DAL,2016,15,0,0,0,0,0,0,20.63,0.0,,,,,,11.8,13.0,RB5,0,False
3164,00-0033045,Ezekiel Elliott,RB,DAL,2017,10,0,0,0,0,0,0,19.02,0.0,,,,,,18.1,20.0,RB8,0,False
3164,00-0033045,Ezekiel Elliott,RB,DAL,2018,15,0,0,0,0,0,0,19.37,0.0,4.0,4.0,RB4,18.43,0.0,3.9,4.0,RB4,0,False
3164,00-0033045,Ezekiel Elliott,RB,DAL,2019,16,0,0,0,0,0,0,17.79,0.0,3.8,4.0,RB4,17.09,0.0,5.1,5.0,RB4,0,False
3164,00-0033045,Ezekiel Elliott,RB,DAL,2020,15,1,3,0,1,0,2,13.18,13.2,3.7,3.0,RB3,20.19,20.2,5.0,5.0,RB3,0,False
3164,00-0033045,Ezekiel Elliott,RB,DAL,2021,17,0,2,0,0,0,2,13.44,0.0,5.2,5.0,RB5,16.72,0.0,8.2,8.0,RB5,0,False
3164,00-0033045,Ezekiel Elliott,RB,DAL,2022,15,2,1,0,2,0,2,11.82,23.6,27.7,27.0,RB15,11.07,22.1,40.2,41.0,RB15,0,False
3164,00-0033045,Ezekiel Elliott,RB,DAL,2023,17,0,1,0,0,0,1,8.76,0.0,,,,,,102.4,104.0,RB37,0,False
3164,00-0033045,Ezekiel Elliott,RB,DAL,2024,15,0,0,0,0,0,0,3.43,0.0,131.2,136.0,RB47,7.19,0.0,140.2,153.0,RB47,0,False
232,00-0023500,Frank Gore,RB,SF,2016,16,0,0,0,0,0,0,12.2,0.0,,,,,,73.8,73.0,RB24,0,False
232,00-0023500,Frank Gore,RB,SF,2017,16,0,0,0,0,0,0,9.94,0.0,,,,,,93.4,99.0,RB34,0,False
232,00-0023500,Frank Gore,RB,SF,2018,14,2,0,0,0,2,1,6.9,13.8,160.0,180.0,RB65,7.11,14.2,,,,1,False
232,00-0023500,Frank Gore,RB,SF,2019,15,1,0,0,1,0,1,5.89,5.9,149.7,155.0,RB54,7.0,7.0,,,,0,False
232,00-0023500,Frank Gore,RB,SF,2020,15,1,2,0,0,1,3,6.15,6.2,,,,,,,,,1,False
232,00-0023500,Frank Gore,RB,SF,2022,0,0,0,0,0,0,0,6.15,0.0,,,,,,,,,0,True
1386,00-0030456,Giovani Bernard,RB,TB,2016,10,6,0,0,0,6,1,10.28,61.7,,,,,,83.4,86.0,RB30,0,False
1386,00-0030456,Giovani Bernard,RB,TB,2017,16,0,0,0,0,0,0,8.14,0.0,,,,,,,,,0,False
1386,00-0030456,Giovani Bernard,RB,TB,2018,12,4,1,0,4,0,2,6.53,26.1,143.7,151.0,RB54,7.86,31.4,159.8,182.0,RB57,0,False
1386,00-0030456,Giovani Bernard,RB,TB,2019,16,0,0,0,0,0,0,3.34,0.0,155.3,167.0,RB60,6.59,0.0,,,,0,False
1386,00-0030456,Giovani Bernard,RB,TB,2020,16,0,1,0,0,0,1,8.41,0.0,,,,,,,,,0,False
1386,00-0030456,Giovani Bernard,RB,TB,2021,10,5,1,0,1,4,2,4.76,23.8,124.7,131.0,RB49,7.48,37.4,130.5,139.0,RB45,0,False
1386,00-0030456,Giovani Bernard,RB,TB,2022,4,9,0,0,1,8,2,0.93,8.4,,,,,,,,,0,False
5248,00-0034184,Gus Edwards,RB,LAC,2018,11,0,1,0,0,0,1,8.07,0.0,,,,,,,,,0,False
5248,00-0034184,Gus Edwards,RB,LAC,2019,16,0,0,0,0,0,0,5.57,0.0,,,,,,,,,0,False
5248,00-0034184,Gus Edwards,RB,LAC,2020,16,0,1,0,0,0,1,7.73,0.0,,,,,,,,,0,False
5248,00-0034184,Gus Edwards,RB,LAC,2021,0,17,0,0,0,17,2,9.47,161.0,67.2,69.0,RB30,9.47,161.0,85.7,87.0,RB30,0,True
5248,00-0034184,Gus Edwards,RB,LAC,2022,9,8,2,0,2,6,4,6.59,52.7,,,,,,,,,0,False
5248,00-0034184,Gus Edwards,RB,LAC,2023,17,0,0,0,0,0,0,10.65,0.0,141.3,152.0,RB53,8.01,0.0,,,,0,False
5248,00-0034184,Gus Edwards,RB,LAC,2024,11,6,1,0,2,4,2,5.69,34.1,86.9,89.0,RB31,9.06,54.4,87.4,92.0,RB27,0,False
11651,00-0039363,Isaac Guerendo,RB,SF,2024,16,1,1,0,1,0,1,5.54,5.5,,,,,,,,,0,False
11651,00-0039363,Isaac Guerendo,RB,SF,2025,7,0,0,0,0,0,0,0.0,0.0,,,,,,,,,0,False
11651,00-0039363,Isaac Guerendo,RB,SF,2026,0,4,0,0,0,4,1,0.0,0.0,,,,,,,,,0,True
1901,00-0030656,Isaiah Crowell,RB,LV,2016,16,0,0,0,0,0,0,11.57,0.0,,,,,,111.8,113.0,RB40,0,False
1901,00-0030656,Isaiah Crowell,RB,LV,2017,16,0,0,0,0,0,0,8.09,0.0,,,,,,36.2,37.0,RB13,0,False
1901,00-0030656,Isaiah Crowell,RB,LV,2018,13,3,3,0,0,3,3,10.02,30.1,83.1,84.0,RB35,9.62,28.9,104.5,110.0,RB38,1,False
1901,00-0030656,Isaiah Crowell,RB,LV,2019,0,16,0,0,0,16,2,10.02,160.3,,,,,,,,,0,True
1901,00-0030656,Isaiah Crowell,RB,LV,2020,0,0,0,0,0,0,0,10.02,0.0,,,,,,,,,0,True
11571,00-0039798,Isaiah Davis,RB,NYJ,2025,16,1,0,0,0,1,1,3.79,3.8,,,,,,,,,0,False
11571,00-0039798,Isaiah Davis,RB,NYJ,2026,3,1,0,0,1,0,1,0.0,0.0,,,,,,,,,0,False
8153,00-0038045,Isaiah Spiller,RB,LV,2022,5,1,0,0,1,0,1,1.38,1.4,,,,,,133.9,142.0,RB48,0,False
8153,00-0038045,Isaiah Spiller,RB,LV,2023,9,1,0,0,1,0,1,1.78,1.8,,,,,,,,,0,False
8153,00-0038045,Isaiah Spiller,RB,LV,2024,0,0,0,0,0,0,0,1.78,0.0,,,,,,,,,0,True
8205,00-0037197,Isiah Pacheco,RB,DET,2022,17,0,0,0,0,0,0,7.56,0.0,109.8,104.0,RB40,8.74,0.0,134.6,144.0,RB50,0,False
8205,00-0037197,Isiah Pacheco,RB,DET,2023,14,3,2,0,3,0,4,13.71,41.1,59.6,62.0,RB24,10.14,30.4,81.4,84.0,RB30,0,False
8205,00-0037197,Isiah Pacheco,RB,DET,2024,7,10,0,0,1,9,4,7.27,72.7,21.0,21.0,RB11,13.7,137.0,32.7,34.0,RB10,0,False
8205,00-0037197,Isiah Pacheco,RB,DET,2025,13,4,0,0,4,0,3,5.98,23.9,63.4,66.0,RB26,9.83,39.3,76.2,79.0,RB25,0,False
8205,00-0037197,Isiah Pacheco,RB,DET,2026,0,4,0,0,0,4,1,5.98,23.9,,,,,,,,,0,True
5004,00-0034378,Ito Smith,RB,DAL,2018,13,2,1,0,0,2,1,6.48,13.0,,,,,,,,,0,False
5004,00-0034378,Ito Smith,RB,DAL,2019,7,9,0,0,1,8,2,4.4,39.6,153.5,158.0,RB56,6.86,61.7,,,,1,False
5004,00-0034378,Ito Smith,RB,DAL,2020,14,0,0,0,0,0,0,3.49,0.0,,,,,,,,,0,False
5004,00-0034378,Ito Smith,RB,DAL,2021,1,0,0,0,0,0,0,6.4,0.0,,,,,,,,,0,False
3664,00-0032602,J.D. McKissic,RB,WAS,2017,12,0,0,0,0,0,0,6.69,0.0,,,,,,,,,0,False
3664,00-0032602,J.D. McKissic,RB,WAS,2018,3,11,0,0,0,11,2,0.27,3.0,,,,,,,,,0,False
3664,00-0032602,J.D. McKissic,RB,WAS,2019,15,0,0,0,0,0,0,4.45,0.0,,,,,,,,,0,False
3664,00-0032602,J.D. McKissic,RB,WAS,2020,16,0,0,0,0,0,0,9.46,0.0,,,,,,,,,0,False
3664,00-0032602,J.D. McKissic,RB,WAS,2021,11,6,0,0,2,4,1,9.67,58.0,123.9,130.0,RB48,7.57,45.4,148.5,173.0,RB52,0,False
3664,00-0032602,J.D. McKissic,RB,WAS,2022,8,9,0,0,2,7,2,5.29,47.6,,,,,,138.2,149.0,RB51,0,False
6806,00-0036158,J.K. Dobbins,RB,DEN,2020,15,1,0,0,0,1,1,10.63,10.6,69.6,70.0,RB31,9.14,9.1,87.0,88.0,RB31,0,False
6806,00-0036158,J.K. Dobbins,RB,DEN,2021,0,17,0,0,0,17,2,10.63,180.7,,,,,,,,,0,True
6806,00-0036158,J.K. Dobbins,RB,DEN,2022,8,9,1,0,3,6,4,9.71,87.4,36.2,36.0,RB18,10.63,95.7,53.2,54.0,RB20,0,False
6806,00-0036158,J.K. Dobbins,RB,DEN,2023,1,16,0,0,0,16,2,10.7,171.2,46.0,48.0,RB19,10.76,172.2,65.2,66.0,RB24,0,False
6806,00-0036158,J.K. Dobbins,RB,DEN,2024,13,4,1,0,0,4,1,13.52,54.1,120.3,127.0,RB44,7.49,30.0,138.2,151.0,RB46,1,False
6806,00-0036158,J.K. Dobbins,RB,DEN,2025,10,7,0,0,0,7,2,11.04,77.3,90.6,91.0,RB31,9.2,64.4,105.6,109.0,RB31,0,False
6806,00-0036158,J.K. Dobbins,RB,DEN,2026,4,0,0,0,0,0,0,4.8,0.0,,,,,,93.2,93.0,RB28,0,False
6996,00-0035806,JaMycal Hasty,RB,MIA,2022,14,0,0,0,0,0,0,4.29,0.0,,,,,,,,,0,False
6996,00-0035806,JaMycal Hasty,RB,MIA,2023,1,0,0,0,0,0,0,0.0,0.0,,,,,,,,,0,False
6996,00-0035806,JaMycal Hasty,RB,MIA,2024,12,1,1,0,1,0,2,1.98,2.0,,,,,,,,,0,False
6996,00-0035806,JaMycal Hasty,RB,MIA,2025,0,0,0,0,0,0,0,1.98,0.0,,,,,,,,,0,True
12533,00-0040242,Jacory Croskey-Merritt,RB,WAS,2025,17,0,1,0,0,0,1,7.99,0.0,101.6,102.0,RB34,8.87,0.0,108.2,111.0,RB32,0,False
12533,00-0040242,Jacory Croskey-Merritt,RB,WAS,2026,4,0,0,0,0,0,0,7.05,0.0,,,,,,103.9,104.0,RB31,0,False
949,00-0028083,Jacquizz Rodgers,RB,NO,2016,10,5,1,0,4,1,2,8.43,42.1,,,,,,,,,0,False
949,00-0028083,Jacquizz Rodgers,RB,NO,2017,16,0,0,0,0,0,0,2.64,0.0,,,,,,123.3,137.0,RB43,0,False
949,00-0028083,Jacquizz Rodgers,RB,NO,2018,15,0,0,0,0,0,0,4.27,0.0,,,,,,,,,0,False
949,00-0028083,Jacquizz Rodgers,RB,NO,2019,0,0,0,0,0,0,0,4.27,0.0,,,,,,,,,0,True
13286,00-0041512,Jadarian Price,RB,SEA,2026,3,1,0,0,0,1,1,4.0,4.0,61.1,33.0,RB15,11.99,12.0,71.6,76.0,RB24,0,False
9221,00-0039139,Jahmyr Gibbs,RB,DET,2023,15,2,0,0,2,0,1,14.41,28.8,36.1,40.0,RB16,11.22,22.4,47.3,50.0,RB16,0,False
9221,00-0039139,Jahmyr Gibbs,RB,DET,2024,17,0,0,0,0,0,0,19.82,0.0,8.6,9.0,RB4,18.24,0.0,23.5,24.0,RB6,0,False
9221,00-0039139,Jahmyr Gibbs,RB,DET,2025,17,0,0,0,0,0,0,19.32,0.0,4.0,4.0,RB3,17.56,0.0,9.9,11.0,RB4,0,False
9221,00-0039139,Jahmyr Gibbs,RB,DET,2026,4,0,0,0,0,0,0,26.25,0.0,2.2,1.0,RB1,21.91,0.0,1.8,1.0,RB1,0,False
11439,00-0038794,Jaleel McLaughlin,RB,CLE,2023,17,0,0,0,0,0,0,5.32,0.0,,,,,,,,,0,False
11439,00-0038794,Jaleel McLaughlin,RB,CLE,2024,16,1,0,0,1,0,1,5.33,5.3,128.1,132.0,RB46,7.29,7.3,131.9,143.0,RB42,0,False
11439,00-0038794,Jaleel McLaughlin,RB,CLE,2025,8,0,0,0,0,0,0,3.68,0.0,,,,,,,,,0,False
11439,00-0038794,Jaleel McLaughlin,RB,CLE,2026,2,0,0,0,0,0,0,4.55,0.0,,,,,,,,,0,False
3868,00-0033025,Jalen Richard,RB,LV,2016,16,0,1,0,0,0,1,6.31,0.0,,,,,,,,,0,False
3868,00-0033025,Jalen Richard,RB,LV,2017,16,0,0,0,0,0,0,4.79,0.0,,,,,,,,,0,False
3868,00-0033025,Jalen Richard,RB,LV,2018,16,0,0,0,0,0,0,7.66,0.0,,,,,,,,,0,False
3868,00-0033025,Jalen Richard,RB,LV,2019,16,0,0,0,0,0,0,4.05,0.0,,,,,,,,,0,False
3868,00-0033025,Jalen Richard,RB,LV,2020,13,3,0,0,2,1,2,3.2,9.6,,,,,,,,,0,False
3868,00-0033025,Jalen Richard,RB,LV,2021,9,8,0,0,3,5,3,1.91,15.3,,,,,,,,,0,False
323,00-0026213,Jamaal Charles,RB,JAX,2016,3,13,2,0,4,9,2,4.13,53.7,,,,,,20.3,21.0,RB7,0,False
323,00-0026213,Jamaal Charles,RB,JAX,2017,13,0,0,0,0,0,0,4.31,0.0,,,,,,124.7,145.0,RB44,0,False
323,00-0026213,Jamaal Charles,RB,JAX,2018,2,0,0,0,0,0,0,1.2,0.0,,,,,,,,,0,False
4149,00-0033948,Jamaal Williams,RB,NO,2017,15,0,0,0,0,0,0,8.69,0.0,,,,,,134.8,188.0,RB60,0,False
4149,00-0033948,Jamaal Williams,RB,NO,2018,16,0,0,0,0,0,0,6.31,0.0,62.3,65.0,RB29,10.39,0.0,97.7,102.0,RB35,0,False
4149,00-0033948,Jamaal Williams,RB,NO,2019,14,2,0,0,2,0,2,9.06,18.1,,,,,,,,,1,False
4149,00-0033948,Jamaal Williams,RB,NO,2020,14,2,0,0,1,1,2,7.97,15.9,,,,,,165.3,190.0,RB59,1,False
4149,00-0033948,Jamaal Williams,RB,NO,2021,13,4,3,0,2,2,4,8.22,32.9,96.1,99.0,RB39,8.41,33.6,123.9,130.0,RB42,0,False
4149,00-0033948,Jamaal Williams,RB,NO,2022,17,0,0,0,0,0,0,12.94,0.0,,,,,,156.0,182.0,RB57,0,False
4149,00-0033948,Jamaal Williams,RB,NO,2023,13,4,2,0,0,4,2,3.98,15.9,88.6,91.0,RB35,9.12,36.5,100.8,103.0,RB36,0,False
4149,00-0033948,Jamaal Williams,RB,NO,2024,14,3,1,0,3,0,2,2.33,7.0,,,,,,,,,0,False
4137,00-0033553,James Conner,RB,ARI,2017,12,2,0,0,0,2,1,1.2,2.4,,,,,,101.8,106.0,RB38,0,False
4137,00-0033553,James Conner,RB,ARI,2018,13,3,1,0,3,0,1,19.42,58.3,156.8,170.0,RB60,7.44,22.3,160.3,184.0,RB58,0,False
4137,00-0033553,James Conner,RB,ARI,2019,10,6,1,0,6,0,3,12.85,77.1,6.8,6.0,RB6,15.52,93.1,10.7,11.0,RB7,2,False
4137,00-0033553,James Conner,RB,ARI,2020,13,3,0,0,1,2,2,11.32,34.0,23.5,24.0,RB15,12.57,37.7,45.9,48.0,RB20,0,False
4137,00-0033553,James Conner,RB,ARI,2021,15,2,2,0,2,0,2,15.95,31.9,87.5,89.0,RB37,8.62,17.2,106.0,110.0,RB37,0,False
4137,00-0033553,James Conner,RB,ARI,2022,13,4,2,0,4,0,3,13.63,54.5,25.1,25.0,RB14,11.23,44.9,41.3,42.0,RB16,2,False
4137,00-0033553,James Conner,RB,ARI,2023,13,4,1,0,0,4,2,14.46,57.8,57.2,59.0,RB23,10.25,41.0,61.1,63.0,RB22,1,False
4137,00-0033553,James Conner,RB,ARI,2024,16,1,1,0,0,1,1,14.39,14.4,45.0,47.0,RB18,11.49,11.5,60.9,63.0,RB18,1,False
4137,00-0033553,James Conner,RB,ARI,2025,3,14,0,0,0,14,2,9.77,136.8,39.4,40.0,RB16,11.57,162.0,48.1,48.0,RB16,0,False
4137,00-0033553,James Conner,RB,ARI,2026,0,4,0,0,0,4,1,9.77,39.1,,,,,,,,,0,True
8138,00-0037248,James Cook,RB,BUF,2022,16,0,0,0,0,0,0,5.95,0.0,92.9,89.0,RB35,9.05,0.0,106.0,111.0,RB39,0,False
8138,00-0037248,James Cook,RB,BUF,2023,17,0,0,0,0,0,0,12.39,0.0,71.6,77.0,RB30,9.54,0.0,82.8,86.0,RB31,0,False
8138,00-0037248,James Cook,RB,BUF,2024,16,1,0,0,1,0,1,15.67,15.7,32.0,35.0,RB16,12.02,12.0,45.1,48.0,RB13,0,False
8138,00-0037248,James Cook,RB,BUF,2025,17,0,0,0,0,0,0,16.81,0.0,29.2,30.0,RB13,12.31,0.0,34.1,36.0,RB13,0,False
8138,00-0037248,James Cook,RB,BUF,2026,4,0,0,0,0,0,0,15.88,0.0,8.4,7.0,RB5,16.01,0.0,15.6,17.0,RB6,0,False
6955,00-0035831,James Robinson,RB,NO,2020,14,2,0,0,2,0,1,16.14,32.3,,,,,,,,,0,False
6955,00-0035831,James Robinson,RB,NO,2021,14,3,3,0,1,2,3,11.31,33.9,30.3,32.0,RB18,11.54,34.6,45.5,47.0,RB19,2,False
6955,00-0035831,James Robinson,RB,NO,2022,11,0,1,0,0,0,1,7.55,0.0,,,,,,110.2,114.0,RB40,0,False
6955,00-0035831,James Robinson,RB,NO,2023,1,0,0,0,0,0,0,0.5,0.0,,,,,,,,,0,False
6955,00-0035831,James Robinson,RB,NO,2024,0,0,0,0,0,0,0,0.5,0.0,,,,,,,,,0,True
762,00-0027791,James Starks,RB,GB,2016,9,7,1,0,7,0,2,5.49,38.4,,,,,,145.2,155.0,RB50,0,False
1848,00-0031062,James White,RB,NE,2016,16,0,0,0,0,0,0,8.23,0.0,,,,,,143.5,151.0,RB49,0,False
1848,00-0031062,James White,RB,NE,2017,14,2,0,0,2,0,1,7.57,15.1,,,,,,129.5,168.0,RB52,0,False
1848,00-0031062,James White,RB,NE,2018,16,0,0,0,0,0,0,14.57,0.0,109.2,113.0,RB43,8.79,0.0,136.1,140.0,RB46,0,False
1848,00-0031062,James White,RB,NE,2019,15,0,1,0,0,0,1,11.08,0.0,61.5,63.0,RB30,9.28,0.0,68.7,69.0,RB26,0,False
1848,00-0031062,James White,RB,NE,2020,14,1,1,0,1,0,2,6.58,6.6,84.3,86.0,RB37,8.3,8.3,104.1,104.0,RB35,0,False
1848,00-0031062,James White,RB,NE,2021,3,14,0,0,0,14,2,8.4,117.6,152.0,169.0,RB56,6.94,97.2,148.9,176.0,RB54,0,False
1848,00-0031062,James White,RB,NE,2022,0,0,0,0,0,0,0,8.4,0.0,,,,,,,,,0,True
7588,00-0036997,Javonte Williams,RB,DAL,2021,17,0,2,0,0,0,2,10.79,0.0,57.4,59.0,RB27,9.9,0.0,68.0,70.0,RB25,0,False
7588,00-0036997,Javonte Williams,RB,DAL,2022,4,13,0,0,0,13,2,8.5,110.5,18.1,18.0,RB12,11.6,150.8,32.7,35.0,RB14,0,False
7588,00-0036997,Javonte Williams,RB,DAL,2023,16,1,0,0,1,0,1,9.73,9.7,65.7,68.0,RB27,9.82,9.8,55.1,58.0,RB19,1,False
7588,00-0036997,Javonte Williams,RB,DAL,2024,17,0,0,0,0,0,0,7.76,0.0,117.7,124.0,RB43,7.59,0.0,127.2,134.0,RB40,0,False
7588,00-0036997,Javonte Williams,RB,DAL,2025,16,1,0,0,0,1,1,14.08,14.1,117.0,116.0,RB36,8.66,8.7,129.1,135.0,RB40,1,False
7588,00-0036997,Javonte Williams,RB,DAL,2026,4,0,0,0,0,0,0,18.57,0.0,24.0,17.0,RB11,13.12,0.0,43.4,45.0,RB13,0,False
2430,00-0031577,Javorius Allen,RB,NYG,2016,4,1,0,0,1,0,1,1.6,1.6,,,,,,152.4,165.0,RB54,0,False
2430,00-0031577,Javorius Allen,RB,NYG,2017,16,0,0,0,0,0,0,8.94,0.0,,,,,,,,,0,False
2430,00-0031577,Javorius Allen,RB,NYG,2018,13,0,0,0,0,0,0,5.85,0.0,,,,,,,,,0,False
2430,00-0031577,Javorius Allen,RB,NYG,2019,4,6,0,0,0,6,1,2.75,16.5,,,,,,,,,0,False
2430,00-0031577,Javorius Allen,RB,NYG,2020,0,0,0,0,0,0,0,2.75,0.0,,,,,,,,,0,True
2452,00-0031590,Jay Ajayi,RB,PHI,2016,15,1,1,0,1,0,2,13.45,13.4,,,,,,76.6,77.0,RB25,0,False
2452,00-0031590,Jay Ajayi,RB,PHI,2017,14,0,2,0,0,0,1,8.79,0.0,,,,,,16.0,16.0,RB6,0,False
2452,00-0031590,Jay Ajayi,RB,PHI,2018,4,12,0,0,1,11,3,10.22,122.6,43.2,44.0,RB22,11.51,138.1,59.2,61.0,RB23,0,False
2452,00-0031590,Jay Ajayi,RB,PHI,2019,3,0,0,0,0,0,0,1.0,0.0,,,,,,,,,0,False
12457,00-0040586,Jaydon Blue,RB,PHI,2025,5,0,0,0,0,0,0,3.98,0.0,,,,,,143.6,170.0,RB46,0,False
12457,00-0040586,Jaydon Blue,RB,PHI,2026,0,0,0,0,0,0,0,3.98,0.0,,,,,,,,,0,True
5107,00-0034331,Jaylen Samuels,RB,HOU,2018,9,0,0,0,0,0,0,8.5,0.0,,,,,,,,,0,False
5107,00-0034331,Jaylen Samuels,RB,HOU,2019,13,2,0,0,2,0,2,6.22,12.4,124.5,128.0,RB48,7.46,14.9,129.2,141.0,RB48,0,False
5107,00-0034331,Jaylen Samuels,RB,HOU,2020,9,2,0,0,2,0,1,1.32,2.6,,,,,,,,,0,False
5107,00-0034331,Jaylen Samuels,RB,HOU,2021,3,0,0,0,0,0,0,1.27,0.0,,,,,,,,,0,False
8228,00-0037228,Jaylen Warren,RB,PIT,2022,16,1,1,0,1,0,1,4.96,5.0,,,,,,,,,0,False
8228,00-0037228,Jaylen Warren,RB,PIT,2023,17,0,0,0,0,0,0,9.76,0.0,128.8,135.0,RB50,8.16,0.0,141.1,160.0,RB49,0,False
8228,00-0037228,Jaylen Warren,RB,PIT,2024,15,2,2,0,2,0,2,7.01,14.0,82.5,85.0,RB29,9.36,18.7,94.3,99.0,RB30,0,False
8228,00-0037228,Jaylen Warren,RB,PIT,2025,16,1,0,0,1,0,1,12.32,12.3,78.9,80.0,RB29,9.44,9.4,95.4,99.0,RB29,0,False
8228,00-0037228,Jaylen Warren,RB,PIT,2026,4,0,1,0,0,0,1,12.43,0.0,,,,,,,,,0,False
11643,00-0039874,Jaylen Wright,RB,MIA,2024,13,0,0,0,0,0,0,1.94,0.0,159.6,166.0,RB52,6.74,0.0,152.6,178.0,RB51,0,False
11643,00-0039874,Jaylen Wright,RB,MIA,2025,9,3,0,0,3,0,1,5.08,15.2,,,,,,,,,0,False
11643,00-0039874,Jaylen Wright,RB,MIA,2026,3,1,0,0,1,0,1,0.57,0.6,,,,,,,,,0,False
5284,00-0034115,Jeff Wilson,RB,MIA,2020,11,4,1,0,1,3,2,12.35,49.4,,,,,,,,,0,False
5284,00-0034115,Jeff Wilson,RB,MIA,2021,8,7,0,0,0,7,2,6.0,42.0,,,,,,,,,0,False
5284,00-0034115,Jeff Wilson,RB,MIA,2022,16,1,1,0,1,0,1,9.22,9.2,,,,,,,,,1,False
5284,00-0034115,Jeff Wilson,RB,MIA,2023,9,6,0,0,0,6,2,3.81,22.9,,,,,,,,,0,False
5284,00-0034115,Jeff Wilson,RB,MIA,2024,7,1,0,0,1,0,1,1.3,1.3,,,,,,,,,0,False
5284,00-0034115,Jeff Wilson,RB,MIA,2025,0,0,0,0,0,0,0,1.3,0.0,,,,,,,,,0,True
13287,00-0041027,Jeremiyah Love,RB,ARI,2026,4,0,1,0,0,0,1,10.85,0.0,,,,,,53.1,54.0,RB16,0,False
1892,00-0031301,Jeremy Hill,RB,NE,2016,15,1,1,0,1,0,1,11.05,11.1,,,,,,63.2,65.0,RB21,1,False
1892,00-0031301,Jeremy Hill,RB,NE,2017,7,8,0,0,0,8,1,2.17,17.4,,,,,,129.7,170.0,RB53,0,False
1892,00-0031301,Jeremy Hill,RB,NE,2018,1,15,0,0,0,15,2,3.6,54.0,150.6,158.0,RB55,7.79,116.8,,,,0,False
1892,00-0031301,Jeremy Hill,RB,NE,2020,0,0,0,0,0,0,0,3.6,0.0,,,,,,,,,0,True
2411,00-0031569,Jeremy Langford,RB,ATL,2016,12,4,1,0,4,0,1,5.31,21.2,,,,,,54.3,56.0,RB19,0,False
2411,00-0031569,Jeremy Langford,RB,ATL,2017,0,0,0,0,0,0,0,5.31,0.0,,,,,,,,,0,True
2411,00-0031569,Jeremy Langford,RB,ATL,2018,1,0,0,0,0,0,0,2.5,0.0,,,,,,,,,0,False
4219,00-0033955,Jeremy McNichols,RB,WAS,2025,16,0,0,0,0,0,0,3.76,0.0,,,,,,,,,0,False
4219,00-0033955,Jeremy McNichols,RB,WAS,2026,0,4,0,0,0,4,1,3.76,15.0,,,,,,,,,0,True
2161,00-0031376,Jerick McKinnon,RB,KC,2016,15,1,2,0,1,0,2,8.46,8.5,,,,,,160.3,185.0,RB58,1,False
2161,00-0031376,Jerick McKinnon,RB,KC,2017,16,0,0,0,0,0,0,9.54,0.0,,,,,,,,,0,False
2161,00-0031376,Jerick McKinnon,RB,KC,2018,0,16,0,0,0,16,2,13.07,209.1,27.4,27.0,RB15,13.07,209.1,31.7,31.0,RB15,0,True
2161,00-0031376,Jerick McKinnon,RB,KC,2019,0,16,0,0,0,16,2,13.07,209.1,,,,,,,,,0,True
2161,00-0031376,Jerick McKinnon,RB,KC,2020,14,0,0,0,0,0,0,7.84,0.0,144.4,152.0,RB57,6.25,0.0,151.0,160.0,RB51,0,False
2161,00-0031376,Jerick McKinnon,RB,KC,2021,9,4,0,0,0,4,1,3.27,13.1,166.7,204.0,RB64,6.4,25.6,,,,0,False
2161,00-0031376,Jerick McKinnon,RB,KC,2022,17,0,1,0,0,0,1,9.9,0.0,,,,,,,,,0,False
2161,00-0031376,Jerick McKinnon,RB,KC,2023,12,5,0,0,2,3,2,5.99,30.0,120.6,124.0,RB46,8.39,42.0,121.9,124.0,RB43,0,False
8143,00-0037267,Jerome Ford,RB,MIN,2023,17,0,1,0,0,0,1,11.13,0.0,158.9,178.0,RB56,7.86,0.0,,,,0,False
8143,00-0037267,Jerome Ford,RB,MIN,2024,14,3,0,0,2,1,2,8.25,24.8,95.9,101.0,RB36,8.39,25.2,108.6,114.0,RB35,2,False
8143,00-0037267,Jerome Ford,RB,MIN,2025,13,4,1,0,0,4,2,2.35,9.4,129.3,132.0,RB41,8.2,32.8,148.4,183.0,RB52,0,False
8143,00-0037267,Jerome Ford,RB,MIN,2026,0,0,0,0,0,0,0,2.35,0.0,,,,,,,,,0,True
4018,00-0033897,Joe Mixon,RB,HOU,2017,14,2,1,0,2,0,2,9.02,18.0,,,,,,61.2,62.0,RB20,1,False
4018,00-0033897,Joe Mixon,RB,HOU,2018,14,2,0,0,2,0,1,15.85,31.7,22.7,23.0,RB14,13.35,26.7,27.8,29.0,RB14,0,False
4018,00-0033897,Joe Mixon,RB,HOU,2019,16,0,1,0,0,0,1,12.99,0.0,17.6,19.0,RB11,13.17,0.0,21.2,22.0,RB11,0,False
4018,00-0033897,Joe Mixon,RB,HOU,2020,6,10,1,0,3,7,3,14.85,148.5,11.4,11.0,RB9,14.99,149.9,16.3,16.0,RB9,0,False
4018,00-0033897,Joe Mixon,RB,HOU,2021,16,1,3,0,0,1,3,16.68,16.7,17.3,17.0,RB13,12.85,12.8,29.4,31.0,RB14,0,False
4018,00-0033897,Joe Mixon,RB,HOU,2022,14,2,0,0,2,0,1,14.96,29.9,9.5,9.0,RB6,13.24,26.5,16.1,17.0,RB7,1,False
4018,00-0033897,Joe Mixon,RB,HOU,2023,17,0,1,0,0,0,1,14.18,0.0,31.0,31.0,RB13,11.78,0.0,36.0,38.0,RB12,0,False
4018,00-0033897,Joe Mixon,RB,HOU,2024,14,3,1,0,3,0,1,15.89,47.7,28.4,29.0,RB14,12.62,37.9,52.2,53.0,RB15,0,False
4018,00-0033897,Joe Mixon,RB,HOU,2025,0,17,0,0,0,17,2,7.95,135.2,135.5,136.0,RB44,7.95,135.2,109.7,113.0,RB33,0,True
5076,00-0034808,John Kelly,RB,CLE,2018,4,0,0,0,0,0,0,2.78,0.0,159.6,178.0,RB64,7.17,0.0,,,,0,False
5076,00-0034808,John Kelly,RB,CLE,2019,1,0,0,0,0,0,0,0.9,0.0,,,,,,,,,0,False
5076,00-0034808,John Kelly,RB,CLE,2020,0,0,0,0,0,0,0,0.9,0.0,,,,,,,,,0,True
5076,00-0034808,John Kelly,RB,CLE,2021,1,1,0,0,0,1,1,1.3,1.3,,,,,,,,,0,False
5076,00-0034808,John Kelly,RB,CLE,2022,0,0,0,0,0,0,0,1.3,0.0,,,,,,,,,0,True
5076,00-0034808,John Kelly,RB,CLE,2023,0,0,0,0,0,0,0,1.3,0.0,,,,,,,,,0,True
5076,00-0034808,John Kelly,RB,CLE,2024,1,0,0,0,0,0,0,0.0,0.0,,,,,,,,,0,False
218,00-0026153,Jonathan Stewart,RB,NYG,2016,13,3,3,0,3,0,3,10.95,32.8,,,,,,66.2,68.0,RB23,1,False
218,00-0026153,Jonathan Stewart,RB,NYG,2017,15,1,0,0,1,0,1,7.55,7.5,,,,,,126.2,149.0,RB46,0,False
218,00-0026153,Jonathan Stewart,RB,NYG,2018,3,13,0,0,0,13,2,0.57,7.4,,,,,,,,,0,False
6813,00-0036223,Jonathan Taylor,RB,IND,2020,15,1,0,0,0,1,1,15.65,15.7,33.3,35.0,RB21,10.98,11.0,67.3,70.0,RB25,0,False
6813,00-0036223,Jonathan Taylor,RB,IND,2021,17,0,1,0,0,0,1,20.77,0.0,11.9,13.0,RB10,13.92,0.0,18.7,20.0,RB10,0,False
6813,00-0036223,Jonathan Taylor,RB,IND,2022,11,6,0,0,3,3,3,12.04,72.2,1.3,1.0,RB1,17.5,105.0,2.1,2.0,RB1,1,False
6813,00-0036223,Jonathan Taylor,RB,IND,2023,10,7,1,0,3,4,3,14.69,102.8,24.8,23.0,RB9,12.77,89.4,32.2,31.0,RB9,0,False
6813,00-0036223,Jonathan Taylor,RB,IND,2024,14,3,0,0,3,0,1,16.84,50.5,11.3,12.0,RB6,16.42,49.3,15.1,16.0,RB4,0,False
6813,00-0036223,Jonathan Taylor,RB,IND,2025,17,0,0,0,0,0,0,19.96,0.0,14.2,15.0,RB8,14.05,0.0,13.9,13.0,RB5,0,False
6813,00-0036223,Jonathan Taylor,RB,IND,2026,4,0,0,0,0,0,0,20.3,0.0,6.1,6.0,RB4,16.83,0.0,5.7,5.0,RB3,0,False
3312,00-0032975,Jonathan Williams,RB,WAS,2018,3,0,0,0,0,0,0,0.2,0.0,152.6,162.0,RB57,7.64,0.0,,,,0,False
3312,00-0032975,Jonathan Williams,RB,WAS,2019,5,4,0,0,4,0,1,7.58,30.3,,,,,,,,,0,False
3312,00-0032975,Jonathan Williams,RB,WAS,2020,2,0,1,0,0,0,1,1.3,0.0,,,,,,,,,0,False
3312,00-0032975,Jonathan Williams,RB,WAS,2021,5,0,0,0,0,0,0,3.74,0.0,,,,,,,,,0,False
3312,00-0032975,Jonathan Williams,RB,WAS,2022,9,4,0,0,4,0,2,2.52,10.1,,,,,,,,,0,False
3312,00-0032975,Jonathan Williams,RB,WAS,2023,1,2,0,0,1,1,2,-0.2,-0.4,,,,,,,,,0,False
11583,00-0039344,Jonathon Brooks,RB,CAR,2024,3,14,1,0,1,13,4,2.0,28.0,82.7,86.0,RB30,9.2,128.8,94.6,100.0,RB31,0,False
11583,00-0039344,Jonathon Brooks,RB,CAR,2025,0,17,0,0,0,17,2,2.0,34.0,,,,,,,,,0,True
11583,00-0039344,Jonathon Brooks,RB,CAR,2026,2,2,0,0,0,2,1,4.15,8.3,,,,,,104.7,108.0,RB33,0,False
3306,00-0032780,Jordan Howard,RB,NO,2016,15,0,0,0,0,0,0,14.37,0.0,,,,,,163.8,193.0,RB60,0,False
3306,00-0032780,Jordan Howard,RB,NO,2017,16,0,1,0,0,0,1,11.76,0.0,,,,,,19.9,21.0,RB9,0,False
3306,00-0032780,Jordan Howard,RB,NO,2018,16,0,0,0,0,0,0,10.62,0.0,18.6,18.0,RB12,13.97,0.0,22.7,24.0,RB13,0,False
3306,00-0032780,Jordan Howard,RB,NO,2019,9,7,0,0,7,0,1,11.82,82.7,101.9,104.0,RB42,7.98,55.9,118.3,119.0,RB39,0,False
3306,00-0032780,Jordan Howard,RB,NO,2020,7,0,0,0,0,0,0,4.31,0.0,76.1,78.0,RB34,8.7,0.0,106.0,110.0,RB38,0,False
3306,00-0032780,Jordan Howard,RB,NO,2021,7,3,1,0,2,1,2,8.79,26.4,,,,,,,,,1,False
3306,00-0032780,Jordan Howard,RB,NO,2022,1,0,0,0,0,0,0,0.1,0.0,,,,,,,,,0,False
8408,00-0037525,Jordan Mason,RB,MIN,2024,12,5,0,0,0,5,1,9.12,45.6,,,,,,,,,0,False
8408,00-0037525,Jordan Mason,RB,MIN,2025,16,1,0,0,1,0,1,7.62,7.6,93.3,93.0,RB32,9.09,9.1,96.8,100.0,RB30,1,False
8408,00-0037525,Jordan Mason,RB,MIN,2026,1,3,0,0,0,3,1,11.9,35.7,110.9,44.0,RB16,11.75,35.2,110.9,114.0,RB35,0,False
5100,00-0034400,Jordan Wilkins,RB,CLE,2018,13,0,0,0,0,0,0,4.01,0.0,141.5,148.0,RB53,7.94,0.0,159.1,180.0,RB56,0,False
5100,00-0034400,Jordan Wilkins,RB,CLE,2019,13,3,0,0,3,0,3,3.88,11.6,,,,,,,,,0,False
5100,00-0034400,Jordan Wilkins,RB,CLE,2020,13,1,1,0,0,1,2,4.25,4.2,,,,,,,,,0,False
5100,00-0034400,Jordan Wilkins,RB,CLE,2021,2,4,0,0,4,0,1,0.0,0.0,,,,,,,,,0,False
5100,00-0034400,Jordan Wilkins,RB,CLE,2022,4,0,0,0,0,0,0,2.93,0.0,,,,,,,,,0,False
5100,00-0034400,Jordan Wilkins,RB,CLE,2023,0,0,0,0,0,0,0,2.93,0.0,,,,,,,,,0,True
5136,00-0034457,Josh Adams,RB,NO,2018,13,0,1,0,0,0,1,6.03,0.0,,,,,,,,,0,False
5136,00-0034457,Josh Adams,RB,NO,2019,2,0,0,0,0,0,0,0.6,0.0,,,,,,,,,0,False
5136,00-0034457,Josh Adams,RB,NO,2020,8,0,0,0,0,0,0,4.2,0.0,,,,,,,,,0,False
5136,00-0034457,Josh Adams,RB,NO,2021,0,0,0,0,0,0,0,4.2,0.0,,,,,,,,,0,True
5850,00-0035700,Josh Jacobs,RB,GB,2019,13,3,2,0,3,0,2,13.97,41.9,32.1,33.0,RB19,11.05,33.2,35.6,36.0,RB17,0,False
5850,00-0035700,Josh Jacobs,RB,GB,2020,15,1,3,0,1,0,3,14.32,14.3,9.1,9.0,RB8,15.55,15.6,11.1,10.0,RB7,0,False
5850,00-0035700,Josh Jacobs,RB,GB,2021,15,2,3,0,2,0,4,13.27,26.5,27.4,28.0,RB17,11.77,23.5,41.6,43.0,RB17,0,False
5850,00-0035700,Josh Jacobs,RB,GB,2022,17,0,6,0,0,0,4,17.75,0.0,128.7,115.0,RB42,8.62,0.0,62.9,65.0,RB24,0,False
5850,00-0035700,Josh Jacobs,RB,GB,2023,13,4,0,0,4,0,1,12.51,50.0,19.1,20.0,RB8,13.09,52.4,27.1,28.0,RB8,0,False
5850,00-0035700,Josh Jacobs,RB,GB,2024,17,0,1,0,0,0,1,16.18,0.0,19.9,20.0,RB10,14.13,0.0,90.3,94.0,RB29,0,False
5850,00-0035700,Josh Jacobs,RB,GB,2025,15,2,3,0,2,0,4,14.61,29.2,12.5,12.0,RB7,14.53,29.1,16.0,17.0,RB7,2,False
5850,00-0035700,Josh Jacobs,RB,GB,2026,0,0,0,0,0,0,0,14.61,0.0,,,,,,104.1,105.0,RB32,0,True
7045,00-0036370,Joshua Kelley,RB,TEN,2020,13,1,0,0,1,0,1,5.36,5.4,157.3,178.0,RB66,5.56,5.6,,,,0,False
7045,00-0036370,Joshua Kelley,RB,TEN,2021,8,0,0,0,0,0,0,1.81,0.0,,,,,,,,,0,False
7045,00-0036370,Joshua Kelley,RB,TEN,2022,12,4,0,0,0,4,2,4.82,19.3,,,,,,,,,0,False
7045,00-0036370,Joshua Kelley,RB,TEN,2023,17,0,0,0,0,0,0,3.39,0.0,164.1,187.0,RB57,7.81,0.0,,,,0,False
7045,00-0036370,Joshua Kelley,RB,TEN,2024,1,0,0,0,0,0,0,0.2,0.0,,,,,,,,,0,False
5995,00-0034975,Justice Hill,RB,BAL,2019,16,0,0,0,0,0,0,2.84,0.0,112.8,117.0,RB47,7.54,0.0,130.0,144.0,RB49,0,False
5995,00-0034975,Justice Hill,RB,BAL,2020,11,3,1,0,3,0,3,0.95,2.8,,,,,,,,,0,False
5995,00-0034975,Justice Hill,RB,BAL,2021,0,17,0,0,0,17,2,0.95,16.1,,,,,,,,,0,True
5995,00-0034975,Justice Hill,RB,BAL,2022,15,2,0,0,2,0,1,2.4,4.8,,,,,,,,,0,False
5995,00-0034975,Justice Hill,RB,BAL,2023,16,1,2,0,1,0,1,5.96,6.0,,,,,,,,,0,False
5995,00-0034975,Justice Hill,RB,BAL,2024,15,2,0,0,2,0,1,7.07,14.1,,,,,,,,,1,False
5995,00-0034975,Justice Hill,RB,BAL,2025,10,7,0,0,1,6,2,5.47,38.3,,,,,,,,,0,False
5995,00-0034975,Justice Hill,RB,BAL,2026,4,0,0,0,0,0,0,3.23,0.0,,,,,,,,,0,False
458,00-0026373,Justin Forsett,RB,DEN,2016,9,1,0,0,0,1,1,5.73,5.7,,,,,,90.9,94.0,RB33,0,False
5131,00-0034440,Justin Jackson,RB,DET,2019,7,9,0,0,9,0,4,3.81,34.3,104.7,107.0,RB44,7.8,70.2,133.2,152.0,RB50,0,False
5131,00-0034440,Justin Jackson,RB,DET,2020,8,7,1,0,3,4,3,6.98,48.9,133.8,139.0,RB54,6.51,45.6,161.1,184.0,RB58,1,False
5131,00-0034440,Justin Jackson,RB,DET,2021,14,3,1,0,3,0,2,5.37,16.1,169.0,210.0,RB68,6.16,18.5,,,,0,False
5131,00-0034440,Justin Jackson,RB,DET,2022,15,1,1,0,1,0,2,3.01,3.0,,,,,,,,,0,False
5131,00-0034440,Justin Jackson,RB,DET,2023,0,0,0,0,0,0,0,3.01,0.0,,,,,,,,,0,True
13414,00-0041052,Kaelon Black,RB,SF,2026,4,0,1,0,0,0,1,3.25,0.0,,,,,,176.8,174.0,RB45,0,False
12504,00-0040142,Kaleb Johnson,RB,GB,2025,10,0,0,0,0,0,0,0.83,0.0,73.1,75.0,RB27,9.69,0.0,79.7,82.0,RB27,0,False
12504,00-0040142,Kaleb Johnson,RB,GB,2026,4,0,0,0,0,0,0,1.88,0.0,,,,,,,,,0,False
4994,00-0034799,Kalen Ballage,RB,PIT,2019,12,4,1,0,0,4,2,3.73,14.9,128.0,132.0,RB49,7.38,29.5,129.1,140.0,RB47,0,False
4994,00-0034799,Kalen Ballage,RB,PIT,2020,11,1,1,0,1,0,1,7.22,7.2,,,,,,,,,0,False
4994,00-0034799,Kalen Ballage,RB,PIT,2021,8,0,0,0,0,0,0,0.68,0.0,,,,,,,,,0,False
4098,00-0033923,Kareem Hunt,RB,KC,2017,16,0,0,0,0,0,0,16.79,0.0,,,,,,67.2,69.0,RB23,0,False
4098,00-0033923,Kareem Hunt,RB,KC,2018,11,0,0,0,0,0,0,19.75,0.0,11.3,11.0,RB9,15.14,0.0,11.7,12.0,RB9,0,False
4098,00-0033923,Kareem Hunt,RB,KC,2019,8,0,0,0,0,0,0,10.36,0.0,105.0,109.0,RB45,7.71,0.0,105.0,106.0,RB36,0,False
4098,00-0033923,Kareem Hunt,RB,KC,2020,16,0,1,0,0,0,1,12.47,0.0,56.7,58.0,RB28,9.62,0.0,70.9,73.0,RB26,0,False
4098,00-0033923,Kareem Hunt,RB,KC,2021,8,9,2,0,2,7,3,12.38,111.4,47.5,49.0,RB24,10.37,93.3,65.5,67.0,RB24,1,False
4098,00-0033923,Kareem Hunt,RB,KC,2022,17,0,0,0,0,0,0,6.43,0.0,64.9,66.0,RB27,9.67,0.0,87.4,92.0,RB33,0,False
4098,00-0033923,Kareem Hunt,RB,KC,2023,15,0,1,0,0,0,1,7.4,0.0,,,,,,,,,0,False
4098,00-0033923,Kareem Hunt,RB,KC,2024,13,1,0,0,1,0,1,11.07,11.1,,,,,,,,,0,False
4098,00-0033923,Kareem Hunt,RB,KC,2025,17,0,0,0,0,0,0,8.02,0.0,,,,,,,,,0,False
6885,00-0036450,Ke'Shawn Vaughn,RB,SF,2020,6,0,0,0,0,0,0,3.47,0.0,125.9,131.0,RB52,6.69,0.0,156.0,171.0,RB55,0,False
6885,00-0036450,Ke'Shawn Vaughn,RB,SF,2021,6,0,0,0,0,0,0,5.77,0.0,,,,,,,,,0,False
6885,00-0036450,Ke'Shawn Vaughn,RB,SF,2022,6,0,0,0,0,0,0,1.45,0.0,,,,,,,,,0,False
6885,00-0036450,Ke'Shawn Vaughn,RB,SF,2023,5,1,0,0,1,0,1,1.08,1.1,,,,,,,,,0,False
6885,00-0036450,Ke'Shawn Vaughn,RB,SF,2024,1,0,0,0,0,0,0,0.4,0.0,,,,,,,,,0,False
6885,00-0036450,Ke'Shawn Vaughn,RB,SF,2025,0,0,0,0,0,0,0,0.4,0.0,,,,,,,,,0,True
9511,00-0038454,Keaton Mitchell,RB,LAC,2023,7,10,1,0,2,8,5,9.34,93.4,,,,,,,,,0,False
9511,00-0038454,Keaton Mitchell,RB,LAC,2024,4,9,1,0,0,9,2,1.58,14.2,,,,,,,,,0,False
9511,00-0038454,Keaton Mitchell,RB,LAC,2025,13,0,0,0,0,0,0,3.92,0.0,,,,,,,,,0,False
9511,00-0038454,Keaton Mitchell,RB,LAC,2026,4,0,0,0,0,0,0,6.58,0.0,,,,,,,,,0,False
3208,00-0032411,Kenneth Dixon,RB,NYJ,2016,12,4,2,0,4,0,2,7.28,29.1,,,,,,127.3,131.0,RB42,0,False
3208,00-0032411,Kenneth Dixon,RB,NYJ,2017,0,10,0,0,0,10,2,7.28,72.8,,,,,,,,,0,True
3208,00-0032411,Kenneth Dixon,RB,NYJ,2018,6,10,0,0,0,10,2,8.57,85.7,,,,,,,,,0,False
3208,00-0032411,Kenneth Dixon,RB,NYJ,2019,0,2,0,0,1,1,2,8.57,17.1,,,,,,,,,0,True
3208,00-0032411,Kenneth Dixon,RB,NYJ,2020,0,0,0,0,0,0,0,8.57,0.0,,,,,,,,,0,True
8151,00-0038134,Kenneth Walker III,RB,KC,2022,15,2,3,0,2,0,4,12.6,25.2,,,,,,101.9,103.0,RB36,1,False
8151,00-0038134,Kenneth Walker III,RB,KC,2023,15,2,3,0,2,0,2,12.33,24.7,39.5,41.0,RB17,11.06,22.1,45.8,48.0,RB15,1,False
8151,00-0038134,Kenneth Walker III,RB,KC,2024,11,6,1,0,4,2,5,14.38,86.3,27.1,27.0,RB13,12.95,77.7,48.3,50.0,RB14,0,False
8151,00-0038134,Kenneth Walker III,RB,KC,2025,17,0,1,0,0,0,1,10.38,0.0,43.4,44.0,RB18,11.15,0.0,50.4,51.0,RB17,0,False
8151,00-0038134,Kenneth Walker III,RB,KC,2026,4,0,0,0,0,0,0,26.03,0.0,21.5,15.0,RB9,13.86,0.0,32.9,33.0,RB10,0,False
7567,00-0036919,Kenny Gainwell,RB,TB,2021,16,0,0,0,0,0,0,6.68,0.0,155.4,175.0,RB57,6.87,0.0,165.1,204.0,RB59,0,False
7567,00-0036919,Kenny Gainwell,RB,TB,2022,17,0,0,0,0,0,0,4.49,0.0,,,,,,134.5,143.0,RB49,0,False
7567,00-0036919,Kenny Gainwell,RB,TB,2023,16,1,0,0,1,0,1,5.15,5.2,114.1,119.0,RB44,8.51,8.5,127.6,134.0,RB44,0,False
7567,00-0036919,Kenny Gainwell,RB,TB,2024,17,0,0,0,0,0,0,3.21,0.0,,,,,,,,,0,False
7567,00-0036919,Kenny Gainwell,RB,TB,2025,17,0,0,0,0,0,0,10.87,0.0,,,,,,,,,0,False
7567,00-0036919,Kenny Gainwell,RB,TB,2026,4,0,0,0,0,0,0,4.25,0.0,,,,,,128.6,132.0,RB39,0,False
3242,00-0033118,Kenyan Drake,RB,GB,2017,16,0,0,0,0,0,0,7.89,0.0,,,,,,,,,0,False
3242,00-0033118,Kenyan Drake,RB,GB,2018,16,0,0,0,0,0,0,11.23,0.0,34.3,37.0,RB19,12.11,0.0,46.1,48.0,RB19,0,False
3242,00-0033118,Kenyan Drake,RB,GB,2019,14,1,0,0,1,0,1,13.51,13.5,84.2,89.0,RB38,8.37,8.4,87.2,88.0,RB32,0,False
3242,00-0033118,Kenyan Drake,RB,GB,2020,15,1,2,0,1,0,2,11.98,12.0,13.2,13.0,RB11,14.04,14.0,26.7,27.0,RB14,0,False
3242,00-0033118,Kenyan Drake,RB,GB,2021,12,5,0,0,0,5,1,7.29,36.5,100.1,102.0,RB41,8.21,41.1,125.2,133.0,RB44,1,False
3242,00-0033118,Kenyan Drake,RB,GB,2022,12,0,0,0,0,0,0,7.97,0.0,,,,,,,,,0,False
3242,00-0033118,Kenyan Drake,RB,GB,2023,2,0,0,0,0,0,0,1.05,0.0,,,,,,,,,0,False
5068,00-0034349,Kerryon Johnson,RB,PHI,2018,10,6,1,0,4,2,2,12.34,74.0,54.6,56.0,RB25,10.99,65.9,82.6,84.0,RB28,0,False
5068,00-0034349,Kerryon Johnson,RB,PHI,2019,8,8,0,0,0,8,1,10.0,80.0,29.6,30.0,RB17,11.48,91.8,30.8,31.0,RB14,1,False
5068,00-0034349,Kerryon Johnson,RB,PHI,2020,14,0,0,0,0,0,0,4.45,0.0,81.2,81.0,RB35,8.56,0.0,74.6,77.0,RB27,0,False
5068,00-0034349,Kerryon Johnson,RB,PHI,2021,0,0,0,0,0,0,0,4.45,0.0,,,,,,,,,0,True
1441,00-0030117,Kerwynn Williams,RB,NO,2017,16,0,2,0,0,0,1,3.93,0.0,,,,,,,,,0,False
1441,00-0030117,Kerwynn Williams,RB,NO,2018,0,0,0,0,0,0,0,3.93,0.0,,,,,,,,,0,True
1441,00-0030117,Kerwynn Williams,RB,NO,2019,0,0,0,0,0,0,0,3.93,0.0,,,,,,,,,0,True
7608,00-0036906,Khalil Herbert,RB,ATL,2021,16,0,0,0,0,0,0,4.49,0.0,,,,,,,,,0,False
7608,00-0036906,Khalil Herbert,RB,ATL,2022,13,4,0,0,0,4,2,8.72,34.9,,,,,,,,,0,False
7608,00-0036906,Khalil Herbert,RB,ATL,2023,12,5,1,0,0,5,2,8.54,42.7,98.1,103.0,RB39,8.83,44.1,103.3,106.0,RB38,0,False
7608,00-0036906,Khalil Herbert,RB,ATL,2024,11,0,0,0,0,0,0,2.41,0.0,,,,,,162.7,204.0,RB57,0,False
7608,00-0036906,Khalil Herbert,RB,ATL,2025,5,2,0,0,2,0,1,1.22,2.4,,,,,,,,,0,False
7608,00-0036906,Khalil Herbert,RB,ATL,2026,0,0,0,0,0,0,0,1.22,0.0,,,,,,,,,0,True
11647,00-0039391,Kimani Vidal,RB,LAC,2024,9,0,0,0,0,0,0,3.36,0.0,,,,,,157.1,188.0,RB52,0,False
11647,00-0039391,Kimani Vidal,RB,LAC,2025,13,1,1,0,1,0,1,8.45,8.4,,,,,,,,,0,False
11647,00-0039391,Kimani Vidal,RB,LAC,2026,3,0,0,0,0,0,0,4.37,0.0,,,,,,,,,0,False
1379,00-0029892,Kyle Juszczyk,RB,SF,2020,16,0,0,0,0,0,0,4.51,0.0,,,,,,,,,0,False
1379,00-0029892,Kyle Juszczyk,RB,SF,2021,15,0,0,0,0,0,0,3.92,0.0,,,,,,,,,0,False
1379,00-0029892,Kyle Juszczyk,RB,SF,2022,13,2,0,0,2,0,2,3.39,6.8,,,,,,,,,0,False
1379,00-0029892,Kyle Juszczyk,RB,SF,2023,11,1,0,0,1,0,1,2.86,2.9,,,,,,,,,0,False
1379,00-0029892,Kyle Juszczyk,RB,SF,2024,14,1,0,0,1,0,1,3.44,3.4,,,,,,,,,0,False
1379,00-0029892,Kyle Juszczyk,RB,SF,2025,16,0,0,0,0,0,0,2.81,0.0,,,,,,,,,0,False
1379,00-0029892,Kyle Juszczyk,RB,SF,2026,3,1,0,0,1,0,1,4.5,4.5,,,,,,,,,0,False
12534,00-0040236,Kyle Monangai,RB,CHI,2025,17,0,0,0,0,0,0,8.1,0.0,,,,,,,,,0,False
12534,00-0040236,Kyle Monangai,RB,CHI,2026,4,0,0,0,0,0,0,14.2,0.0,,,,,,114.2,118.0,RB36,0,False
8150,00-0037840,Kyren Williams,RB,LAR,2023,12,5,0,0,1,4,3,19.92,99.6,,,,,,,,,0,False
8150,00-0037840,Kyren Williams,RB,LAR,2024,16,1,0,0,1,0,1,15.94,15.9,14.8,15.0,RB8,15.13,15.1,25.9,27.0,RB7,0,False
8150,00-0037840,Kyren Williams,RB,LAR,2025,17,0,1,0,0,0,1,14.43,0.0,16.4,18.0,RB10,13.25,0.0,19.4,21.0,RB9,0,False
8150,00-0037840,Kyren Williams,RB,LAR,2026,4,0,0,0,0,0,0,19.8,0.0,,,,,,41.5,42.0,RB12,0,False
1048,00-0029615,Lamar Miller,RB,NO,2016,14,2,1,0,2,0,2,12.54,25.1,,,,,,14.8,16.0,RB6,0,False
1048,00-0029615,Lamar Miller,RB,NO,2017,16,0,0,0,0,0,0,10.97,0.0,,,,,,36.8,38.0,RB14,0,False
1048,00-0029615,Lamar Miller,RB,NO,2018,14,2,0,0,2,0,2,11.44,22.9,38.6,40.0,RB21,11.7,23.4,49.9,51.0,RB20,1,False
1048,00-0029615,Lamar Miller,RB,NO,2019,0,16,0,0,0,16,2,11.44,183.0,,,,,,,,,0,True
1048,00-0029615,Lamar Miller,RB,NO,2020,1,0,0,0,0,0,0,1.6,0.0,,,,,,,,,0,False
1048,00-0029615,Lamar Miller,RB,NO,2021,0,0,0,0,0,0,0,1.6,0.0,,,,,,,,,0,True
1476,00-0030513,Latavius Murray,RB,BUF,2016,14,2,4,0,2,0,2,13.69,27.4,,,,,,46.1,47.0,RB16,0,False
1476,00-0030513,Latavius Murray,RB,BUF,2017,16,0,0,0,0,0,0,9.38,0.0,,,,,,127.2,155.0,RB48,0,False
1476,00-0030513,Latavius Murray,RB,BUF,2018,16,0,0,0,0,0,0,7.56,0.0,122.8,126.0,RB48,8.34,0.0,152.7,162.0,RB50,0,False
1476,00-0030513,Latavius Murray,RB,BUF,2019,16,0,0,0,0,0,0,8.76,0.0,67.9,69.0,RB31,9.15,0.0,89.5,91.0,RB33,0,False
1476,00-0030513,Latavius Murray,RB,BUF,2020,15,1,0,0,0,1,1,8.31,8.3,98.4,103.0,RB42,7.7,7.7,116.1,119.0,RB40,0,False
1476,00-0030513,Latavius Murray,RB,BUF,2021,14,3,1,0,3,0,2,7.04,21.1,116.1,121.0,RB46,7.74,23.2,134.7,149.0,RB47,0,False
1476,00-0030513,Latavius Murray,RB,BUF,2022,13,0,1,0,0,0,1,10.82,0.0,,,,,,,,,0,False
1476,00-0030513,Latavius Murray,RB,BUF,2023,15,0,0,0,0,0,0,4.96,0.0,,,,,,,,,0,False
1408,00-0030496,Le'Veon Bell,RB,TB,2016,12,0,0,0,0,0,0,23.32,0.0,,,,,,6.3,7.0,RB2,0,False
1408,00-0030496,Le'Veon Bell,RB,TB,2017,15,1,0,0,1,0,1,20.03,20.0,,,,,,2.4,2.0,RB2,0,False
1408,00-0030496,Le'Veon Bell,RB,TB,2018,0,0,0,0,0,0,0,21.25,0.0,2.3,2.0,RB2,21.25,0.0,2.4,2.0,RB2,0,True
1408,00-0030496,Le'Veon Bell,RB,TB,2019,15,1,3,0,1,0,4,12.13,12.1,8.1,7.0,RB7,14.92,14.9,8.7,9.0,RB6,0,False
1408,00-0030496,Le'Veon Bell,RB,TB,2020,11,4,0,0,1,3,2,6.05,24.2,33.0,33.0,RB20,11.21,44.8,39.6,40.0,RB18,0,False
1408,00-0030496,Le'Veon Bell,RB,TB,2021,8,0,0,0,0,0,0,4.45,0.0,,,,,,,,,0,False
730,00-0027325,LeGarrette Blount,RB,DET,2016,16,0,2,0,0,0,1,14.34,0.0,,,,,,113.9,117.0,RB41,0,False
730,00-0027325,LeGarrette Blount,RB,DET,2017,16,0,0,0,0,0,0,6.48,0.0,,,,,,81.8,84.0,RB29,0,False
730,00-0027325,LeGarrette Blount,RB,DET,2018,16,0,3,0,0,0,3,5.09,0.0,135.7,143.0,RB51,8.1,0.0,151.1,158.0,RB48,0,False
676,00-0027029,LeSean McCoy,RB,TB,2016,15,1,4,0,1,0,3,18.22,18.2,,,,,,30.6,34.0,RB11,1,False
676,00-0027029,LeSean McCoy,RB,TB,2017,16,0,0,0,0,0,0,14.63,0.0,,,,,,7.4,7.0,RB3,0,False
676,00-0027029,LeSean McCoy,RB,TB,2018,14,2,2,0,2,0,3,7.87,15.7,28.8,29.0,RB16,12.8,25.6,33.0,33.0,RB16,2,False
676,00-0027029,LeSean McCoy,RB,TB,2019,13,0,1,0,0,0,1,8.05,0.0,105.0,110.0,RB46,7.62,0.0,114.9,116.0,RB38,0,False
676,00-0027029,LeSean McCoy,RB,TB,2020,8,2,0,0,2,0,2,2.59,5.2,155.6,172.0,RB63,5.78,11.6,,,,0,False
3969,00-0033856,Leonard Fournette,RB,BUF,2017,13,3,1,0,3,0,4,16.32,49.0,,,,,,28.6,29.0,RB11,0,False
3969,00-0033856,Leonard Fournette,RB,BUF,2018,8,7,1,0,7,0,2,13.68,95.8,9.0,9.0,RB8,15.62,109.3,9.3,9.0,RB7,0,False
3969,00-0033856,Leonard Fournette,RB,BUF,2019,15,1,0,0,1,0,1,14.76,14.8,20.3,21.0,RB12,12.83,12.8,26.8,27.0,RB13,0,False
3969,00-0033856,Leonard Fournette,RB,BUF,2020,12,3,0,0,3,0,1,9.5,28.5,27.9,29.0,RB17,11.98,35.9,35.1,37.0,RB16,0,False
3969,00-0033856,Leonard Fournette,RB,BUF,2021,14,3,1,0,0,3,2,15.79,47.4,85.7,88.0,RB36,8.73,26.2,100.8,105.0,RB36,0,False
3969,00-0033856,Leonard Fournette,RB,BUF,2022,16,1,4,0,1,0,3,11.85,11.8,21.0,20.0,RB13,11.41,11.4,32.4,34.0,RB13,0,False
3969,00-0033856,Leonard Fournette,RB,BUF,2023,2,0,0,0,0,0,0,2.0,0.0,164.4,188.0,RB58,7.77,0.0,,,,0,False
2588,00-0031806,Malcolm Brown,RB,LAR,2019,14,2,0,0,2,0,1,4.15,8.3,153.5,159.0,RB57,6.79,13.6,,,,0,False
2588,00-0031806,Malcolm Brown,RB,LAR,2020,16,0,0,0,0,0,0,6.1,0.0,,,,,,,,,0,False
2588,00-0031806,Malcolm Brown,RB,LAR,2021,6,10,0,0,0,10,2,3.5,35.0,157.8,182.0,RB60,6.66,66.6,,,,1,False
2588,00-0031806,Malcolm Brown,RB,LAR,2022,7,1,0,0,1,0,1,2.9,2.9,,,,,,,,,0,False
11581,00-0039811,MarShawn Lloyd,RB,GB,2024,1,16,1,0,1,15,2,2.3,36.8,159.5,165.0,RB51,6.82,109.1,157.6,191.0,RB54,0,False
11581,00-0039811,MarShawn Lloyd,RB,GB,2025,0,17,0,0,0,17,3,2.3,39.1,,,,,,,,,0,True
11581,00-0039811,MarShawn Lloyd,RB,GB,2026,4,0,0,0,0,0,0,5.38,0.0,115.3,47.0,RB17,11.53,0.0,127.2,128.0,RB37,0,False
956,00-0027966,Mark Ingram,RB,NO,2016,16,0,3,0,0,0,2,13.7,0.0,,,,,,31.0,35.0,RB12,0,False
956,00-0027966,Mark Ingram,RB,NO,2017,16,0,1,0,0,0,1,15.56,0.0,,,,,,70.4,72.0,RB24,0,False
956,00-0027966,Mark Ingram,RB,NO,2018,12,0,0,0,0,0,0,11.0,0.0,46.7,47.0,RB23,11.33,0.0,54.0,56.0,RB22,0,False
956,00-0027966,Mark Ingram,RB,NO,2019,15,1,1,0,1,0,2,15.3,15.3,37.6,38.0,RB21,10.66,10.7,54.4,56.0,RB23,0,False
956,00-0027966,Mark Ingram,RB,NO,2020,10,6,2,0,5,1,4,4.99,29.9,40.9,42.0,RB23,10.55,63.3,64.3,66.0,RB24,0,False
956,00-0027966,Mark Ingram,RB,NO,2021,14,4,0,0,3,1,3,6.79,27.2,168.5,209.0,RB67,6.22,24.9,143.7,166.0,RB49,0,False
956,00-0027966,Mark Ingram,RB,NO,2022,10,7,2,0,3,4,3,4.21,29.5,,,,,,149.6,171.0,RB54,0,False
4152,00-0033951,Marlon Mack,RB,ARI,2017,14,2,0,0,2,0,1,6.63,13.3,,,,,,133.9,185.0,RB59,0,False
4152,00-0033951,Marlon Mack,RB,ARI,2018,12,4,3,0,4,0,5,14.13,56.5,89.5,92.0,RB38,9.29,37.2,92.9,96.0,RB32,0,False
4152,00-0033951,Marlon Mack,RB,ARI,2019,14,2,2,0,2,0,3,12.45,24.9,43.9,46.0,RB24,10.15,20.3,44.7,46.0,RB21,0,False
4152,00-0033951,Marlon Mack,RB,ARI,2020,1,15,0,0,0,15,2,7.1,106.5,69.7,71.0,RB32,8.99,134.8,83.8,84.0,RB29,0,False
4152,00-0033951,Marlon Mack,RB,ARI,2021,5,0,0,0,0,0,0,2.38,0.0,157.9,183.0,RB61,6.6,0.0,,,,0,False
4152,00-0033951,Marlon Mack,RB,ARI,2022,7,1,0,0,0,1,1,4.9,4.9,,,,,,,,,0,False
4152,00-0033951,Marlon Mack,RB,ARI,2023,0,17,0,0,0,17,2,4.9,83.3,,,,,,,,,0,True
745,00-0025399,Marshawn Lynch,RB,SEA,2017,15,0,0,0,0,0,0,10.28,0.0,,,,,,43.9,46.0,RB16,0,False
745,00-0025399,Marshawn Lynch,RB,SEA,2018,6,10,0,0,0,10,1,11.92,119.2,47.5,48.0,RB24,11.16,111.6,76.4,77.0,RB26,0,False
745,00-0025399,Marshawn Lynch,RB,SEA,2019,1,0,0,0,0,0,0,9.4,0.0,,,,,,,,,0,False
745,00-0025399,Marshawn Lynch,RB,SEA,2020,0,0,0,0,0,0,0,9.4,0.0,,,,,,,,,0,True
936,00-0028198,Matt Asiata,RB,DET,2016,16,0,1,0,0,0,1,7.28,0.0,,,,,,,,,0,False
936,00-0028198,Matt Asiata,RB,DET,2017,0,0,0,0,0,0,0,7.28,0.0,,,,,,,,,0,True
4455,00-0033308,Matt Breida,RB,SF,2017,16,0,0,0,0,0,0,5.81,0.0,,,,,,,,,0,False
4455,00-0033308,Matt Breida,RB,SF,2018,14,2,6,0,1,1,5,10.64,21.3,138.7,146.0,RB52,8.02,16.0,155.9,171.0,RB55,3,False
4455,00-0033308,Matt Breida,RB,SF,2019,12,3,1,0,3,0,2,7.82,23.5,79.4,80.0,RB34,8.8,26.4,120.7,127.0,RB44,0,False
4455,00-0033308,Matt Breida,RB,SF,2020,10,4,0,0,2,2,2,3.75,15.0,92.8,96.0,RB41,7.81,31.2,97.6,98.0,RB33,0,False
4455,00-0033308,Matt Breida,RB,SF,2021,7,0,0,0,0,0,0,5.6,0.0,,,,,,,,,0,False
4455,00-0033308,Matt Breida,RB,SF,2022,17,0,0,0,0,0,0,2.93,0.0,,,,,,,,,0,False
4455,00-0033308,Matt Breida,RB,SF,2023,15,0,0,0,0,0,0,2.56,0.0,,,,,,,,,0,False
4455,00-0033308,Matt Breida,RB,SF,2024,0,0,0,0,0,0,0,2.56,0.0,,,,,,,,,0,True
103,00-0026184,Matt Forte,RB,NYJ,2016,14,2,1,0,1,1,1,12.04,24.1,,,,,,42.8,43.0,RB14,1,False
103,00-0026184,Matt Forte,RB,NYJ,2017,12,4,5,0,3,1,3,8.49,34.0,,,,,,130.0,171.0,RB54,0,False
2400,00-0031939,Matt Jones,RB,PHI,2016,7,2,1,0,2,0,3,10.19,20.4,,,,,,62.9,64.0,RB20,0,False
2400,00-0031939,Matt Jones,RB,PHI,2017,2,4,0,0,4,0,2,0.7,2.8,,,,,,,,,0,False
2400,00-0031939,Matt Jones,RB,PHI,2018,0,0,0,0,0,0,0,0.7,0.0,,,,,,,,,0,True
2320,00-0032144,Melvin Gordon,RB,BAL,2016,13,3,0,0,3,0,1,17.7,53.1,,,,,,76.7,78.0,RB26,1,False
2320,00-0032144,Melvin Gordon,RB,BAL,2017,16,0,5,0,0,0,4,16.19,0.0,,,,,,10.9,11.0,RB4,0,False
2320,00-0032144,Melvin Gordon,RB,BAL,2018,12,4,2,0,4,0,4,20.88,83.5,8.4,8.0,RB7,16.16,64.6,9.4,10.0,RB8,0,False
2320,00-0032144,Melvin Gordon,RB,BAL,2019,12,0,0,0,0,0,0,13.32,0.0,40.0,41.0,RB22,10.48,0.0,37.9,39.0,RB19,0,False
2320,00-0032144,Melvin Gordon,RB,BAL,2020,15,1,1,0,1,0,2,12.16,12.2,38.7,39.0,RB22,10.76,10.8,38.5,39.0,RB17,0,False
2320,00-0032144,Melvin Gordon,RB,BAL,2021,16,1,6,0,1,0,7,11.32,11.3,72.1,74.0,RB31,9.34,9.3,90.5,94.0,RB32,0,False
2320,00-0032144,Melvin Gordon,RB,BAL,2022,10,0,1,0,0,0,1,7.46,0.0,83.4,82.0,RB33,9.19,0.0,105.2,110.0,RB38,0,False
2320,00-0032144,Melvin Gordon,RB,BAL,2023,4,0,0,0,0,0,0,4.55,0.0,,,,,,,,,0,False
7607,00-0036924,Michael Carter,RB,TEN,2021,14,3,0,0,0,3,1,9.74,29.2,76.6,78.0,RB33,9.08,27.2,88.1,90.0,RB31,0,False
7607,00-0036924,Michael Carter,RB,TEN,2022,16,1,0,0,1,0,1,6.59,6.6,115.8,108.0,RB41,8.68,8.7,123.6,128.0,RB45,0,False
7607,00-0036924,Michael Carter,RB,TEN,2023,15,1,0,0,1,0,1,3.12,3.1,,,,,,,,,0,False
7607,00-0036924,Michael Carter,RB,TEN,2024,3,0,0,0,0,0,0,10.1,0.0,,,,,,,,,0,False
7607,00-0036924,Michael Carter,RB,TEN,2025,13,0,0,0,0,0,0,6.35,0.0,,,,,,,,,0,False
7607,00-0036924,Michael Carter,RB,TEN,2026,0,0,0,0,0,0,0,6.35,0.0,,,,,,,,,0,True
2431,00-0032063,Mike Davis,RB,BAL,2018,15,0,0,0,0,0,0,7.99,0.0,,,,,,,,,0,False
2431,00-0032063,Mike Davis,RB,BAL,2019,6,1,0,0,1,0,1,1.4,1.4,,,,,,,,,0,False
2431,00-0032063,Mike Davis,RB,BAL,2020,15,1,0,0,1,0,1,11.8,11.8,,,,,,,,,0,False
2431,00-0032063,Mike Davis,RB,BAL,2021,17,0,0,0,0,0,0,6.84,0.0,41.1,42.0,RB22,10.73,0.0,57.4,58.0,RB23,0,False
2431,00-0032063,Mike Davis,RB,BAL,2022,5,0,0,0,0,0,0,0.64,0.0,,,,,,,,,0,False
1353,00-0030433,Mike Gillislee,RB,NO,2016,15,1,2,0,1,0,2,8.08,8.1,,,,,,,,,0,False
1353,00-0030433,Mike Gillislee,RB,NO,2017,9,2,0,0,2,0,2,7.59,15.2,,,,,,81.8,85.0,RB30,0,False
1353,00-0030433,Mike Gillislee,RB,NO,2018,4,0,0,0,0,0,0,0.93,0.0,,,,,,,,,0,False
6151,00-0035243,Miles Sanders,RB,DAL,2019,16,0,0,0,0,0,0,12.11,0.0,53.1,53.0,RB27,9.69,0.0,76.3,78.0,RB28,0,False
6151,00-0035243,Miles Sanders,RB,DAL,2020,12,4,0,0,4,0,3,13.03,52.1,14.2,15.0,RB12,13.63,54.5,21.5,23.0,RB13,0,False
6151,00-0035243,Miles Sanders,RB,DAL,2021,12,5,0,0,2,3,2,8.68,43.4,37.5,38.0,RB21,10.91,54.5,51.1,52.0,RB21,1,False
6151,00-0035243,Miles Sanders,RB,DAL,2022,17,0,0,0,0,0,0,12.16,0.0,62.2,63.0,RB26,9.76,0.0,75.5,76.0,RB26,0,False
6151,00-0035243,Miles Sanders,RB,DAL,2023,16,1,1,0,1,0,2,4.63,4.6,45.9,47.0,RB18,10.91,10.9,59.2,60.0,RB20,0,False
6151,00-0035243,Miles Sanders,RB,DAL,2024,11,6,1,0,0,6,1,5.94,35.6,,,,,,,,,0,False
6151,00-0035243,Miles Sanders,RB,DAL,2025,4,13,0,0,1,12,2,5.68,73.8,,,,,,,,,0,False
5980,00-0035311,Myles Gaskin,RB,SEA,2020,10,6,0,0,0,6,2,14.37,86.2,,,,,,,,,0,False
5980,00-0035311,Myles Gaskin,RB,SEA,2021,17,0,0,0,0,0,0,8.77,0.0,42.1,43.0,RB23,10.55,0.0,55.1,57.0,RB22,0,False
5980,00-0035311,Myles Gaskin,RB,SEA,2022,2,6,0,0,4,2,3,3.7,22.2,,,,,,,,,0,False
5980,00-0035311,Myles Gaskin,RB,SEA,2023,0,0,0,0,0,0,0,3.7,0.0,,,,,,,,,0,True
5980,00-0035311,Myles Gaskin,RB,SEA,2024,4,0,0,0,0,0,0,0.37,0.0,,,,,,,,,0,False
5980,00-0035311,Myles Gaskin,RB,SEA,2025,1,0,0,0,0,0,0,0.6,0.0,,,,,,,,,0,False
7528,00-0036893,Najee Harris,RB,NYG,2021,17,0,0,0,0,0,0,15.51,0.0,13.3,14.0,RB11,13.53,0.0,20.0,21.0,RB11,0,False
7528,00-0036893,Najee Harris,RB,NYG,2022,17,0,0,0,0,0,0,12.06,0.0,7.5,7.0,RB5,13.68,0.0,11.2,11.0,RB5,0,False
7528,00-0036893,Najee Harris,RB,NYG,2023,17,0,1,0,0,0,1,10.65,0.0,27.1,27.0,RB11,12.23,0.0,32.5,32.0,RB10,0,False
7528,00-0036893,Najee Harris,RB,NYG,2024,17,0,0,0,0,0,0,10.98,0.0,55.9,58.0,RB21,10.8,0.0,63.4,65.0,RB19,0,False
7528,00-0036893,Najee Harris,RB,NYG,2025,3,14,0,0,0,14,2,3.37,47.2,153.1,151.0,RB46,7.79,109.1,146.3,179.0,RB50,0,False
7528,00-0036893,Najee Harris,RB,NYG,2026,3,0,0,0,0,0,0,2.93,0.0,,,,,,,,,0,False
4988,00-0034791,Nick Chubb,RB,HOU,2018,16,0,0,0,0,0,0,11.53,0.0,110.0,114.0,RB44,8.7,0.0,121.7,123.0,RB42,0,False
4988,00-0034791,Nick Chubb,RB,HOU,2019,16,0,0,0,0,0,0,14.83,0.0,8.7,8.0,RB8,14.41,0.0,12.8,13.0,RB8,0,False
4988,00-0034791,Nick Chubb,RB,HOU,2020,12,4,0,0,0,4,1,16.64,66.6,12.3,12.0,RB10,14.49,58.0,15.2,15.0,RB8,1,False
4988,00-0034791,Nick Chubb,RB,HOU,2021,14,3,0,0,2,1,2,14.66,44.0,7.9,8.0,RB7,15.36,46.1,11.9,12.0,RB6,0,False
4988,00-0034791,Nick Chubb,RB,HOU,2022,17,0,0,0,0,0,0,15.76,0.0,14.6,14.0,RB9,12.28,0.0,25.9,26.0,RB11,0,False
4988,00-0034791,Nick Chubb,RB,HOU,2023,2,15,0,0,0,15,2,10.55,158.2,6.0,7.0,RB3,15.72,235.8,14.1,15.0,RB3,0,False
4988,00-0034791,Nick Chubb,RB,HOU,2024,8,9,1,0,0,9,3,7.6,68.4,57.8,61.0,RB22,10.59,95.3,60.3,62.0,RB17,0,False
4988,00-0034791,Nick Chubb,RB,HOU,2025,15,1,1,0,1,0,1,5.45,5.5,127.5,130.0,RB40,8.29,8.3,133.3,142.0,RB41,0,False
5347,00-0034367,Nyheim Hines,RB,NO,2018,16,0,0,0,0,0,0,8.09,0.0,161.3,188.0,RB67,6.99,0.0,163.3,192.0,RB59,0,False
5347,00-0034367,Nyheim Hines,RB,NO,2019,16,0,0,0,0,0,0,5.99,0.0,155.0,165.0,RB59,6.66,0.0,,,,0,False
5347,00-0034367,Nyheim Hines,RB,NO,2020,16,0,0,0,0,0,0,10.11,0.0,147.0,156.0,RB58,6.17,0.0,152.7,162.0,RB52,0,False
5347,00-0034367,Nyheim Hines,RB,NO,2021,17,0,0,0,0,0,0,5.68,0.0,120.2,125.0,RB47,7.65,0.0,143.8,167.0,RB50,0,False
5347,00-0034367,Nyheim Hines,RB,NO,2022,16,1,0,0,1,0,1,4.15,4.2,99.0,95.0,RB37,8.92,8.9,117.1,119.0,RB42,0,False
5347,00-0034367,Nyheim Hines,RB,NO,2023,0,17,0,0,0,17,2,4.15,70.6,,,,,,,,,0,True
5347,00-0034367,Nyheim Hines,RB,NO,2024,0,17,0,0,0,17,3,4.15,70.6,,,,,,,,,0,True
5347,00-0034367,Nyheim Hines,RB,NO,2025,4,0,0,0,0,0,0,-0.05,-0.0,,,,,,,,,0,False
12495,00-0040198,Ollie Gordon II,RB,MIA,2025,17,0,1,0,0,0,1,2.98,0.0,150.8,149.0,RB45,7.87,0.0,144.7,176.0,RB48,0,False
12495,00-0040198,Ollie Gordon II,RB,MIA,2026,3,0,0,0,0,0,0,10.23,0.0,,,,,,,,,0,False
12507,00-0040666,Omarion Hampton,RB,LAC,2025,9,8,1,0,1,7,3,13.3,106.4,31.8,33.0,RB14,12.05,96.4,41.5,42.0,RB14,0,False
12507,00-0040666,Omarion Hampton,RB,LAC,2026,4,0,0,0,0,0,0,10.68,0.0,22.8,16.0,RB10,13.47,0.0,41.3,41.0,RB11,0,False
1819,00-0030860,Orleans Darkwa,RB,NYG,2017,15,1,1,0,1,0,2,8.55,8.6,,,,,,,,,0,False
3211,00-0032417,Paul Perkins,RB,IND,2016,14,0,0,0,0,0,0,4.95,0.0,,,,,,161.6,187.0,RB59,0,False
3211,00-0032417,Paul Perkins,RB,IND,2017,8,4,0,0,4,0,2,2.2,8.8,,,,,,98.4,102.0,RB36,0,False
3211,00-0032417,Paul Perkins,RB,IND,2018,0,0,0,0,0,0,0,2.2,0.0,,,,,,,,,0,True
3211,00-0032417,Paul Perkins,RB,IND,2019,3,0,0,0,0,0,0,1.43,0.0,,,,,,,,,0,False
3211,00-0032417,Paul Perkins,RB,IND,2020,0,0,0,0,0,0,0,1.43,0.0,,,,,,,,,0,True
3594,00-0032741,Peyton Barber,RB,LV,2017,14,0,0,0,0,0,0,5.55,0.0,,,,,,,,,0,False
3594,00-0032741,Peyton Barber,RB,LV,2018,16,0,0,0,0,0,0,8.77,0.0,76.5,78.0,RB33,9.86,0.0,114.1,117.0,RB40,0,False
3594,00-0032741,Peyton Barber,RB,LV,2019,16,0,0,0,0,0,0,6.78,0.0,133.5,140.0,RB51,7.22,0.0,,,,0,False
3594,00-0032741,Peyton Barber,RB,LV,2020,14,0,0,0,0,0,0,3.79,0.0,,,,,,,,,0,False
3594,00-0032741,Peyton Barber,RB,LV,2021,9,2,0,0,2,0,1,4.99,10.0,,,,,,,,,0,False
5170,00-0034109,Phillip Lindsay,RB,IND,2018,15,1,0,0,0,1,1,13.69,13.7,,,,,,,,,0,False
5170,00-0034109,Phillip Lindsay,RB,IND,2019,16,0,0,0,0,0,0,11.26,0.0,49.6,51.0,RB25,9.99,0.0,63.6,64.0,RB25,0,False
5170,00-0034109,Phillip Lindsay,RB,IND,2020,11,5,4,0,3,2,5,5.68,28.4,76.1,77.0,RB33,8.84,44.2,94.0,96.0,RB32,1,False
5170,00-0034109,Phillip Lindsay,RB,IND,2021,14,2,0,0,1,1,2,3.1,6.2,104.5,108.0,RB43,8.01,16.0,124.6,132.0,RB43,0,False
5170,00-0034109,Phillip Lindsay,RB,IND,2022,3,0,0,0,0,0,0,3.93,0.0,,,,,,,,,0,False
12512,00-0040784,Quinshon Judkins,RB,CLE,2025,14,2,1,0,0,2,2,11.2,22.4,127.4,129.0,RB39,8.38,16.8,120.6,125.0,RB36,0,False
12512,00-0040784,Quinshon Judkins,RB,CLE,2026,4,0,0,0,0,0,0,10.2,0.0,,,,,,65.5,65.0,RB20,0,False
12489,00-0040730,RJ Harvey,RB,DEN,2025,17,0,0,0,0,0,0,10.77,0.0,60.8,62.0,RB24,10.12,0.0,74.0,77.0,RB24,0,False
12489,00-0040730,RJ Harvey,RB,DEN,2026,3,1,0,0,1,0,1,9.37,9.4,,,,,,127.6,130.0,RB38,0,False
8136,00-0037256,Rachaad White,RB,WAS,2022,17,0,0,0,0,0,0,6.83,0.0,,,,,,144.8,156.0,RB52,0,False
8136,00-0037256,Rachaad White,RB,WAS,2023,17,0,1,0,0,0,1,13.88,0.0,63.2,66.0,RB26,9.92,0.0,77.1,80.0,RB28,0,False
8136,00-0037256,Rachaad White,RB,WAS,2024,15,1,2,0,1,0,2,11.61,11.6,29.1,30.0,RB15,12.31,12.3,41.7,42.0,RB12,0,False
8136,00-0037256,Rachaad White,RB,WAS,2025,17,0,0,0,0,0,0,7.24,0.0,,,,,,149.8,190.0,RB55,0,False
8136,00-0037256,Rachaad White,RB,WAS,2026,3,1,0,0,1,0,1,8.53,8.5,,,,,,,,,0,False
2749,00-0031687,Raheem Mostert,RB,LV,2019,16,0,5,0,0,0,1,10.01,0.0,,,,,,,,,0,False
2749,00-0031687,Raheem Mostert,RB,LV,2020,8,8,1,0,2,6,3,11.46,91.7,48.3,49.0,RB25,10.15,81.2,83.9,85.0,RB30,1,False
2749,00-0031687,Raheem Mostert,RB,LV,2021,1,16,0,0,0,16,2,2.0,32.0,51.3,52.0,RB25,10.21,163.4,70.1,72.0,RB26,0,False
2749,00-0031687,Raheem Mostert,RB,LV,2022,16,1,1,0,1,0,2,9.55,9.6,151.1,123.0,RB44,8.51,8.5,130.2,133.0,RB46,0,False
2749,00-0031687,Raheem Mostert,RB,LV,2023,15,2,1,0,2,0,2,17.01,34.0,110.2,114.0,RB42,8.63,17.3,113.0,118.0,RB40,0,False
2749,00-0031687,Raheem Mostert,RB,LV,2024,13,4,0,0,4,0,2,4.72,18.9,68.0,72.0,RB26,9.84,39.4,77.5,82.0,RB24,0,False
2749,00-0031687,Raheem Mostert,RB,LV,2025,12,2,0,0,2,0,2,1.95,3.9,,,,,,,,,0,False
4985,00-0034750,Rashaad Penny,RB,CAR,2018,13,2,2,0,2,0,2,5.07,10.1,74.3,76.0,RB32,9.99,20.0,73.2,74.0,RB25,0,False
4985,00-0034750,Rashaad Penny,RB,CAR,2019,9,6,0,0,3,3,3,7.92,47.5,93.7,95.0,RB39,8.26,49.6,99.7,102.0,RB35,0,False
4985,00-0034750,Rashaad Penny,RB,CAR,2020,3,13,0,0,0,13,2,1.13,14.7,155.2,171.0,RB62,5.86,76.2,,,,0,False
4985,00-0034750,Rashaad Penny,RB,CAR,2021,10,6,1,0,3,3,2,11.87,71.2,127.4,133.0,RB50,7.4,44.4,156.7,196.0,RB58,1,False
4985,00-0034750,Rashaad Penny,RB,CAR,2022,5,12,0,0,0,12,2,10.04,120.5,60.6,61.0,RB25,9.85,118.2,76.2,77.0,RB27,1,False
4985,00-0034750,Rashaad Penny,RB,CAR,2023,3,2,0,0,2,0,1,1.43,2.9,83.1,87.0,RB32,9.36,18.7,98.8,101.0,RB35,0,False
4985,00-0034750,Rashaad Penny,RB,CAR,2024,0,0,0,0,0,0,0,1.43,0.0,,,,,,,,,0,True
380,00-0027155,Rashad Jennings,RB,NYG,2016,13,3,1,0,3,0,1,9.3,27.9,,,,,,93.9,96.0,RB34,0,False
11575,00-0039875,Ray Davis,RB,BUF,2024,17,0,1,0,0,0,1,6.33,0.0,162.1,173.0,RB53,6.65,0.0,151.1,173.0,RB49,0,False
11575,00-0039875,Ray Davis,RB,BUF,2025,17,0,0,0,0,0,0,3.48,0.0,,,,,,148.4,184.0,RB53,0,False
11575,00-0039875,Ray Davis,RB,BUF,2026,3,0,1,0,0,0,1,0.5,0.0,,,,,,,,,0,False
1387,00-0030288,Rex Burkhead,RB,HOU,2016,14,1,1,0,1,0,2,4.81,4.8,,,,,,,,,0,False
1387,00-0030288,Rex Burkhead,RB,HOU,2017,10,6,0,0,6,0,2,11.48,68.9,,,,,,130.8,177.0,RB57,0,False
1387,00-0030288,Rex Burkhead,RB,HOU,2018,8,8,1,0,0,8,3,5.34,42.7,59.5,61.0,RB28,10.53,84.2,77.2,79.0,RB27,0,False
1387,00-0030288,Rex Burkhead,RB,HOU,2019,13,3,3,0,3,0,1,6.74,20.2,,,,,,,,,0,False
1387,00-0030288,Rex Burkhead,RB,HOU,2020,10,6,0,0,0,6,1,9.51,57.1,,,,,,,,,1,False
1387,00-0030288,Rex Burkhead,RB,HOU,2021,15,1,2,0,1,0,2,6.12,6.1,,,,,,,,,0,False
1387,00-0030288,Rex Burkhead,RB,HOU,2022,15,1,0,0,1,0,1,3.53,3.5,,,,,,,,,0,False
7611,00-0036875,Rhamondre Stevenson,RB,NE,2021,12,1,2,0,0,1,3,8.99,9.0,134.1,142.0,RB52,7.24,7.2,132.1,142.0,RB46,0,False
7611,00-0036875,Rhamondre Stevenson,RB,NE,2022,17,0,3,0,0,0,1,12.62,0.0,75.6,76.0,RB31,9.34,0.0,94.7,99.0,RB35,1,False
7611,00-0036875,Rhamondre Stevenson,RB,NE,2023,12,5,2,0,3,2,3,10.56,52.8,25.5,25.0,RB10,12.49,62.5,39.3,40.0,RB13,1,False
7611,00-0036875,Rhamondre Stevenson,RB,NE,2024,15,1,1,0,1,0,1,10.63,10.6,61.9,65.0,RB24,10.2,10.2,74.5,79.0,RB23,0,False
7611,00-0036875,Rhamondre Stevenson,RB,NE,2025,14,3,1,0,3,0,1,11.63,34.9,117.2,117.0,RB37,8.57,25.7,124.1,130.0,RB37,0,False
7611,00-0036875,Rhamondre Stevenson,RB,NE,2026,4,0,0,0,0,0,0,9.32,0.0,56.2,31.0,RB14,12.24,0.0,79.2,81.0,RB25,0,False
7021,00-0036139,Rico Dowdle,RB,PIT,2023,16,1,3,0,1,0,3,5.19,5.2,,,,,,,,,0,False
7021,00-0036139,Rico Dowdle,RB,PIT,2024,16,0,0,0,0,0,0,11.14,0.0,114.0,118.0,RB41,7.8,0.0,132.3,144.0,RB43,0,False
7021,00-0036139,Rico Dowdle,RB,PIT,2025,17,0,0,0,0,0,0,11.58,0.0,,,,,,,,,0,False
7021,00-0036139,Rico Dowdle,RB,PIT,2026,2,2,0,0,2,0,1,4.25,8.5,,,,,,96.6,98.0,RB30,0,False
3657,00-0032371,Rob Kelley,RB,WAS,2016,14,0,1,0,0,0,1,9.04,0.0,,,,,,,,,0,False
3657,00-0032371,Rob Kelley,RB,WAS,2017,7,9,3,0,2,7,4,5.89,53.0,,,,,,92.7,96.0,RB33,0,False
3657,00-0032371,Rob Kelley,RB,WAS,2018,2,14,0,0,0,14,2,0.4,5.6,153.6,164.0,RB58,7.57,106.0,,,,0,False
1232,00-0029273,Robert Turbin,RB,SEA,2016,15,1,0,0,1,0,1,6.35,6.3,,,,,,,,,0,False
1232,00-0029273,Robert Turbin,RB,SEA,2017,6,10,0,0,0,10,2,3.57,35.7,,,,,,,,,0,False
1232,00-0029273,Robert Turbin,RB,SEA,2018,2,3,0,0,3,0,2,-0.1,-0.3,,,,,,,,,0,False
1232,00-0029273,Robert Turbin,RB,SEA,2019,0,0,0,0,0,0,0,-0.1,-0.0,,,,,,,,,0,True
1232,00-0029273,Robert Turbin,RB,SEA,2020,0,0,0,0,0,0,0,-0.1,-0.0,,,,,,,,,0,True
2892,00-0031900,Rod Smith,RB,NYG,2017,13,1,0,0,1,0,1,6.38,6.4,,,,,,,,,0,False
2892,00-0031900,Rod Smith,RB,NYG,2018,14,0,0,0,0,0,0,2.09,0.0,,,,,,,,,0,False
2892,00-0031900,Rod Smith,RB,NYG,2019,3,2,0,0,1,1,2,0.0,0.0,,,,,,,,,0,False
2892,00-0031900,Rod Smith,RB,NYG,2020,0,0,0,0,0,0,0,0.0,0.0,,,,,,,,,0,True
5052,00-0034816,Ronald Jones,RB,DAL,2018,7,4,0,0,4,0,1,2.46,9.8,96.9,99.0,RB41,8.98,35.9,85.1,86.0,RB30,0,False
5052,00-0034816,Ronald Jones,RB,DAL,2019,16,0,0,0,0,0,0,9.43,0.0,154.7,163.0,RB58,6.73,0.0,,,,0,False
5052,00-0034816,Ronald Jones,RB,DAL,2020,14,2,0,0,0,2,1,12.31,24.6,57.1,59.0,RB29,9.45,18.9,75.5,79.0,RB28,0,False
5052,00-0034816,Ronald Jones,RB,DAL,2021,15,1,0,0,1,0,1,4.95,5.0,74.5,75.0,RB32,9.21,9.2,92.0,96.0,RB33,0,False
5052,00-0034816,Ronald Jones,RB,DAL,2022,5,1,0,0,1,0,1,3.14,3.1,,,,,,,,,0,False
5052,00-0034816,Ronald Jones,RB,DAL,2023,0,2,0,0,0,2,1,3.14,6.3,,,,,,,,,0,True
10235,00-0039021,Roschon Johnson,RB,CHI,2023,15,2,0,0,2,0,1,5.67,11.3,154.6,170.0,RB55,7.91,15.8,153.7,183.0,RB54,1,False
10235,00-0039021,Roschon Johnson,RB,CHI,2024,13,3,0,0,3,0,2,5.34,16.0,,,,,,163.4,208.0,RB59,0,False
10235,00-0039021,Roschon Johnson,RB,CHI,2025,6,11,0,0,4,7,3,0.28,3.1,,,,,,,,,0,False
10235,00-0039021,Roschon Johnson,RB,CHI,2026,2,0,0,0,0,0,0,1.4,0.0,,,,,,,,,0,False
5046,00-0034838,Royce Freeman,RB,LAC,2018,14,2,0,0,2,0,1,6.74,13.5,31.0,31.0,RB18,12.33,24.7,50.2,52.0,RB21,0,False
5046,00-0034838,Royce Freeman,RB,LAC,2019,16,0,0,0,0,0,0,7.54,0.0,99.1,102.0,RB41,8.07,0.0,118.4,120.0,RB40,0,False
5046,00-0034838,Royce Freeman,RB,LAC,2020,11,0,1,0,0,0,1,2.83,0.0,,,,,,,,,0,False
5046,00-0034838,Royce Freeman,RB,LAC,2021,12,0,0,0,0,0,0,2.47,0.0,,,,,,,,,0,False
5046,00-0034838,Royce Freeman,RB,LAC,2022,4,0,0,0,0,0,0,4.0,0.0,,,,,,,,,0,False
5046,00-0034838,Royce Freeman,RB,LAC,2023,11,0,0,0,0,0,0,4.15,0.0,,,,,,,,,0,False
5046,00-0034838,Royce Freeman,RB,LAC,2024,0,0,0,0,0,0,0,4.15,0.0,,,,,,,,,0,True
5046,00-0034838,Royce Freeman,RB,LAC,2025,0,0,0,0,0,0,0,4.15,0.0,,,,,,,,,0,True
571,00-0027864,Ryan Mathews,RB,PHI,2016,13,3,1,0,2,1,2,10.62,31.9,,,,,,64.8,67.0,RB22,1,False
571,00-0027864,Ryan Mathews,RB,PHI,2017,0,0,0,0,0,0,0,10.62,0.0,,,,,,,,,0,True
6007,00-0035268,Ryquell Armstead,RB,JAX,2020,0,9,0,0,0,9,1,6.42,57.8,137.0,144.0,RB55,6.42,57.8,,,,0,True
6007,00-0035268,Ryquell Armstead,RB,JAX,2021,2,0,0,0,0,0,0,5.55,0.0,,,,,,,,,0,False
6007,00-0035268,Ryquell Armstead,RB,JAX,2022,0,0,0,0,0,0,0,5.55,0.0,,,,,,,,,0,True
6918,00-0036020,Salvon Ahmed,RB,CHI,2020,6,3,1,0,3,0,1,10.58,31.7,,,,,,,,,0,False
6918,00-0036020,Salvon Ahmed,RB,CHI,2021,11,0,0,0,0,0,0,2.96,0.0,167.4,206.0,RB65,6.34,0.0,,,,0,False
6918,00-0036020,Salvon Ahmed,RB,CHI,2022,6,3,0,0,3,0,2,2.28,6.8,,,,,,,,,0,False
6918,00-0036020,Salvon Ahmed,RB,CHI,2023,7,10,0,0,3,7,2,4.99,49.9,,,,,,,,,0,False
6918,00-0036020,Salvon Ahmed,RB,CHI,2024,0,0,0,0,0,0,0,4.99,0.0,,,,,,,,,0,True
6918,00-0036020,Salvon Ahmed,RB,CHI,2025,0,17,0,0,0,17,2,4.99,84.8,,,,,,,,,0,True
6918,00-0036020,Salvon Ahmed,RB,CHI,2026,0,0,0,0,0,0,0,4.99,0.0,,,,,,,,,0,True
4147,00-0033526,Samaje Perine,RB,CIN,2017,13,0,2,0,0,0,2,7.5,0.0,,,,,,128.7,163.0,RB51,0,False
4147,00-0033526,Samaje Perine,RB,CIN,2018,4,2,0,0,2,0,2,1.3,2.6,,,,,,,,,0,False
4147,00-0033526,Samaje Perine,RB,CIN,2019,4,0,0,0,0,0,0,0.4,0.0,,,,,,,,,0,False
4147,00-0033526,Samaje Perine,RB,CIN,2020,12,0,0,0,0,0,0,5.02,0.0,,,,,,,,,0,False
4147,00-0033526,Samaje Perine,RB,CIN,2021,15,1,0,0,0,1,1,4.65,4.7,,,,,,,,,0,False
4147,00-0033526,Samaje Perine,RB,CIN,2022,16,0,0,0,0,0,0,7.69,0.0,,,,,,,,,0,False
4147,00-0033526,Samaje Perine,RB,CIN,2023,17,0,1,0,0,0,1,5.66,0.0,93.9,97.0,RB36,9.05,0.0,128.8,136.0,RB45,0,False
4147,00-0033526,Samaje Perine,RB,CIN,2024,17,0,0,0,0,0,0,3.96,0.0,,,,,,,,,0,False
4147,00-0033526,Samaje Perine,RB,CIN,2025,15,2,0,0,2,0,1,4.63,9.3,,,,,,,,,0,False
4147,00-0033526,Samaje Perine,RB,CIN,2026,4,0,0,0,0,0,0,2.95,0.0,,,,,,,,,0,False
4866,00-0034844,Saquon Barkley,RB,PHI,2018,16,0,0,0,0,0,0,21.27,0.0,6.8,7.0,RB6,16.79,0.0,6.4,6.0,RB5,0,False
4866,00-0034844,Saquon Barkley,RB,PHI,2019,13,3,0,0,3,0,1,16.78,50.3,1.3,1.0,RB1,22.47,67.4,1.4,1.0,RB1,1,False
4866,00-0034844,Saquon Barkley,RB,PHI,2020,2,14,0,0,0,14,2,6.2,86.8,2.5,2.0,RB2,22.11,309.5,3.9,3.0,RB2,0,False
4866,00-0034844,Saquon Barkley,RB,PHI,2021,13,4,4,0,4,0,3,9.85,39.4,10.2,10.0,RB8,14.82,59.3,14.7,15.0,RB8,1,False
4866,00-0034844,Saquon Barkley,RB,PHI,2022,16,0,1,0,0,0,1,15.97,0.0,15.4,15.0,RB10,12.03,0.0,26.6,28.0,RB12,0,False
4866,00-0034844,Saquon Barkley,RB,PHI,2023,14,3,1,0,3,0,1,14.48,43.4,9.7,10.0,RB5,14.35,43.0,18.4,19.0,RB5,0,False
4866,00-0034844,Saquon Barkley,RB,PHI,2024,16,1,0,0,1,0,1,21.18,21.2,9.5,10.0,RB5,17.24,17.2,19.5,21.0,RB5,0,False
4866,00-0034844,Saquon Barkley,RB,PHI,2025,16,0,0,0,0,0,0,13.36,0.0,2.3,2.0,RB1,21.49,0.0,5.1,5.0,RB1,0,False
4866,00-0034844,Saquon Barkley,RB,PHI,2026,4,0,0,0,0,0,0,5.25,0.0,16.6,12.0,RB7,14.78,0.0,24.3,25.0,RB8,0,False
9506,00-0038951,Sean Tucker,RB,TB,2024,17,0,0,0,0,0,0,3.78,0.0,,,,,,,,,0,False
9506,00-0038951,Sean Tucker,RB,TB,2025,17,0,0,0,0,0,0,5.14,0.0,,,,,,,,,0,False
9506,00-0038951,Sean Tucker,RB,TB,2026,1,2,0,0,2,0,1,7.0,14.0,,,,,,,,,0,False
814,00-0027994,Shane Vereen,RB,NO,2017,16,0,0,0,0,0,0,3.86,0.0,,,,,,,,,0,False
814,00-0027994,Shane Vereen,RB,NO,2018,0,0,0,0,0,0,0,3.86,0.0,,,,,,,,,0,True
913,00-0028202,Shaun Draughn,RB,NYG,2016,15,0,0,0,0,0,0,6.29,0.0,,,,,,,,,0,False
913,00-0028202,Shaun Draughn,RB,NYG,2017,0,0,0,0,0,0,0,6.29,0.0,,,,,,,,,0,True
4962,00-0034845,Sony Michel,RB,LAR,2018,13,3,5,0,3,0,3,10.43,31.3,76.7,79.0,RB34,9.74,29.2,89.7,91.0,RB31,1,False
4962,00-0034845,Sony Michel,RB,LAR,2019,16,0,1,0,0,0,1,9.16,0.0,35.4,36.0,RB20,10.85,0.0,55.2,57.0,RB24,0,False
4962,00-0034845,Sony Michel,RB,LAR,2020,8,4,0,0,0,4,2,8.97,35.9,100.8,107.0,RB44,7.48,29.9,100.3,101.0,RB34,0,False
4962,00-0034845,Sony Michel,RB,LAR,2021,17,0,1,0,0,0,1,7.99,0.0,114.1,119.0,RB45,7.83,0.0,113.9,120.0,RB39,1,False
4962,00-0034845,Sony Michel,RB,LAR,2022,10,0,0,0,0,0,0,2.04,0.0,,,,,,,,,0,False
4962,00-0034845,Sony Michel,RB,LAR,2023,0,0,0,0,0,0,0,2.04,0.0,,,,,,,,,0,True
1601,00-0030414,Spencer Ware,RB,CHI,2016,14,2,0,0,2,0,2,12.66,25.3,,,,,,146.9,159.0,RB53,0,False
1601,00-0030414,Spencer Ware,RB,CHI,2017,0,16,0,0,0,16,2,12.66,202.6,,,,,,64.6,66.0,RB22,0,True
1601,00-0030414,Spencer Ware,RB,CHI,2018,12,4,1,0,4,0,4,5.75,23.0,160.3,182.0,RB66,7.05,28.2,163.5,193.0,RB60,0,False
1601,00-0030414,Spencer Ware,RB,CHI,2019,3,3,0,0,0,3,2,3.27,9.8,,,,,,,,,0,False
1601,00-0030414,Spencer Ware,RB,CHI,2020,0,0,0,0,0,0,0,3.27,0.0,,,,,,,,,0,True
2341,00-0032209,T.J. Yeldon,RB,BUF,2016,15,1,1,0,0,1,2,7.51,7.5,,,,,,99.2,102.0,RB35,2,False
2341,00-0032209,T.J. Yeldon,RB,BUF,2017,10,2,0,0,2,0,1,7.27,14.5,,,,,,,,,0,False
2341,00-0032209,T.J. Yeldon,RB,BUF,2018,14,0,1,0,0,0,1,10.4,0.0,161.5,189.0,RB68,6.93,0.0,,,,0,False
2341,00-0032209,T.J. Yeldon,RB,BUF,2019,4,1,0,0,1,0,1,5.8,5.8,,,,,,,,,0,False
2341,00-0032209,T.J. Yeldon,RB,BUF,2020,3,3,0,0,2,1,2,5.23,15.7,,,,,,,,,0,False
9225,00-0038555,Tank Bigsby,RB,PHI,2023,13,0,0,0,0,0,0,1.87,0.0,137.0,147.0,RB52,8.06,0.0,151.0,178.0,RB52,0,False
9225,00-0038555,Tank Bigsby,RB,PHI,2024,16,1,2,0,1,0,3,7.84,7.8,,,,,,,,,1,False
9225,00-0038555,Tank Bigsby,RB,PHI,2025,15,0,0,0,0,0,0,3.49,0.0,127.3,128.0,RB38,8.47,0.0,124.5,131.0,RB38,0,False
9225,00-0038555,Tank Bigsby,RB,PHI,2026,4,0,0,0,0,0,0,3.9,0.0,,,,,,,,,0,False
4157,00-0033556,Tarik Cohen,RB,NYJ,2017,16,0,0,0,0,0,0,7.85,0.0,,,,,,,,,0,False
4157,00-0033556,Tarik Cohen,RB,NYJ,2018,16,0,0,0,0,0,0,12.4,0.0,88.0,90.0,RB37,9.4,0.0,93.7,97.0,RB33,0,False
4157,00-0033556,Tarik Cohen,RB,NYJ,2019,16,0,0,0,0,0,0,7.78,0.0,76.6,78.0,RB33,8.91,0.0,82.5,83.0,RB30,0,False
4157,00-0033556,Tarik Cohen,RB,NYJ,2020,3,13,0,0,0,13,2,4.83,62.8,99.9,105.0,RB43,7.59,98.7,117.3,121.0,RB41,0,False
4157,00-0033556,Tarik Cohen,RB,NYJ,2021,0,17,0,0,0,17,2,6.1,103.7,175.7,218.0,RB69,6.1,103.7,,,,0,True
4157,00-0033556,Tarik Cohen,RB,NYJ,2023,0,0,0,0,0,0,0,6.1,0.0,,,,,,,,,0,True
4157,00-0033556,Tarik Cohen,RB,NYJ,2024,0,0,0,0,0,0,0,6.1,0.0,,,,,,,,,0,True
1912,00-0031375,Terrance West,RB,NO,2016,16,0,0,0,0,0,0,9.62,0.0,,,,,,,,,0,False
1912,00-0031375,Terrance West,RB,NO,2017,5,6,1,0,6,0,3,5.42,32.5,,,,,,107.0,115.0,RB39,0,False
1912,00-0031375,Terrance West,RB,NO,2018,0,0,0,0,0,0,0,5.42,0.0,,,,,,,,,0,True
2378,00-0032058,Tevin Coleman,RB,SF,2016,13,3,0,0,3,0,1,13.51,40.5,,,,,,102.7,104.0,RB37,0,False
2378,00-0032058,Tevin Coleman,RB,SF,2017,15,1,0,0,1,0,1,10.28,10.3,,,,,,87.2,89.0,RB31,0,False
2378,00-0032058,Tevin Coleman,RB,SF,2018,16,0,0,0,0,0,0,11.1,0.0,69.2,70.0,RB31,10.12,0.0,97.3,101.0,RB34,0,False
2378,00-0032058,Tevin Coleman,RB,SF,2019,14,2,1,0,2,0,2,8.92,17.8,56.7,58.0,RB28,9.55,19.1,72.7,73.0,RB27,0,False
2378,00-0032058,Tevin Coleman,RB,SF,2020,6,8,0,0,3,5,3,1.78,14.2,90.4,92.0,RB39,8.05,64.4,118.6,122.0,RB42,0,False
2378,00-0032058,Tevin Coleman,RB,SF,2021,11,6,1,0,5,1,4,4.18,25.1,128.5,134.0,RB51,7.32,43.9,145.9,170.0,RB51,0,False
2378,00-0032058,Tevin Coleman,RB,SF,2022,2,0,0,0,0,0,0,10.25,0.0,,,,,,,,,0,False
1517,00-0030107,Theo Riddick,RB,LV,2016,10,6,4,0,5,1,4,13.53,81.2,,,,,,131.4,138.0,RB44,0,False
1517,00-0030107,Theo Riddick,RB,LV,2017,16,0,0,0,0,0,0,7.97,0.0,,,,,,115.2,125.0,RB42,0,False
1517,00-0030107,Theo Riddick,RB,LV,2018,14,2,0,0,2,0,1,6.14,12.3,159.0,176.0,RB63,7.24,14.5,,,,0,False
1517,00-0030107,Theo Riddick,RB,LV,2019,0,16,0,0,0,16,2,6.14,98.2,,,,,,,,,0,True
1517,00-0030107,Theo Riddick,RB,LV,2020,4,2,0,0,0,2,1,2.05,4.1,,,,,,,,,0,False
1517,00-0030107,Theo Riddick,RB,LV,2021,0,0,0,0,0,0,0,2.05,0.0,,,,,,,,,0,True
2585,00-0031897,Thomas Rawls,RB,JAX,2016,9,7,0,0,7,0,3,7.67,53.7,,,,,,36.3,38.0,RB13,1,False
2585,00-0031897,Thomas Rawls,RB,JAX,2017,9,1,0,0,1,0,1,3.07,3.1,,,,,,110.2,119.0,RB41,0,False
2585,00-0031897,Thomas Rawls,RB,JAX,2018,0,1,0,0,1,0,1,3.07,3.1,,,,,,,,,0,True
2585,00-0031897,Thomas Rawls,RB,JAX,2019,0,0,0,0,0,0,0,3.07,0.0,,,,,,,,,0,True
83,00-0026289,Tim Hightower,RB,SF,2016,16,0,0,0,0,0,0,7.24,0.0,,,,,,,,,0,False
83,00-0026289,Tim Hightower,RB,SF,2017,0,0,0,0,0,0,0,7.24,0.0,,,,,,,,,0,True
2315,00-0032241,Todd Gurley,RB,ATL,2016,16,0,2,0,0,0,1,11.04,0.0,,,,,,6.3,6.0,RB1,0,False
2315,00-0032241,Todd Gurley,RB,ATL,2017,15,0,0,0,0,0,0,23.42,0.0,,,,,,22.6,23.0,RB10,0,False
2315,00-0032241,Todd Gurley,RB,ATL,2018,14,2,0,0,2,0,1,24.47,48.9,1.6,1.0,RB1,24.07,48.1,1.6,1.0,RB1,0,False
2315,00-0032241,Todd Gurley,RB,ATL,2019,15,1,0,0,1,0,1,13.59,13.6,15.0,15.0,RB10,13.54,13.5,17.0,18.0,RB9,0,False
2315,00-0032241,Todd Gurley,RB,ATL,2020,15,1,1,0,1,0,1,10.05,10.1,31.1,32.0,RB19,11.45,11.4,48.6,50.0,RB21,0,False
6984,00-0035860,Tony Jones,RB,ARI,2021,10,5,0,0,0,5,2,1.96,9.8,162.9,200.0,RB62,6.53,32.6,148.5,174.0,RB53,0,False
6984,00-0035860,Tony Jones,RB,ARI,2022,3,0,0,0,0,0,0,2.63,0.0,,,,,,,,,0,False
6984,00-0035860,Tony Jones,RB,ARI,2023,6,0,0,0,0,0,0,4.78,0.0,,,,,,,,,0,False
6984,00-0035860,Tony Jones,RB,ARI,2024,1,0,0,0,0,0,0,11.5,0.0,,,,,,,,,0,False
5967,00-0035261,Tony Pollard,RB,TEN,2019,14,1,0,0,1,0,1,5.84,5.8,82.9,84.0,RB35,8.68,8.7,120.6,126.0,RB43,0,False
5967,00-0035261,Tony Pollard,RB,TEN,2020,16,0,0,0,0,0,0,6.68,0.0,119.1,125.0,RB50,6.87,0.0,140.0,146.0,RB48,0,False
5967,00-0035261,Tony Pollard,RB,TEN,2021,15,2,1,0,2,0,2,9.54,19.1,101.1,104.0,RB42,8.11,16.2,118.8,125.0,RB41,0,False
5967,00-0035261,Tony Pollard,RB,TEN,2022,16,1,1,0,1,0,2,14.33,14.3,69.3,70.0,RB29,9.5,9.5,79.9,84.0,RB29,0,False
5967,00-0035261,Tony Pollard,RB,TEN,2023,17,0,0,0,0,0,0,11.48,0.0,13.5,13.0,RB7,13.44,0.0,23.7,24.0,RB7,0,False
5967,00-0035261,Tony Pollard,RB,TEN,2024,16,1,4,0,1,0,2,11.26,11.3,75.9,79.0,RB28,9.51,9.5,85.0,91.0,RB26,0,False
5967,00-0035261,Tony Pollard,RB,TEN,2025,17,0,0,0,0,0,0,9.96,0.0,55.4,56.0,RB21,10.59,0.0,70.0,74.0,RB23,0,False
5967,00-0035261,Tony Pollard,RB,TEN,2026,4,0,0,0,0,0,0,8.62,0.0,,,,,,88.1,89.0,RB27,0,False
1185,00-0029205,Travaris Cadet,RB,CAR,2016,15,1,1,0,1,0,1,4.93,4.9,,,,,,,,,0,False
1185,00-0029205,Travaris Cadet,RB,CAR,2017,7,1,0,0,0,1,1,4.21,4.2,,,,,,,,,0,False
1185,00-0029205,Travaris Cadet,RB,CAR,2018,1,0,0,0,0,0,0,2.7,0.0,,,,,,,,,0,False
7543,00-0036973,Travis Etienne,RB,NO,2022,17,0,1,0,0,0,1,11.04,0.0,34.5,35.0,RB17,10.77,0.0,45.5,47.0,RB17,1,False
7543,00-0036973,Travis Etienne,RB,NO,2023,17,0,2,0,0,0,1,14.91,0.0,28.4,28.0,RB12,12.0,0.0,35.6,37.0,RB11,0,False
7543,00-0036973,Travis Etienne,RB,NO,2024,15,2,1,0,2,0,1,7.38,14.8,16.9,18.0,RB9,14.6,29.2,31.7,32.0,RB9,1,False
7543,00-0036973,Travis Etienne,RB,NO,2025,17,0,0,0,0,0,0,13.88,0.0,111.2,110.0,RB35,8.77,0.0,124.8,132.0,RB39,0,False
7543,00-0036973,Travis Etienne,RB,NO,2026,3,1,0,0,0,1,1,8.47,8.5,,,,,,55.7,58.0,RB17,0,False
12529,00-0040734,TreVeyon Henderson,RB,NE,2025,17,0,0,0,0,0,0,11.1,0.0,47.6,51.0,RB20,10.77,0.0,59.9,63.0,RB20,0,False
12529,00-0040734,TreVeyon Henderson,RB,NE,2026,3,1,0,0,1,0,1,7.07,7.1,,,,,,83.7,83.0,RB26,0,False
11589,00-0039921,Trey Benson,RB,ARI,2024,12,4,0,0,3,1,2,3.67,14.7,102.2,105.0,RB37,8.26,33.0,121.8,127.0,RB38,0,False
11589,00-0039921,Trey Benson,RB,ARI,2025,4,13,0,0,0,13,3,7.23,94.0,135.1,135.0,RB43,8.03,104.4,141.8,163.0,RB44,0,False
11589,00-0039921,Trey Benson,RB,ARI,2026,0,4,0,0,0,4,1,7.23,28.9,,,,,,,,,0,True
7593,00-0036984,Trey Sermon,RB,ATL,2021,6,6,0,0,0,6,1,4.47,26.8,67.0,68.0,RB29,9.61,57.7,79.6,83.0,RB29,0,False
7593,00-0036984,Trey Sermon,RB,ATL,2022,1,1,0,0,1,0,1,1.9,1.9,,,,,,,,,0,False
7593,00-0036984,Trey Sermon,RB,ATL,2023,8,2,0,0,0,2,1,2.35,4.7,,,,,,,,,0,False
7593,00-0036984,Trey Sermon,RB,ATL,2024,15,0,0,0,0,0,0,3.05,0.0,,,,,,,,,0,False
7593,00-0036984,Trey Sermon,RB,ATL,2025,3,0,0,0,0,0,0,0.0,0.0,,,,,,,,,0,False
7593,00-0036984,Trey Sermon,RB,ATL,2026,0,4,0,0,0,4,1,0.0,0.0,,,,,,,,,0,True
8230,00-0037276,Ty Chandler,RB,NO,2023,16,0,0,0,0,0,0,5.66,0.0,,,,,,,,,0,False
8230,00-0037276,Ty Chandler,RB,NO,2024,14,0,0,0,0,0,0,1.81,0.0,138.2,145.0,RB48,7.1,0.0,157.2,189.0,RB53,0,False
8230,00-0037276,Ty Chandler,RB,NO,2025,3,14,0,0,0,14,2,2.43,34.0,,,,,,,,,0,False
8230,00-0037276,Ty Chandler,RB,NO,2026,0,4,0,0,0,4,1,2.43,9.7,,,,,,,,,0,True
6039,00-0035537,Ty Johnson,RB,BUF,2021,15,0,0,0,0,0,0,6.67,0.0,148.6,165.0,RB55,7.02,0.0,,,,0,False
6039,00-0035537,Ty Johnson,RB,BUF,2022,12,0,0,0,0,0,0,3.07,0.0,,,,,,,,,0,False
6039,00-0035537,Ty Johnson,RB,BUF,2023,9,1,0,0,1,0,1,3.21,3.2,,,,,,,,,0,False
6039,00-0035537,Ty Johnson,RB,BUF,2024,17,0,0,0,0,0,0,4.86,0.0,,,,,,,,,0,False
6039,00-0035537,Ty Johnson,RB,BUF,2025,17,0,0,0,0,0,0,5.19,0.0,,,,,,,,,0,False
6039,00-0035537,Ty Johnson,RB,BUF,2026,2,2,0,0,2,0,1,4.6,9.2,,,,,,,,,0,False
2399,00-0032200,Ty Montgomery,RB,NE,2016,15,1,0,0,1,0,1,7.9,7.9,,,,,,,,,0,False
2399,00-0032200,Ty Montgomery,RB,NE,2017,8,8,1,0,3,5,2,10.01,80.1,,,,,,51.1,52.0,RB18,1,False
2399,00-0032200,Ty Montgomery,RB,NE,2018,13,0,0,0,0,0,0,4.68,0.0,117.6,120.0,RB46,8.51,0.0,135.1,139.0,RB45,0,False
2399,00-0032200,Ty Montgomery,RB,NE,2019,15,1,1,0,1,0,2,1.72,1.7,158.1,173.0,RB63,6.41,6.4,,,,0,False
2399,00-0032200,Ty Montgomery,RB,NE,2020,4,8,0,0,4,4,3,3.58,28.6,,,,,,,,,0,False
2399,00-0032200,Ty Montgomery,RB,NE,2021,14,3,2,0,2,1,4,1.56,4.7,,,,,,,,,1,False
2399,00-0032200,Ty Montgomery,RB,NE,2022,1,16,1,0,0,16,2,8.8,140.8,,,,,,,,,0,False
2399,00-0032200,Ty Montgomery,RB,NE,2023,11,0,0,0,0,0,0,0.67,0.0,,,,,,,,,0,False
9508,00-0039032,Tyjae Spears,RB,TEN,2023,17,0,0,0,0,0,0,7.52,0.0,,,,,,,,,0,False
9508,00-0039032,Tyjae Spears,RB,TEN,2024,12,5,2,0,5,0,4,8.22,41.1,89.9,94.0,RB33,8.78,43.9,124.3,130.0,RB39,1,False
9508,00-0039032,Tyjae Spears,RB,TEN,2025,13,4,1,0,0,4,2,6.86,27.4,,,,,,145.2,177.0,RB49,0,False
9508,00-0039032,Tyjae Spears,RB,TEN,2026,4,0,2,0,0,0,1,3.25,0.0,,,,,,,,,0,False
8132,00-0037263,Tyler Allgeier,RB,ARI,2022,16,0,0,0,0,0,0,9.46,0.0,99.2,96.0,RB38,8.86,0.0,123.5,127.0,RB44,0,False
8132,00-0037263,Tyler Allgeier,RB,ARI,2023,17,0,0,0,0,0,0,7.56,0.0,109.2,113.0,RB41,8.7,0.0,111.2,115.0,RB39,0,False
8132,00-0037263,Tyler Allgeier,RB,ARI,2024,17,0,0,0,0,0,0,5.86,0.0,113.3,117.0,RB40,7.91,0.0,135.2,147.0,RB44,0,False
8132,00-0037263,Tyler Allgeier,RB,ARI,2025,17,0,1,0,0,0,1,6.82,0.0,,,,,,149.6,188.0,RB54,0,False
8132,00-0037263,Tyler Allgeier,RB,ARI,2026,4,0,0,0,0,0,0,6.43,0.0,,,,,,155.4,164.0,RB43,0,False
11655,00-0039384,Tyrone Tracy Jr.,RB,NYG,2024,17,0,1,0,0,0,1,9.61,0.0,,,,,,160.3,200.0,RB56,0,False
11655,00-0039384,Tyrone Tracy Jr.,RB,NYG,2025,15,2,0,0,2,0,1,9.52,19.0,73.4,76.0,RB28,9.56,19.1,85.5,90.0,RB28,1,False
11655,00-0039384,Tyrone Tracy Jr.,RB,NYG,2026,4,0,0,0,0,0,0,-0.1,-0.0,,,,,,,,,0,False
4150,00-0033950,Wayne Gallman,RB,SEA,2017,13,0,0,0,0,0,0,6.76,0.0,,,,,,,,,0,False
4150,00-0033950,Wayne Gallman,RB,SEA,2018,13,0,0,0,0,0,0,2.88,0.0,,,,,,,,,0,False
4150,00-0033950,Wayne Gallman,RB,SEA,2019,9,2,0,0,2,0,1,4.74,9.5,,,,,,,,,0,False
4150,00-0033950,Wayne Gallman,RB,SEA,2020,14,0,0,0,0,0,0,9.01,0.0,,,,,,,,,0,False
4150,00-0033950,Wayne Gallman,RB,SEA,2021,7,1,0,0,1,0,1,1.86,1.9,,,,,,,,,0,False
4150,00-0033950,Wayne Gallman,RB,SEA,2022,0,0,0,0,0,0,0,1.86,0.0,,,,,,,,,0,True
3309,00-0032782,Wendell Smallwood,RB,WAS,2017,8,2,1,0,2,0,1,5.03,10.1,,,,,,130.1,172.0,RB55,0,False
3309,00-0032782,Wendell Smallwood,RB,WAS,2018,15,0,0,0,0,0,0,7.03,0.0,,,,,,,,,0,False
3309,00-0032782,Wendell Smallwood,RB,WAS,2019,12,0,0,0,0,0,0,1.58,0.0,,,,,,,,,0,False
3309,00-0032782,Wendell Smallwood,RB,WAS,2020,0,0,0,0,0,0,0,1.58,0.0,,,,,,,,,0,True
3309,00-0032782,Wendell Smallwood,RB,WAS,2021,2,0,0,0,0,0,0,3.35,0.0,,,,,,,,,0,False
12474,00-0040583,Woody Marks,RB,HOU,2025,16,1,0,0,1,0,1,8.32,8.3,,,,,,,,,1,False
12474,00-0040583,Woody Marks,RB,HOU,2026,4,0,0,0,0,0,0,6.82,0.0,140.4,53.0,RB19,11.12,0.0,,,,0,False
7088,00-0036078,Xavier Jones,RB,LAR,2021,0,17,0,0,0,17,2,6.8,115.6,155.7,176.0,RB58,6.8,115.6,155.8,193.0,RB57,0,True
7088,00-0036078,Xavier Jones,RB,LAR,2022,0,1,0,0,0,1,1,6.8,6.8,,,,,,,,,0,True
9753,00-0039165,Zach Charbonnet,RB,SEA,2023,16,1,1,0,1,0,2,5.6,5.6,97.2,101.0,RB38,8.9,8.9,131.3,140.0,RB46,0,False
9753,00-0039165,Zach Charbonnet,RB,SEA,2024,17,0,0,0,0,0,0,9.76,0.0,114.6,119.0,RB42,7.69,0.0,129.2,138.0,RB41,0,False
9753,00-0039165,Zach Charbonnet,RB,SEA,2025,16,1,1,0,1,0,1,10.71,10.7,100.1,100.0,RB33,8.98,9.0,117.5,122.0,RB35,0,False
9753,00-0039165,Zach Charbonnet,RB,SEA,2026,0,4,0,0,0,4,2,10.71,42.8,,,,,,150.9,160.0,RB41,0,True
2560,00-0031665,Zach Zenner,RB,MIA,2016,11,0,1,0,0,0,1,7.64,0.0,,,,,,,,,0,False
2560,00-0031665,Zach Zenner,RB,MIA,2017,7,1,0,0,1,0,1,1.23,1.2,,,,,,,,,0,False
2560,00-0031665,Zach Zenner,RB,MIA,2018,7,1,0,0,0,1,1,7.66,7.7,,,,,,,,,0,False
2560,00-0031665,Zach Zenner,RB,MIA,2019,3,0,0,0,0,0,0,0.9,0.0,,,,,,,,,0,False
6845,00-0036251,Zack Moss,RB,CIN,2020,13,3,0,0,3,0,1,7.28,21.8,86.5,90.0,RB38,8.17,24.5,130.2,134.0,RB45,0,False
6845,00-0036251,Zack Moss,RB,CIN,2021,13,0,1,0,0,0,1,7.21,0.0,76.9,79.0,RB34,8.96,0.0,97.8,100.0,RB35,0,False
6845,00-0036251,Zack Moss,RB,CIN,2022,13,1,0,0,1,0,1,4.54,4.5,,,,,,,,,0,False
6845,00-0036251,Zack Moss,RB,CIN,2023,14,3,2,0,3,0,3,11.15,33.5,170.5,196.0,RB59,7.72,23.2,,,,0,False
6845,00-0036251,Zack Moss,RB,CIN,2024,8,9,0,0,1,8,2,8.8,79.2,75.3,78.0,RB27,9.68,87.1,88.4,93.0,RB28,0,False
8139,00-0038040,Zamir White,RB,NO,2022,11,2,0,0,2,0,1,0.64,1.3,,,,,,156.0,181.0,RB56,0,False
8139,00-0038040,Zamir White,RB,NO,2023,13,0,0,0,0,0,0,5.11,0.0,133.5,142.0,RB51,8.11,0.0,151.2,179.0,RB53,0,False
8139,00-0038040,Zamir White,RB,NO,2024,8,9,2,0,5,4,3,3.29,29.6,64.8,70.0,RB25,10.02,90.2,71.5,76.0,RB22,0,False
8139,00-0038040,Zamir White,RB,NO,2025,5,1,0,0,1,0,1,1.52,1.5,,,,,,,,,0,False
8139,00-0038040,Zamir White,RB,NO,2026,0,0,0,0,0,0,0,1.52,0.0,,,,,,,,,0,True
11603,00-0039793,AJ Barner,TE,SEA,2024,15,0,0,0,0,0,0,4.23,0.0,,,,,,,,,0,False
11603,00-0039793,AJ Barner,TE,SEA,2025,17,0,1,0,0,0,1,7.14,0.0,,,,,,,,,0,False
11603,00-0039793,AJ Barner,TE,SEA,2026,4,0,0,0,0,0,0,5.2,0.0,,,,,,,,,0,False
6869,00-0036422,Adam Trautman,TE,DEN,2021,11,4,0,0,0,4,2,4.53,18.1,154.2,173.0,TE18,6.88,27.5,,,,0,False
6869,00-0036422,Adam Trautman,TE,DEN,2022,12,3,1,0,3,0,2,2.98,8.9,,,,,,,,,1,False
6869,00-0036422,Adam Trautman,TE,DEN,2023,16,0,0,0,0,0,0,3.09,0.0,,,,,,,,,0,False
6869,00-0036422,Adam Trautman,TE,DEN,2024,13,0,0,0,0,0,0,2.87,0.0,,,,,,,,,0,False
6869,00-0036422,Adam Trautman,TE,DEN,2025,13,0,0,0,0,0,0,2.73,0.0,,,,,,,,,0,False
6869,00-0036422,Adam Trautman,TE,DEN,2026,2,0,0,0,0,0,0,1.0,0.0,,,,,,,,,0,False
6843,00-0036423,Albert Okwuegbunam,TE,LV,2022,6,1,0,0,1,0,1,3.42,3.4,,,,,,159.5,193.0,TE18,0,False
6843,00-0036423,Albert Okwuegbunam,TE,LV,2023,1,2,0,0,0,2,1,0.0,0.0,,,,,,,,,0,False
6843,00-0036423,Albert Okwuegbunam,TE,LV,2024,0,8,0,0,0,8,3,0.0,0.0,,,,,,,,,0,True
6843,00-0036423,Albert Okwuegbunam,TE,LV,2025,1,0,0,0,0,0,0,6.1,0.0,,,,,,,,,0,False
6843,00-0036423,Albert Okwuegbunam,TE,LV,2026,0,0,0,0,0,0,0,6.1,0.0,,,,,,,,,0,True
4435,00-0033455,Anthony Firkser,TE,DET,2020,15,0,0,0,0,0,0,4.28,0.0,,,,,,,,,0,False
4435,00-0033455,Anthony Firkser,TE,DET,2021,15,2,0,0,2,0,1,3.74,7.5,,,,,,,,,0,False
4435,00-0033455,Anthony Firkser,TE,DET,2022,8,0,0,0,0,0,0,1.81,0.0,,,,,,,,,0,False
4435,00-0033455,Anthony Firkser,TE,DET,2023,0,0,0,0,0,0,0,1.81,0.0,,,,,,,,,0,True
4435,00-0033455,Anthony Firkser,TE,DET,2024,1,0,0,0,0,0,0,0.0,0.0,,,,,,,,,0,False
4435,00-0033455,Anthony Firkser,TE,DET,2025,5,0,0,0,0,0,0,1.86,0.0,,,,,,,,,0,False
322,00-0021547,Antonio Gates,TE,LAC,2016,13,2,1,0,2,0,1,9.33,18.7,,,,,,128.5,135.0,TE13,0,False
322,00-0021547,Antonio Gates,TE,LAC,2017,16,0,0,0,0,0,0,4.04,0.0,,,,,,126.2,150.0,TE17,0,False
322,00-0021547,Antonio Gates,TE,LAC,2018,16,0,2,0,0,0,2,3.83,0.0,,,,,,,,,0,False
3202,00-0032392,Austin Hooper,TE,ATL,2017,16,0,0,0,0,0,0,5.94,0.0,,,,,,130.8,176.0,TE22,0,False
3202,00-0032392,Austin Hooper,TE,ATL,2018,16,0,0,0,0,0,0,7.97,0.0,157.7,173.0,TE19,7.18,0.0,159.5,181.0,TE18,0,False
3202,00-0032392,Austin Hooper,TE,ATL,2019,13,3,0,0,3,0,1,11.86,35.6,119.1,125.0,TE11,7.33,22.0,126.9,136.0,TE12,0,False
3202,00-0032392,Austin Hooper,TE,ATL,2020,13,3,1,0,3,0,3,6.96,20.9,129.2,136.0,TE13,7.13,21.4,104.1,105.0,TE9,0,False
3202,00-0032392,Austin Hooper,TE,ATL,2021,15,2,0,0,1,1,2,4.9,9.8,,,,,,,,,0,False
3202,00-0032392,Austin Hooper,TE,ATL,2022,17,0,0,0,0,0,0,4.52,0.0,,,,,,,,,0,False
3202,00-0032392,Austin Hooper,TE,ATL,2023,16,0,0,0,0,0,0,2.24,0.0,,,,,,,,,0,False
3202,00-0032392,Austin Hooper,TE,ATL,2024,17,0,0,0,0,0,0,5.06,0.0,,,,,,,,,0,False
3202,00-0032392,Austin Hooper,TE,ATL,2025,13,1,0,0,1,0,1,3.75,3.8,,,,,,,,,0,False
3202,00-0032392,Austin Hooper,TE,ATL,2026,2,0,0,0,0,0,0,5.55,0.0,,,,,,,,,0,False
2222,00-0031418,Austin Seferian-Jenkins,TE,JAX,2016,9,5,0,0,5,0,3,3.1,15.5,,,,,,157.0,179.0,TE18,0,False
2222,00-0031418,Austin Seferian-Jenkins,TE,JAX,2017,13,1,0,0,1,0,1,5.9,5.9,,,,,,,,,0,False
2222,00-0031418,Austin Seferian-Jenkins,TE,JAX,2018,5,11,0,0,0,11,2,4.1,45.1,159.5,177.0,TE20,7.1,78.1,145.6,153.0,TE13,1,False
663,00-0022943,Benjamin Watson,TE,NE,2017,16,0,4,0,0,0,2,6.67,0.0,,,,,,,,,0,False
663,00-0022943,Benjamin Watson,TE,NE,2018,13,0,0,0,0,0,0,5.35,0.0,160.0,181.0,TE21,7.02,0.0,151.3,159.0,TE15,0,False
663,00-0022943,Benjamin Watson,TE,NE,2019,9,0,0,0,0,0,0,2.87,0.0,,,,,,,,,0,False
4571,00-0033658,Blake Jarwin,TE,DAL,2018,13,0,0,0,0,0,0,4.78,0.0,,,,,,,,,0,False
4571,00-0033658,Blake Jarwin,TE,DAL,2019,15,0,0,0,0,0,0,4.67,0.0,,,,,,,,,0,False
4571,00-0033658,Blake Jarwin,TE,DAL,2020,1,15,0,0,0,15,2,1.7,25.5,157.5,180.0,TE19,6.03,90.5,160.5,182.0,TE20,0,False
4571,00-0033658,Blake Jarwin,TE,DAL,2021,8,9,0,0,0,9,1,3.39,30.5,,,,,,,,,0,False
9480,00-0038935,Brenton Strange,TE,JAX,2024,14,0,0,0,0,0,0,5.08,0.0,,,,,,,,,0,False
9480,00-0038935,Brenton Strange,TE,JAX,2025,12,5,1,0,0,5,3,7.92,39.6,,,,,,,,,1,False
9480,00-0038935,Brenton Strange,TE,JAX,2026,4,0,0,0,0,0,0,7.43,0.0,,,,,,,,,0,False
11604,00-0039338,Brock Bowers,TE,LV,2024,17,0,0,0,0,0,0,12.16,0.0,108.1,111.0,TE11,8.07,0.0,118.3,124.0,TE10,0,False
11604,00-0039338,Brock Bowers,TE,LV,2025,12,5,1,0,3,2,3,12.02,60.1,33.6,34.0,TE1,12.87,64.3,56.7,58.0,TE1,0,False
11604,00-0039338,Brock Bowers,TE,LV,2026,2,2,1,0,2,0,1,20.1,40.2,36.8,22.0,TE1,12.63,25.3,65.8,67.0,TE1,0,False
1951,00-0031302,C.J. Fiedorowicz,TE,HOU,2016,15,1,0,0,1,0,1,7.13,7.1,,,,,,,,,0,False
1951,00-0031302,C.J. Fiedorowicz,TE,HOU,2017,5,11,0,0,0,11,3,3.94,43.3,,,,,,,,,2,False
2460,00-0032134,C.J. Uzomah,TE,PHI,2018,16,0,0,0,0,0,0,5.21,0.0,,,,,,,,,0,False
2460,00-0032134,C.J. Uzomah,TE,PHI,2019,14,0,0,0,0,0,0,3.55,0.0,,,,,,,,,0,False
2460,00-0032134,C.J. Uzomah,TE,PHI,2020,2,14,0,0,0,14,2,9.35,130.9,,,,,,,,,0,False
2460,00-0032134,C.J. Uzomah,TE,PHI,2021,16,1,0,0,1,0,1,6.49,6.5,,,,,,,,,0,False
2460,00-0032134,C.J. Uzomah,TE,PHI,2022,14,2,1,0,2,0,2,3.26,6.5,,,,,,,,,0,False
2460,00-0032134,C.J. Uzomah,TE,PHI,2023,8,5,0,0,0,5,1,1.98,9.9,,,,,,,,,0,False
2460,00-0032134,C.J. Uzomah,TE,PHI,2024,2,1,0,0,0,1,1,0.0,0.0,,,,,,,,,0,False
8111,00-0038129,Cade Otton,TE,TB,2022,16,1,0,0,1,0,1,4.51,4.5,,,,,,,,,0,False
8111,00-0038129,Cade Otton,TE,TB,2023,17,0,0,0,0,0,0,5.59,0.0,,,,,,,,,0,False
8111,00-0038129,Cade Otton,TE,TB,2024,14,3,0,0,3,0,1,7.94,23.8,,,,,,,,,0,False
8111,00-0038129,Cade Otton,TE,TB,2025,15,1,0,0,1,0,1,6.18,6.2,,,,,,,,,0,False
8111,00-0038129,Cade Otton,TE,TB,2026,4,0,0,0,0,0,0,5.8,0.0,,,,,,,,,0,False
2214,00-0031273,Cameron Brate,TE,TB,2016,15,1,0,0,0,1,1,9.5,9.5,,,,,,,,,0,False
2214,00-0031273,Cameron Brate,TE,TB,2017,16,0,3,0,0,0,2,7.44,0.0,,,,,,125.8,148.0,TE16,0,False
2214,00-0031273,Cameron Brate,TE,TB,2018,15,0,0,0,0,0,0,5.19,0.0,,,,,,163.2,191.0,TE21,0,False
2214,00-0031273,Cameron Brate,TE,TB,2019,14,2,0,0,2,0,1,5.22,10.4,,,,,,,,,0,False
2214,00-0031273,Cameron Brate,TE,TB,2020,13,0,1,0,0,0,1,4.17,0.0,,,,,,,,,0,False
2214,00-0031273,Cameron Brate,TE,TB,2021,16,0,0,0,0,0,0,3.97,0.0,,,,,,,,,0,False
2214,00-0031273,Cameron Brate,TE,TB,2022,9,5,1,0,5,0,3,3.04,15.2,,,,,,,,,0,False
801,00-0028112,Charles Clay,TE,ARI,2016,15,1,13,0,1,0,4,7.18,7.2,,,,,,,,,0,False
801,00-0028112,Charles Clay,TE,ARI,2017,13,3,4,0,3,0,1,7.1,21.3,,,,,,,,,0,False
801,00-0028112,Charles Clay,TE,ARI,2018,11,2,3,0,2,0,4,2.45,4.9,,,,,,,,,0,False
801,00-0028112,Charles Clay,TE,ARI,2019,15,1,0,0,1,0,1,2.58,2.6,,,,,,,,,1,False
801,00-0028112,Charles Clay,TE,ARI,2020,0,0,0,0,0,0,0,2.58,0.0,,,,,,,,,0,True
8210,00-0037809,Chig Okonkwo,TE,WAS,2022,16,0,0,0,0,0,0,5.08,0.0,,,,,,,,,0,False
8210,00-0037809,Chig Okonkwo,TE,WAS,2023,17,0,1,0,0,0,1,5.08,0.0,132.9,140.0,TE14,6.89,0.0,137.9,156.0,TE14,0,False
8210,00-0037809,Chig Okonkwo,TE,WAS,2024,16,1,0,0,1,0,1,5.48,5.5,,,,,,,,,0,False
8210,00-0037809,Chig Okonkwo,TE,WAS,2025,17,0,1,0,0,0,1,5.65,0.0,,,,,,,,,0,False
8210,00-0037809,Chig Okonkwo,TE,WAS,2026,2,2,0,0,2,0,1,2.05,4.1,,,,,,,,,0,False
5009,00-0034766,Chris Herndon,TE,MIN,2018,14,0,0,0,0,0,0,6.69,0.0,,,,,,,,,0,False
5009,00-0034766,Chris Herndon,TE,MIN,2019,1,10,1,0,3,7,1,1.2,12.0,,,,,,,,,0,False
5009,00-0034766,Chris Herndon,TE,MIN,2020,12,0,0,0,0,0,0,4.85,0.0,155.0,169.0,TE17,6.35,0.0,157.1,173.0,TE17,0,False
5009,00-0034766,Chris Herndon,TE,MIN,2021,6,2,0,0,1,1,2,2.0,4.0,,,,,,,,,0,False
2373,00-0032256,Clive Walford,TE,MIA,2016,15,1,1,0,1,0,1,4.69,4.7,,,,,,,,,0,False
2373,00-0032256,Clive Walford,TE,MIA,2017,6,3,0,0,1,2,1,2.08,6.2,,,,,,,,,0,False
2373,00-0032256,Clive Walford,TE,MIA,2018,0,0,0,0,0,0,0,2.08,0.0,,,,,,,,,0,True
2373,00-0032256,Clive Walford,TE,MIA,2019,6,1,0,0,1,0,1,1.35,1.4,,,,,,,,,0,False
2373,00-0032256,Clive Walford,TE,MIA,2020,0,0,0,0,0,0,0,1.35,0.0,,,,,,,,,0,True
1107,00-0029697,Coby Fleener,TE,NO,2016,16,0,0,0,0,0,0,7.02,0.0,,,,,,84.5,88.0,TE7,0,False
1107,00-0029697,Coby Fleener,TE,NO,2017,11,5,0,0,0,5,1,4.77,23.8,,,,,,118.5,130.0,TE12,0,False
6865,00-0036244,Colby Parkinson,TE,LAR,2025,14,3,1,0,3,0,2,7.74,23.2,,,,,,,,,0,False
6865,00-0036244,Colby Parkinson,TE,LAR,2026,3,1,1,0,1,0,1,1.2,1.2,,,,,,,,,0,False
6826,00-0036290,Cole Kmet,TE,CHI,2021,17,0,0,0,0,0,0,5.36,0.0,,,,,,,,,0,False
6826,00-0036290,Cole Kmet,TE,CHI,2022,17,0,0,0,0,0,0,7.19,0.0,116.2,109.0,TE11,7.79,0.0,127.1,132.0,TE12,0,False
6826,00-0036290,Cole Kmet,TE,CHI,2023,16,1,2,0,1,0,2,9.04,9.0,132.7,138.0,TE13,7.04,7.0,130.6,138.0,TE13,0,False
6826,00-0036290,Cole Kmet,TE,CHI,2024,16,0,0,0,0,0,0,6.06,0.0,,,,,,157.7,192.0,TE19,0,False
6826,00-0036290,Cole Kmet,TE,CHI,2025,16,1,1,0,1,0,2,3.98,4.0,,,,,,,,,0,False
6826,00-0036290,Cole Kmet,TE,CHI,2026,4,0,0,0,0,0,0,3.2,0.0,,,,,,,,,0,False
12517,00-0040126,Colston Loveland,TE,CHI,2025,16,1,1,0,1,0,2,8.51,8.5,147.2,145.0,TE14,8.08,8.1,142.1,165.0,TE16,1,False
12517,00-0040126,Colston Loveland,TE,CHI,2026,4,0,0,0,0,0,0,3.65,0.0,62.2,34.0,TE3,10.42,0.0,82.1,82.0,TE3,0,False
5022,00-0034351,Dallas Goedert,TE,PHI,2018,15,0,0,0,0,0,0,4.93,0.0,,,,,,,,,0,False
5022,00-0034351,Dallas Goedert,TE,PHI,2019,15,0,1,0,0,0,1,7.71,0.0,,,,,,,,,0,False
5022,00-0034351,Dallas Goedert,TE,PHI,2020,11,5,0,0,1,4,2,8.49,42.5,,,,,,156.4,172.0,TE16,1,False
5022,00-0034351,Dallas Goedert,TE,PHI,2021,15,2,0,0,0,2,2,9.13,18.3,88.1,91.0,TE9,8.37,16.7,99.6,102.0,TE9,0,False
5022,00-0034351,Dallas Goedert,TE,PHI,2022,12,5,0,0,0,5,1,9.47,47.4,77.8,78.0,TE8,8.44,42.2,102.8,106.0,TE10,0,False
5022,00-0034351,Dallas Goedert,TE,PHI,2023,14,3,0,0,3,0,1,7.63,22.9,82.4,85.0,TE7,8.25,24.8,81.5,85.0,TE7,0,False
5022,00-0034351,Dallas Goedert,TE,PHI,2024,10,7,0,0,3,4,2,8.26,57.8,133.8,138.0,TE15,7.79,54.5,143.7,159.0,TE15,1,False
5022,00-0034351,Dallas Goedert,TE,PHI,2025,15,2,0,0,2,0,2,10.34,20.7,123.5,125.0,TE11,8.52,17.0,133.7,144.0,TE11,0,False
5022,00-0034351,Dallas Goedert,TE,PHI,2026,2,2,0,0,2,0,1,11.3,22.6,,,,,,116.3,120.0,TE8,0,False
10236,00-0038933,Dalton Kincaid,TE,BUF,2023,16,1,0,0,1,0,1,7.11,7.1,149.9,162.0,TE15,6.76,6.8,142.5,162.0,TE18,0,False
10236,00-0038933,Dalton Kincaid,TE,BUF,2024,13,4,1,0,4,0,3,6.06,24.2,67.0,71.0,TE5,8.77,35.1,82.0,87.0,TE5,1,False
10236,00-0038933,Dalton Kincaid,TE,BUF,2025,12,5,3,0,5,0,4,8.88,44.4,136.2,139.0,TE13,8.22,41.1,142.7,167.0,TE17,0,False
10236,00-0038933,Dalton Kincaid,TE,BUF,2026,4,0,0,0,0,0,0,9.62,0.0,,,,,,149.3,157.0,TE11,0,False
5001,00-0034383,Dalton Schultz,TE,HOU,2020,16,0,0,0,0,0,0,7.19,0.0,,,,,,,,,0,False
5001,00-0034383,Dalton Schultz,TE,HOU,2021,17,0,0,0,0,0,0,9.99,0.0,,,,,,,,,0,False
5001,00-0034383,Dalton Schultz,TE,HOU,2022,15,2,2,0,2,0,3,7.61,15.2,61.8,62.0,TE6,9.02,18.0,70.8,74.0,TE6,1,False
5001,00-0034383,Dalton Schultz,TE,HOU,2023,15,2,0,0,2,0,1,8.07,16.1,110.4,115.0,TE10,7.55,15.1,117.7,122.0,TE11,0,False
5001,00-0034383,Dalton Schultz,TE,HOU,2024,17,0,0,0,0,0,0,5.39,0.0,143.7,150.0,TE16,7.73,0.0,157.2,190.0,TE18,0,False
5001,00-0034383,Dalton Schultz,TE,HOU,2025,17,0,1,0,0,0,1,8.04,0.0,,,,,,,,,0,False
5001,00-0034383,Dalton Schultz,TE,HOU,2026,4,0,0,0,0,0,0,7.97,0.0,,,,,,,,,0,False
4741,00-0034011,Dan Arnold,TE,JAX,2020,15,0,1,0,0,0,1,5.42,0.0,,,,,,,,,0,False
4741,00-0034011,Dan Arnold,TE,JAX,2021,11,6,0,0,0,6,1,5.3,31.8,,,,,,,,,1,False
4741,00-0034011,Dan Arnold,TE,JAX,2022,11,0,0,0,0,0,0,1.64,0.0,,,,,,,,,0,False
1592,00-0029738,Darren Fells,TE,TB,2019,15,0,0,0,0,0,0,6.21,0.0,,,,,,,,,0,False
1592,00-0029738,Darren Fells,TE,TB,2020,12,0,0,0,0,0,0,5.48,0.0,,,,,,,,,0,False
1592,00-0029738,Darren Fells,TE,TB,2021,3,0,0,0,0,0,0,2.1,0.0,,,,,,,,,0,False
2505,00-0031610,Darren Waller,TE,CAR,2019,16,0,0,0,0,0,0,11.0,0.0,,,,,,,,,0,False
2505,00-0031610,Darren Waller,TE,CAR,2020,16,0,1,0,0,0,1,14.07,0.0,64.4,67.0,TE5,9.91,0.0,67.3,69.0,TE5,0,False
2505,00-0031610,Darren Waller,TE,CAR,2021,11,6,1,0,5,1,3,9.64,57.8,22.6,23.0,TE2,11.61,69.7,29.1,30.0,TE2,1,False
2505,00-0031610,Darren Waller,TE,CAR,2022,8,9,0,0,4,5,2,8.85,79.6,51.8,52.0,TE5,9.39,84.5,58.9,62.0,TE5,0,False
2505,00-0031610,Darren Waller,TE,CAR,2023,12,5,4,0,0,5,4,7.27,36.3,70.3,73.0,TE5,8.91,44.5,71.0,74.0,TE6,1,False
2505,00-0031610,Darren Waller,TE,CAR,2024,0,0,0,0,0,0,0,7.27,0.0,,,,,,,,,0,True
2505,00-0031610,Darren Waller,TE,CAR,2025,9,8,1,0,3,5,4,8.52,68.2,,,,,,,,,0,False
2505,00-0031610,Darren Waller,TE,CAR,2026,4,0,0,0,0,0,0,8.33,0.0,,,,,,,,,0,False
4033,00-0033885,David Njoku,TE,LAC,2017,16,0,0,0,0,0,0,4.92,0.0,,,,,,,,,0,False
4033,00-0033885,David Njoku,TE,LAC,2018,15,1,2,0,1,0,3,7.73,7.7,103.0,107.0,TE11,8.03,8.0,121.8,125.0,TE11,0,False
4033,00-0033885,David Njoku,TE,LAC,2019,3,11,0,0,1,10,3,4.2,46.2,82.5,83.0,TE9,7.84,86.2,108.9,111.0,TE9,0,False
4033,00-0033885,David Njoku,TE,LAC,2020,11,3,1,0,0,3,2,3.89,11.7,,,,,,,,,1,False
4033,00-0033885,David Njoku,TE,LAC,2021,15,1,2,0,0,1,3,5.97,6.0,,,,,,,,,0,False
4033,00-0033885,David Njoku,TE,LAC,2022,14,3,1,0,3,0,3,8.07,24.2,,,,,,145.7,158.0,TE14,0,False
4033,00-0033885,David Njoku,TE,LAC,2023,16,1,2,0,1,0,3,10.04,10.0,114.5,121.0,TE11,7.37,7.4,104.6,107.0,TE9,0,False
4033,00-0033885,David Njoku,TE,LAC,2024,11,6,2,0,5,1,3,10.59,63.5,102.9,106.0,TE10,8.15,48.9,114.5,119.0,TE9,1,False
4033,00-0033885,David Njoku,TE,LAC,2025,11,6,1,0,6,0,3,6.35,38.1,,,,,,102.9,106.0,TE8,1,False
4033,00-0033885,David Njoku,TE,LAC,2026,2,2,0,0,0,2,1,4.85,9.7,,,,,,,,,0,False
5906,00-0035689,Dawson Knox,TE,BUF,2019,15,0,0,0,0,0,0,4.38,0.0,,,,,,,,,0,False
5906,00-0035689,Dawson Knox,TE,BUF,2020,11,5,0,0,4,1,2,4.98,24.9,,,,,,,,,0,False
5906,00-0035689,Dawson Knox,TE,BUF,2021,15,2,0,0,2,0,1,9.31,18.6,,,,,,,,,0,False
5906,00-0035689,Dawson Knox,TE,BUF,2022,15,1,2,0,1,0,3,7.45,7.5,157.9,124.0,TE12,7.62,7.6,96.3,100.0,TE8,0,False
5906,00-0035689,Dawson Knox,TE,BUF,2023,10,6,2,0,1,5,3,4.36,26.2,130.2,136.0,TE12,7.2,43.2,127.5,133.0,TE12,0,False
5906,00-0035689,Dawson Knox,TE,BUF,2024,14,0,0,0,0,0,0,3.44,0.0,,,,,,,,,0,False
5906,00-0035689,Dawson Knox,TE,BUF,2025,16,0,1,0,0,0,1,5.36,0.0,,,,,,,,,0,False
5906,00-0035689,Dawson Knox,TE,BUF,2026,4,0,0,0,0,0,0,3.0,0.0,,,,,,,,,0,False
284,00-0024389,Delanie Walker,TE,TEN,2016,15,1,2,0,1,0,2,10.37,10.4,,,,,,82.5,85.0,TE6,0,False
284,00-0024389,Delanie Walker,TE,TEN,2017,16,0,3,0,0,0,2,8.59,0.0,,,,,,88.1,91.0,TE7,0,False
284,00-0024389,Delanie Walker,TE,TEN,2018,1,15,0,0,0,15,2,7.2,108.0,80.3,81.0,TE9,8.34,125.1,90.7,92.0,TE8,0,False
284,00-0024389,Delanie Walker,TE,TEN,2019,6,10,0,0,5,5,2,7.33,73.3,104.6,106.0,TE10,7.58,75.8,129.5,142.0,TE13,0,False
284,00-0024389,Delanie Walker,TE,TEN,2020,0,0,0,0,0,0,0,7.33,0.0,,,,,,,,,0,True
527,00-0027714,Dennis Pitta,TE,BAL,2016,16,0,1,0,0,0,1,7.87,0.0,,,,,,,,,0,False
1357,00-0030422,Dion Sims,TE,CHI,2016,13,2,2,0,2,0,3,4.82,9.6,,,,,,,,,0,False
1357,00-0030422,Dion Sims,TE,CHI,2017,12,2,1,0,2,0,1,2.62,5.2,,,,,,,,,0,False
1357,00-0030422,Dion Sims,TE,CHI,2018,3,8,0,0,1,7,1,0.63,5.0,,,,,,,,,0,False
6074,00-0035329,Donald Parham,TE,PIT,2023,14,1,1,0,1,0,2,4.71,4.7,,,,,,,,,1,False
6074,00-0035329,Donald Parham,TE,PIT,2024,0,0,0,0,0,0,0,4.71,0.0,,,,,,,,,0,True
6074,00-0035329,Donald Parham,TE,PIT,2025,0,17,0,0,0,17,2,4.71,80.1,,,,,,,,,0,True
1105,00-0029689,Dwayne Allen,TE,MIA,2016,14,2,2,0,2,0,2,6.86,13.7,,,,,,150.0,162.0,TE16,1,False
1105,00-0029689,Dwayne Allen,TE,MIA,2017,12,0,0,0,0,0,0,1.63,0.0,,,,,,132.7,183.0,TE23,0,False
1105,00-0029689,Dwayne Allen,TE,MIA,2018,4,4,1,0,4,0,2,1.05,4.2,,,,,,,,,0,False
1105,00-0029689,Dwayne Allen,TE,MIA,2019,0,0,0,0,0,0,0,1.05,0.0,,,,,,,,,0,True
701,00-0027675,Ed Dickson,TE,SEA,2017,14,0,1,0,0,0,1,4.62,0.0,,,,,,,,,0,False
701,00-0027675,Ed Dickson,TE,SEA,2018,9,0,0,0,0,0,0,4.36,0.0,,,,,,,,,0,False
701,00-0027675,Ed Dickson,TE,SEA,2019,0,16,0,0,0,16,2,4.36,69.8,,,,,,,,,0,True
701,00-0027675,Ed Dickson,TE,SEA,2020,0,0,0,0,0,0,0,4.36,0.0,,,,,,,,,0,True
2118,00-0031387,Eric Ebron,TE,PIT,2016,13,3,6,0,3,0,4,8.75,26.2,,,,,,157.7,180.0,TE19,0,False
2118,00-0031387,Eric Ebron,TE,PIT,2017,16,0,0,0,0,0,0,6.62,0.0,,,,,,126.7,153.0,TE18,0,False
2118,00-0031387,Eric Ebron,TE,PIT,2018,16,0,2,0,0,0,2,11.82,0.0,153.1,163.0,TE15,7.54,0.0,161.8,187.0,TE19,0,False
2118,00-0031387,Eric Ebron,TE,PIT,2019,11,5,1,0,0,5,1,6.45,32.2,124.0,127.0,TE12,7.11,35.6,111.6,114.0,TE10,0,False
2118,00-0031387,Eric Ebron,TE,PIT,2020,15,1,0,0,0,1,1,7.59,7.6,155.0,170.0,TE18,6.19,6.2,,,,0,False
2118,00-0031387,Eric Ebron,TE,PIT,2021,8,9,0,0,2,7,2,3.31,29.8,,,,,,,,,0,False
4066,00-0033881,Evan Engram,TE,DEN,2017,15,1,0,0,1,0,1,9.44,9.4,,,,,,130.6,175.0,TE21,1,False
4066,00-0033881,Evan Engram,TE,DEN,2018,11,4,0,0,4,0,2,9.44,37.8,74.1,75.0,TE7,8.73,34.9,77.6,81.0,TE6,1,False
4066,00-0033881,Evan Engram,TE,DEN,2019,8,8,0,0,6,2,3,10.93,87.4,58.0,60.0,TE5,9.33,74.6,66.4,67.0,TE5,0,False
4066,00-0033881,Evan Engram,TE,DEN,2020,16,0,1,0,0,0,1,6.84,0.0,71.9,74.0,TE6,9.38,0.0,82.8,82.0,TE6,0,False
4066,00-0033881,Evan Engram,TE,DEN,2021,15,2,2,0,2,0,2,5.3,10.6,152.9,171.0,TE17,7.0,14.0,147.8,172.0,TE19,0,False
4066,00-0033881,Evan Engram,TE,DEN,2022,17,0,0,0,0,0,0,8.26,0.0,,,,,,,,,0,False
4066,00-0033881,Evan Engram,TE,DEN,2023,17,0,0,0,0,0,0,10.19,0.0,108.9,112.0,TE9,7.76,0.0,108.7,111.0,TE10,0,False
4066,00-0033881,Evan Engram,TE,DEN,2024,9,7,1,0,3,4,2,7.33,51.3,89.3,92.0,TE8,8.35,58.4,119.8,126.0,TE11,0,False
4066,00-0033881,Evan Engram,TE,DEN,2025,16,1,0,0,1,0,1,4.86,4.9,115.1,114.0,TE10,8.69,8.7,134.1,145.0,TE12,0,False
4066,00-0033881,Evan Engram,TE,DEN,2026,4,0,0,0,0,0,0,3.9,0.0,,,,,,,,,0,False
5985,00-0034981,Foster Moreau,TE,HOU,2021,15,0,0,0,0,0,0,4.69,0.0,,,,,,,,,0,False
5985,00-0034981,Foster Moreau,TE,HOU,2022,14,2,0,0,2,0,1,5.05,10.1,,,,,,,,,0,False
5985,00-0034981,Foster Moreau,TE,HOU,2023,13,2,0,0,2,0,1,2.75,5.5,,,,,,,,,0,False
5985,00-0034981,Foster Moreau,TE,HOU,2024,16,0,0,0,0,0,0,5.46,0.0,,,,,,,,,0,False
5985,00-0034981,Foster Moreau,TE,HOU,2025,7,7,0,0,1,6,3,1.34,9.4,,,,,,,,,0,False
5985,00-0034981,Foster Moreau,TE,HOU,2026,4,0,0,0,0,0,0,3.8,0.0,,,,,,,,,0,False
1223,00-0028903,Garrett Celek,TE,SF,2016,14,0,1,0,0,0,1,4.68,0.0,,,,,,,,,0,False
1223,00-0028903,Garrett Celek,TE,SF,2017,14,1,0,0,1,0,1,4.86,4.9,,,,,,,,,0,False
1223,00-0028903,Garrett Celek,TE,SF,2018,8,3,0,0,3,0,3,2.94,8.8,,,,,,,,,0,False
1223,00-0028903,Garrett Celek,TE,SF,2019,3,11,0,0,0,11,3,0.0,0.0,,,,,,,,,0,False
1223,00-0028903,Garrett Celek,TE,SF,2020,0,0,0,0,0,0,0,0.0,0.0,,,,,,,,,0,True
176,00-0026281,Gary Barnidge,TE,CLE,2016,16,0,1,0,0,0,1,6.42,0.0,,,,,,103.5,106.0,TE9,0,False
4217,00-0033288,George Kittle,TE,SF,2017,15,1,2,0,1,0,3,5.67,5.7,,,,,,,,,0,False
4217,00-0033288,George Kittle,TE,SF,2018,16,0,1,0,0,0,1,13.42,0.0,135.9,144.0,TE13,7.77,0.0,147.8,157.0,TE14,0,False
4217,00-0033288,George Kittle,TE,SF,2019,14,2,2,0,2,0,2,12.86,25.7,31.1,32.0,TE2,11.66,23.3,33.3,35.0,TE2,0,False
4217,00-0033288,George Kittle,TE,SF,2020,8,8,0,0,2,6,3,12.64,101.1,24.7,26.0,TE2,12.57,100.6,27.5,28.0,TE2,0,False
4217,00-0033288,George Kittle,TE,SF,2021,14,3,1,0,0,3,2,11.61,34.8,29.4,30.0,TE3,10.74,32.2,36.5,37.0,TE3,0,False
4217,00-0033288,George Kittle,TE,SF,2022,15,2,0,0,2,0,1,11.37,22.7,44.5,45.0,TE4,9.84,19.7,55.1,57.0,TE4,0,False
4217,00-0033288,George Kittle,TE,SF,2023,16,0,1,0,0,0,1,10.67,0.0,59.0,61.0,TE4,9.35,0.0,62.8,65.0,TE4,0,False
4217,00-0033288,George Kittle,TE,SF,2024,15,2,3,0,2,0,5,13.17,26.3,72.4,76.0,TE6,8.61,17.2,76.6,81.0,TE4,0,False
4217,00-0033288,George Kittle,TE,SF,2025,11,6,1,0,1,5,2,12.09,72.5,45.8,47.0,TE3,10.88,65.3,58.5,62.0,TE2,1,False
4217,00-0033288,George Kittle,TE,SF,2026,4,0,0,0,0,0,0,14.1,0.0,,,,,,105.7,109.0,TE6,0,False
4089,00-0033895,Gerald Everett,TE,CHI,2018,15,0,0,0,0,0,0,4.67,0.0,,,,,,,,,0,False
4089,00-0033895,Gerald Everett,TE,CHI,2019,12,3,1,0,3,0,2,5.94,17.8,,,,,,,,,0,False
4089,00-0033895,Gerald Everett,TE,CHI,2020,15,1,0,0,1,0,1,4.83,4.8,,,,,,,,,0,False
4089,00-0033895,Gerald Everett,TE,CHI,2021,15,2,0,0,0,2,1,6.25,12.5,152.6,170.0,TE16,7.13,14.3,156.4,195.0,TE21,0,False
4089,00-0033895,Gerald Everett,TE,CHI,2022,15,1,0,0,1,0,1,7.37,7.4,,,,,,,,,1,False
4089,00-0033895,Gerald Everett,TE,CHI,2023,15,2,1,0,2,0,2,5.71,11.4,153.6,167.0,TE17,6.51,13.0,148.6,170.0,TE19,0,False
4089,00-0033895,Gerald Everett,TE,CHI,2024,10,0,0,0,0,0,0,0.76,0.0,,,,,,,,,0,False
8172,00-0037252,Greg Dulcich,TE,MIA,2022,10,7,0,0,0,7,2,6.96,48.7,,,,,,,,,0,False
8172,00-0037252,Greg Dulcich,TE,MIA,2023,2,15,1,0,0,15,2,2.0,30.0,156.8,175.0,TE19,6.29,94.3,,,,0,False
8172,00-0037252,Greg Dulcich,TE,MIA,2024,4,1,0,0,1,0,1,1.32,1.3,,,,,,,,,0,False
8172,00-0037252,Greg Dulcich,TE,MIA,2025,9,0,0,0,0,0,0,5.53,0.0,,,,,,,,,0,False
8172,00-0037252,Greg Dulcich,TE,MIA,2026,3,0,0,0,0,0,0,4.5,0.0,,,,,,,,,0,False
58,00-0025418,Greg Olsen,TE,SEA,2016,16,0,1,0,0,0,1,10.46,0.0,,,,,,58.5,60.0,TE3,0,False
58,00-0025418,Greg Olsen,TE,SEA,2017,7,9,1,0,1,8,2,4.8,43.2,,,,,,60.9,61.0,TE4,1,False
58,00-0025418,Greg Olsen,TE,SEA,2018,9,7,2,0,3,4,4,7.4,51.8,61.2,62.0,TE5,9.25,64.8,70.3,71.0,TE5,2,False
58,00-0025418,Greg Olsen,TE,SEA,2019,14,2,2,0,2,0,2,6.98,14.0,153.8,162.0,TE15,6.55,13.1,,,,0,False
58,00-0025418,Greg Olsen,TE,SEA,2020,11,5,0,0,1,4,2,3.81,19.1,,,,,,,,,1,False
12502,00-0040584,Gunnar Helm,TE,TEN,2025,16,1,1,0,1,0,2,4.36,4.4,,,,,,,,,0,False
12502,00-0040584,Gunnar Helm,TE,TEN,2026,4,0,0,0,0,0,0,3.12,0.0,,,,,,,,,0,False
12506,00-0040663,Harold Fannin Jr.,TE,CLE,2025,16,1,2,0,1,0,2,9.4,9.4,,,,,,,,,1,False
12506,00-0040663,Harold Fannin Jr.,TE,CLE,2026,4,0,0,0,0,0,0,10.45,0.0,,,,,,,,,0,False
4973,00-0034830,Hayden Hurst,TE,LAC,2019,16,0,0,0,0,0,0,3.87,0.0,,,,,,,,,0,False
4973,00-0034830,Hayden Hurst,TE,LAC,2020,16,0,1,0,0,0,1,7.57,0.0,81.7,85.0,TE8,8.54,0.0,128.2,133.0,TE13,0,False
4973,00-0034830,Hayden Hurst,TE,LAC,2021,12,4,0,0,0,4,2,4.26,17.0,,,,,,,,,0,False
4973,00-0034830,Hayden Hurst,TE,LAC,2022,13,3,3,0,3,0,3,6.11,18.3,,,,,,,,,1,False
4973,00-0034830,Hayden Hurst,TE,LAC,2023,9,8,0,0,4,4,1,3.71,29.7,,,,,,,,,0,False
4973,00-0034830,Hayden Hurst,TE,LAC,2024,7,9,1,0,5,4,5,1.61,14.5,,,,,,,,,0,False
3214,00-0033090,Hunter Henry,TE,NE,2016,13,1,2,0,1,0,2,8.6,8.6,,,,,,,,,0,False
3214,00-0033090,Hunter Henry,TE,NE,2017,12,2,0,0,0,2,1,8.7,17.4,,,,,,117.6,128.0,TE11,0,False
3214,00-0033090,Hunter Henry,TE,NE,2018,0,16,0,0,0,16,2,8.7,139.2,,,,,,,,,0,True
3214,00-0033090,Hunter Henry,TE,NE,2019,12,4,1,0,4,0,1,10.22,40.9,63.2,64.0,TE6,8.87,35.5,69.9,71.0,TE6,0,False
3214,00-0033090,Hunter Henry,TE,NE,2020,14,2,0,0,0,2,1,8.24,16.5,95.6,98.0,TE9,8.2,16.4,98.3,99.0,TE8,0,False
3214,00-0033090,Hunter Henry,TE,NE,2021,16,0,1,0,0,0,1,8.71,0.0,159.6,188.0,TE20,6.65,0.0,142.2,163.0,TE18,0,False
3214,00-0033090,Hunter Henry,TE,NE,2022,16,0,1,0,0,0,1,5.21,0.0,,,,,,153.4,177.0,TE17,0,False
3214,00-0033090,Hunter Henry,TE,NE,2023,13,3,1,0,2,1,2,7.61,22.8,,,,,,,,,0,False
3214,00-0033090,Hunter Henry,TE,NE,2024,16,1,0,0,1,0,1,7.03,7.0,,,,,,,,,0,False
3214,00-0033090,Hunter Henry,TE,NE,2025,17,0,0,0,0,0,0,8.75,0.0,,,,,,,,,0,False
3214,00-0033090,Hunter Henry,TE,NE,2026,4,0,0,0,0,0,0,4.82,0.0,,,,,,,,,0,False
4995,00-0034365,Ian Thomas,TE,LV,2018,10,0,0,0,0,0,0,6.33,0.0,,,,,,,,,0,False
4995,00-0034365,Ian Thomas,TE,LV,2019,10,0,0,0,0,0,0,2.76,0.0,,,,,,,,,0,False
4995,00-0034365,Ian Thomas,TE,LV,2020,13,0,1,0,0,0,1,2.35,0.0,,,,,,,,,0,False
4995,00-0034365,Ian Thomas,TE,LV,2021,14,0,0,0,0,0,0,1.99,0.0,,,,,,,,,0,False
4995,00-0034365,Ian Thomas,TE,LV,2022,13,1,1,0,1,0,2,2.32,2.3,,,,,,,,,0,False
4995,00-0034365,Ian Thomas,TE,LV,2023,8,7,0,0,3,4,3,1.01,7.1,,,,,,,,,0,False
4995,00-0034365,Ian Thomas,TE,LV,2024,3,12,1,0,0,12,2,0.73,8.8,,,,,,,,,0,False
4995,00-0034365,Ian Thomas,TE,LV,2025,9,2,0,0,2,0,1,1.99,4.0,,,,,,,,,0,False
4995,00-0034365,Ian Thomas,TE,LV,2026,2,0,0,0,0,0,0,5.9,0.0,,,,,,,,,0,False
6126,00-0034970,Irv Smith,TE,HOU,2019,14,0,0,0,0,0,0,4.36,0.0,,,,,,,,,0,False
6126,00-0034970,Irv Smith,TE,HOU,2020,13,3,2,0,3,0,2,6.42,19.3,,,,,,,,,0,False
6126,00-0034970,Irv Smith,TE,HOU,2021,0,17,0,0,0,17,2,7.27,123.6,135.8,147.0,TE15,7.27,123.6,137.3,153.0,TE16,0,True
6126,00-0034970,Irv Smith,TE,HOU,2022,8,9,0,0,0,9,1,5.34,48.1,,,,,,150.2,173.0,TE16,0,False
6126,00-0034970,Irv Smith,TE,HOU,2023,10,3,0,0,3,0,1,2.45,7.4,,,,,,,,,0,False
6126,00-0034970,Irv Smith,TE,HOU,2024,0,0,0,0,0,0,0,2.45,0.0,,,,,,,,,0,True
6126,00-0034970,Irv Smith,TE,HOU,2025,0,4,0,0,0,4,1,2.45,9.8,,,,,,,,,0,True
8131,00-0037838,Isaiah Likely,TE,NYG,2022,14,1,1,0,1,0,2,5.24,5.2,,,,,,,,,0,False
8131,00-0037838,Isaiah Likely,TE,NYG,2023,14,0,0,0,0,0,0,6.15,0.0,,,,,,,,,0,False
8131,00-0037838,Isaiah Likely,TE,NYG,2024,15,1,0,0,1,0,1,6.85,6.8,166.4,176.0,TE18,7.63,7.6,158.9,197.0,TE20,1,False
8131,00-0037838,Isaiah Likely,TE,NYG,2025,12,4,0,0,4,0,1,4.02,16.1,,,,,,,,,0,False
8131,00-0037838,Isaiah Likely,TE,NYG,2026,4,0,0,0,0,0,0,10.5,0.0,,,,,,148.2,156.0,TE10,0,False
1706,00-0030181,Jack Doyle,TE,IND,2016,16,0,0,0,0,0,0,7.24,0.0,,,,,,,,,0,False
1706,00-0030181,Jack Doyle,TE,IND,2017,15,1,0,0,1,0,1,8.6,8.6,,,,,,126.8,154.0,TE19,0,False
1706,00-0030181,Jack Doyle,TE,IND,2018,6,10,0,0,5,5,2,7.92,79.2,119.2,122.0,TE12,7.89,78.9,128.2,132.0,TE12,0,False
1706,00-0030181,Jack Doyle,TE,IND,2019,16,0,1,0,0,0,1,5.64,0.0,,,,,,,,,0,False
1706,00-0030181,Jack Doyle,TE,IND,2020,13,3,1,0,3,0,3,4.05,12.1,163.3,188.0,TE20,5.88,17.6,,,,0,False
1706,00-0030181,Jack Doyle,TE,IND,2021,15,1,2,0,1,0,3,4.31,4.3,,,,,,,,,0,False
4421,00-0033387,Jacob Hollister,TE,CAR,2019,10,0,0,0,0,0,0,7.34,0.0,,,,,,,,,0,False
4421,00-0033387,Jacob Hollister,TE,CAR,2020,13,0,0,0,0,0,0,4.11,0.0,,,,,,,,,0,False
4421,00-0033387,Jacob Hollister,TE,CAR,2021,7,1,0,0,0,1,1,2.29,2.3,,,,,,,,,0,False
4421,00-0033387,Jacob Hollister,TE,CAR,2022,0,1,0,0,0,1,1,2.29,2.3,,,,,,,,,0,True
4421,00-0033387,Jacob Hollister,TE,CAR,2023,0,0,0,0,0,0,0,2.29,0.0,,,,,,,,,0,True
4421,00-0033387,Jacob Hollister,TE,CAR,2024,0,0,0,0,0,0,0,2.29,0.0,,,,,,,,,0,True
8110,00-0038041,Jake Ferguson,TE,DAL,2023,17,0,0,0,0,0,0,8.33,0.0,,,,,,,,,0,False
8110,00-0038041,Jake Ferguson,TE,DAL,2024,14,3,0,0,3,0,2,5.35,16.0,94.3,99.0,TE9,8.24,24.7,104.5,110.0,TE8,1,False
8110,00-0038041,Jake Ferguson,TE,DAL,2025,17,0,1,0,0,0,1,8.65,0.0,124.2,126.0,TE12,8.36,0.0,135.9,152.0,TE13,0,False
8110,00-0038041,Jake Ferguson,TE,DAL,2026,4,0,0,0,0,0,0,7.58,0.0,,,,,,,,,0,False
8698,00-0037112,Jake Tonges,TE,SF,2025,10,0,0,0,0,0,0,7.63,0.0,,,,,,,,,0,False
8698,00-0037112,Jake Tonges,TE,SF,2026,0,3,0,0,0,3,1,7.63,22.9,,,,,,,,,0,True
367,00-0027061,Jared Cook,TE,LAC,2016,10,6,1,0,6,0,1,5.67,34.0,,,,,,152.8,167.0,TE17,0,False
367,00-0027061,Jared Cook,TE,LAC,2017,16,0,0,0,0,0,0,6.61,0.0,,,,,,123.5,139.0,TE14,0,False
367,00-0027061,Jared Cook,TE,LAC,2018,16,0,0,0,0,0,0,9.97,0.0,,,,,,,,,0,False
367,00-0027061,Jared Cook,TE,LAC,2019,14,2,0,0,2,0,1,10.43,20.9,73.3,75.0,TE7,8.48,17.0,80.4,81.0,TE7,0,False
367,00-0027061,Jared Cook,TE,LAC,2020,15,1,1,0,1,0,1,7.26,7.3,118.3,124.0,TE12,7.36,7.4,149.1,158.0,TE14,0,False
367,00-0027061,Jared Cook,TE,LAC,2021,16,1,0,0,0,1,1,6.78,6.8,157.2,181.0,TE19,6.76,6.8,142.1,162.0,TE17,0,False
23,00-0022127,Jason Witten,TE,LV,2016,15,0,2,0,0,0,2,7.85,0.0,,,,,,148.8,161.0,TE15,0,False
23,00-0022127,Jason Witten,TE,LV,2017,16,0,0,0,0,0,0,7.34,0.0,,,,,,128.6,161.0,TE20,0,False
23,00-0022127,Jason Witten,TE,LV,2019,16,0,0,0,0,0,0,6.78,0.0,,,,,,,,,0,False
23,00-0022127,Jason Witten,TE,LV,2020,10,0,0,0,0,0,0,2.54,0.0,,,,,,,,,0,False
8219,00-0037755,Jelani Woods,TE,NYJ,2022,12,2,1,0,2,0,2,5.14,10.3,,,,,,,,,0,False
8219,00-0037755,Jelani Woods,TE,NYJ,2023,0,17,0,0,0,17,2,5.14,87.4,,,,,,,,,0,True
8219,00-0037755,Jelani Woods,TE,NYJ,2024,0,17,0,0,0,17,2,5.14,87.4,,,,,,,,,0,True
8219,00-0037755,Jelani Woods,TE,NYJ,2025,2,1,0,0,1,0,1,0.45,0.5,,,,,,,,,0,False
8219,00-0037755,Jelani Woods,TE,NYJ,2026,2,0,0,0,0,0,0,2.05,0.0,,,,,,,,,0,False
530,00-0027873,Jermaine Gresham,TE,ARI,2016,16,0,1,0,0,0,1,4.35,0.0,,,,,,,,,0,False
530,00-0027873,Jermaine Gresham,TE,ARI,2017,14,2,1,0,2,0,2,4.34,8.7,,,,,,,,,0,False
530,00-0027873,Jermaine Gresham,TE,ARI,2018,8,5,2,0,5,0,4,1.49,7.5,,,,,,,,,0,False
2463,00-0032135,Jesse James,TE,LV,2016,16,0,0,0,0,0,0,4.46,0.0,,,,,,,,,0,False
2463,00-0032135,Jesse James,TE,LV,2017,14,0,0,0,0,0,0,5.48,0.0,,,,,,,,,0,False
2463,00-0032135,Jesse James,TE,LV,2018,15,0,0,0,0,0,0,4.62,0.0,,,,,,,,,0,False
2463,00-0032135,Jesse James,TE,LV,2019,13,0,0,0,0,0,0,1.71,0.0,,,,,,,,,0,False
2463,00-0032135,Jesse James,TE,LV,2020,13,0,0,0,0,0,0,2.45,0.0,,,,,,,,,0,False
2463,00-0032135,Jesse James,TE,LV,2021,5,4,0,0,2,2,2,3.14,12.6,,,,,,,,,1,False
2463,00-0032135,Jesse James,TE,LV,2022,0,15,0,0,0,15,2,3.14,47.1,,,,,,,,,0,True
2463,00-0032135,Jesse James,TE,LV,2023,0,0,0,0,0,0,0,3.14,0.0,,,,,,,,,0,True
616,00-0027696,Jimmy Graham,TE,NO,2016,16,0,2,0,0,0,2,9.8,0.0,,,,,,112.6,115.0,TE11,0,False
616,00-0027696,Jimmy Graham,TE,NO,2017,16,0,3,0,0,0,2,8.91,0.0,,,,,,65.7,67.0,TE5,0,False
616,00-0027696,Jimmy Graham,TE,NO,2018,16,0,1,0,0,0,1,6.44,0.0,52.7,54.0,TE4,9.6,0.0,62.8,64.0,TE4,0,False
616,00-0027696,Jimmy Graham,TE,NO,2019,16,0,2,0,0,0,2,5.11,0.0,158.2,174.0,TE18,6.08,0.0,,,,0,False
616,00-0027696,Jimmy Graham,TE,NO,2020,16,0,1,0,0,0,1,7.41,0.0,,,,,,,,,0,False
616,00-0027696,Jimmy Graham,TE,NO,2021,11,5,0,0,3,2,3,3.97,19.9,,,,,,,,,0,False
616,00-0027696,Jimmy Graham,TE,NO,2023,6,9,0,0,9,0,7,5.15,46.4,,,,,,,,,0,False
4144,00-0033858,Jonnu Smith,TE,GB,2019,15,0,0,0,0,0,0,5.81,0.0,,,,,,,,,0,False
4144,00-0033858,Jonnu Smith,TE,GB,2020,14,2,0,0,2,0,2,8.55,17.1,150.8,163.0,TE16,6.53,13.1,157.3,175.0,TE18,0,False
4144,00-0033858,Jonnu Smith,TE,GB,2021,16,1,5,0,1,0,2,3.34,3.3,128.6,135.0,TE14,7.42,7.4,134.3,148.0,TE15,1,False
4144,00-0033858,Jonnu Smith,TE,GB,2022,12,3,1,0,3,0,2,3.21,9.6,,,,,,,,,0,False
4144,00-0033858,Jonnu Smith,TE,GB,2023,17,0,0,0,0,0,0,5.84,0.0,,,,,,,,,0,False
4144,00-0033858,Jonnu Smith,TE,GB,2024,17,0,0,0,0,0,0,10.49,0.0,,,,,,142.8,157.0,TE14,0,False
4144,00-0033858,Jonnu Smith,TE,GB,2025,17,0,1,0,0,0,1,3.89,0.0,,,,,,139.6,158.0,TE14,0,False
4144,00-0033858,Jonnu Smith,TE,GB,2026,3,0,0,0,0,0,0,3.67,0.0,,,,,,,,,0,False
5032,00-0034364,Jordan Akins,TE,JAX,2019,16,0,0,0,0,0,0,4.49,0.0,,,,,,,,,0,False
5032,00-0034364,Jordan Akins,TE,JAX,2020,13,3,0,0,3,0,1,5.02,15.1,,,,,,,,,0,False
5032,00-0034364,Jordan Akins,TE,JAX,2021,12,1,0,0,1,0,1,2.48,2.5,,,,,,,,,0,False
5032,00-0034364,Jordan Akins,TE,JAX,2022,15,0,0,0,0,0,0,6.53,0.0,,,,,,,,,0,False
5032,00-0034364,Jordan Akins,TE,JAX,2023,13,0,0,0,0,0,0,1.59,0.0,,,,,,,,,0,False
5032,00-0034364,Jordan Akins,TE,JAX,2024,16,0,0,0,0,0,0,4.44,0.0,,,,,,,,,0,False
5032,00-0034364,Jordan Akins,TE,JAX,2025,0,0,0,0,0,0,0,4.44,0.0,,,,,,,,,0,True
1500,00-0030472,Jordan Reed,TE,SF,2016,12,4,4,0,4,0,2,11.3,45.2,,,,,,50.2,52.0,TE2,0,False
1500,00-0030472,Jordan Reed,TE,SF,2017,6,10,1,0,7,3,2,7.77,77.7,,,,,,57.1,58.0,TE3,1,False
1500,00-0030472,Jordan Reed,TE,SF,2018,13,3,1,0,2,1,2,7.14,21.4,91.0,95.0,TE10,8.17,24.5,96.1,100.0,TE10,1,False
1500,00-0030472,Jordan Reed,TE,SF,2019,0,16,0,0,5,11,2,6.23,99.7,156.4,170.0,TE17,6.23,99.7,,,,0,True
1500,00-0030472,Jordan Reed,TE,SF,2020,10,5,1,0,0,5,2,6.01,30.0,,,,,,,,,0,False
874,00-0028067,Julius Thomas,TE,MIA,2016,9,7,2,0,3,4,3,7.46,52.2,,,,,,107.8,109.0,TE10,0,False
874,00-0028067,Julius Thomas,TE,MIA,2017,14,2,0,0,0,2,1,5.52,11.0,,,,,,123.4,138.0,TE13,0,False
7002,00-0036040,Juwan Johnson,TE,NO,2022,16,1,3,0,1,0,4,7.11,7.1,,,,,,,,,0,False
7002,00-0036040,Juwan Johnson,TE,NO,2023,13,3,3,0,3,0,3,6.1,18.3,,,,,,,,,0,False
7002,00-0036040,Juwan Johnson,TE,NO,2024,15,0,1,0,0,0,1,6.52,0.0,,,,,,,,,0,False
7002,00-0036040,Juwan Johnson,TE,NO,2025,17,0,1,0,0,0,1,8.32,0.0,,,,,,,,,0,False
7002,00-0036040,Juwan Johnson,TE,NO,2026,3,0,0,0,0,0,0,13.6,0.0,,,,,,,,,0,False
6146,00-0034988,Kaden Smith,TE,WAS,2019,7,0,0,0,0,0,0,8.61,0.0,,,,,,,,,0,False
6146,00-0034988,Kaden Smith,TE,WAS,2020,15,1,1,0,0,1,2,1.35,1.4,,,,,,,,,0,False
6146,00-0034988,Kaden Smith,TE,WAS,2021,4,12,0,0,6,6,3,1.2,14.4,,,,,,,,,0,False
6146,00-0034988,Kaden Smith,TE,WAS,2023,0,6,0,0,0,6,1,1.2,7.2,,,,,,,,,0,True
7553,00-0036970,Kyle Pitts,TE,ATL,2021,17,0,1,0,0,0,1,8.39,0.0,44.0,45.0,TE4,10.12,0.0,48.4,49.0,TE4,0,False
7553,00-0036970,Kyle Pitts,TE,ATL,2022,10,7,1,0,1,6,3,6.16,43.1,31.8,32.0,TE3,10.42,72.9,43.2,45.0,TE3,0,False
7553,00-0036970,Kyle Pitts,TE,ATL,2023,17,0,0,0,0,0,0,6.52,0.0,73.5,78.0,TE6,8.56,0.0,70.3,72.0,TE5,0,False
7553,00-0036970,Kyle Pitts,TE,ATL,2024,17,0,0,0,0,0,0,6.34,0.0,83.3,88.0,TE7,8.47,0.0,94.2,98.0,TE7,0,False
7553,00-0036970,Kyle Pitts,TE,ATL,2025,17,0,2,0,0,0,2,9.81,0.0,154.0,153.0,TE15,7.96,0.0,141.1,159.0,TE15,0,False
7553,00-0036970,Kyle Pitts,TE,ATL,2026,3,0,0,0,0,0,0,1.0,0.0,,,,,,136.7,143.0,TE9,0,False
943,00-0027981,Kyle Rudolph,TE,TB,2016,16,0,0,0,0,0,0,10.47,0.0,,,,,,,,,0,False
943,00-0027981,Kyle Rudolph,TE,TB,2017,16,0,1,0,0,0,1,8.11,0.0,,,,,,92.6,94.0,TE8,0,False
943,00-0027981,Kyle Rudolph,TE,TB,2018,16,0,0,0,0,0,0,7.46,0.0,80.1,80.0,TE8,8.52,0.0,86.2,88.0,TE7,0,False
943,00-0027981,Kyle Rudolph,TE,TB,2019,15,0,0,0,0,0,0,6.28,0.0,,,,,,,,,0,False
943,00-0027981,Kyle Rudolph,TE,TB,2020,12,4,0,0,3,1,1,4.28,17.1,,,,,,,,,0,False
943,00-0027981,Kyle Rudolph,TE,TB,2021,15,1,1,0,1,0,1,3.11,3.1,,,,,,,,,1,False
943,00-0027981,Kyle Rudolph,TE,TB,2022,5,0,0,0,0,0,0,2.06,0.0,,,,,,,,,0,False
1139,00-0029275,Ladarius Green,TE,PIT,2016,6,10,0,0,2,8,3,7.57,75.7,,,,,,99.2,101.0,TE8,0,False
964,00-0027985,Lance Kendricks,TE,LAC,2016,16,0,0,0,0,0,0,5.31,0.0,,,,,,,,,0,False
964,00-0027985,Lance Kendricks,TE,LAC,2017,14,0,0,0,0,0,0,2.52,0.0,,,,,,,,,0,False
964,00-0027985,Lance Kendricks,TE,LAC,2018,14,0,0,0,0,0,0,2.32,0.0,,,,,,,,,0,False
964,00-0027985,Lance Kendricks,TE,LAC,2019,4,0,0,0,0,0,0,1.62,0.0,,,,,,,,,0,False
964,00-0027985,Lance Kendricks,TE,LAC,2020,0,0,0,0,0,0,0,1.62,0.0,,,,,,,,,0,True
2251,00-0031260,Logan Thomas,TE,SF,2020,16,0,0,0,0,0,0,8.79,0.0,,,,,,,,,0,False
2251,00-0031260,Logan Thomas,TE,SF,2021,5,11,0,0,0,11,3,8.92,98.1,69.6,72.0,TE7,8.91,98.0,77.9,80.0,TE7,0,False
2251,00-0031260,Logan Thomas,TE,SF,2022,13,4,2,0,4,0,3,4.45,17.8,,,,,,,,,0,False
2251,00-0031260,Logan Thomas,TE,SF,2023,16,1,0,0,1,0,1,6.21,6.2,,,,,,,,,0,False
2251,00-0031260,Logan Thomas,TE,SF,2024,0,0,0,0,0,0,0,6.21,0.0,,,,,,,,,0,True
9481,00-0039144,Luke Musgrave,TE,GB,2023,11,6,2,0,0,6,3,5.29,31.7,,,,,,141.8,161.0,TE17,0,False
9481,00-0039144,Luke Musgrave,TE,GB,2024,7,10,1,0,1,9,2,1.14,11.4,151.1,155.0,TE17,7.68,76.8,156.5,187.0,TE17,0,False
9481,00-0039144,Luke Musgrave,TE,GB,2025,13,0,0,0,0,0,0,2.86,0.0,,,,,,,,,0,False
9481,00-0039144,Luke Musgrave,TE,GB,2026,0,4,0,0,0,4,1,2.86,11.4,,,,,,,,,0,True
111,00-0024243,Marcedes Lewis,TE,DEN,2017,16,0,0,0,0,0,0,4.74,0.0,,,,,,,,,0,False
111,00-0024243,Marcedes Lewis,TE,DEN,2018,5,0,0,0,0,0,0,1.08,0.0,,,,,,,,,0,False
111,00-0024243,Marcedes Lewis,TE,DEN,2019,12,3,0,0,3,0,2,2.43,7.3,,,,,,,,,0,False
111,00-0024243,Marcedes Lewis,TE,DEN,2020,11,5,0,0,5,0,4,3.06,15.3,,,,,,,,,0,False
111,00-0024243,Marcedes Lewis,TE,DEN,2021,13,3,0,0,3,0,2,2.53,7.6,,,,,,,,,0,False
111,00-0024243,Marcedes Lewis,TE,DEN,2022,6,10,0,0,10,0,5,3.93,39.3,,,,,,,,,0,False
111,00-0024243,Marcedes Lewis,TE,DEN,2023,6,9,0,0,9,0,6,1.82,16.4,,,,,,,,,0,False
111,00-0024243,Marcedes Lewis,TE,DEN,2024,5,11,0,0,11,0,5,0.14,1.5,,,,,,,,,0,False
111,00-0024243,Marcedes Lewis,TE,DEN,2025,1,0,0,0,0,0,0,0.0,0.0,,,,,,,,,0,False
5012,00-0034753,Mark Andrews,TE,BAL,2018,16,0,0,0,0,0,0,5.64,0.0,,,,,,,,,0,False
5012,00-0034753,Mark Andrews,TE,BAL,2019,15,1,5,0,1,0,4,11.68,11.7,132.6,138.0,TE13,6.91,6.9,129.6,143.0,TE14,1,False
5012,00-0034753,Mark Andrews,TE,BAL,2020,14,2,1,0,0,2,2,10.08,20.2,43.1,45.0,TE3,11.39,22.8,54.7,57.0,TE3,0,False
5012,00-0034753,Mark Andrews,TE,BAL,2021,17,0,0,0,0,0,0,14.56,0.0,53.1,55.0,TE5,9.64,0.0,58.2,60.0,TE5,0,False
5012,00-0034753,Mark Andrews,TE,BAL,2022,15,1,3,0,1,0,2,10.27,10.3,23.3,23.0,TE2,11.24,11.2,33.6,36.0,TE2,1,False
5012,00-0034753,Mark Andrews,TE,BAL,2023,10,7,1,0,1,6,3,11.29,79.0,32.3,34.0,TE2,10.71,75.0,33.2,34.0,TE2,1,False
5012,00-0034753,Mark Andrews,TE,BAL,2024,17,0,0,0,0,0,0,9.49,0.0,49.7,53.0,TE3,9.22,0.0,71.4,75.0,TE3,0,False
5012,00-0034753,Mark Andrews,TE,BAL,2025,17,0,0,0,0,0,0,6.29,0.0,82.8,86.0,TE7,9.34,0.0,89.5,93.0,TE5,0,False
5012,00-0034753,Mark Andrews,TE,BAL,2026,4,0,0,0,0,0,0,7.47,0.0,,,,,,,,,0,False
40,00-0026201,Martellus Bennett,TE,NE,2016,16,0,11,0,0,0,2,8.79,0.0,,,,,,144.7,153.0,TE14,0,False
40,00-0026201,Martellus Bennett,TE,NE,2017,9,7,2,0,2,5,1,4.84,33.9,,,,,,104.1,110.0,TE9,0,False
12498,00-0040736,Mason Taylor,TE,NYJ,2025,13,4,2,0,3,1,3,5.15,20.6,,,,,,,,,0,False
12498,00-0040736,Mason Taylor,TE,NYJ,2026,1,2,0,0,2,0,1,0.8,1.6,,,,,,,,,0,False
4993,00-0034829,Mike Gesicki,TE,CIN,2018,14,0,1,0,0,0,1,2.09,0.0,156.7,169.0,TE17,7.35,0.0,158.3,178.0,TE17,0,False
4993,00-0034829,Mike Gesicki,TE,CIN,2019,15,0,0,0,0,0,0,7.37,0.0,,,,,,,,,0,False
4993,00-0034829,Mike Gesicki,TE,CIN,2020,15,1,1,0,1,0,1,8.85,8.8,139.5,146.0,TE14,6.92,6.9,152.4,161.0,TE15,0,False
4993,00-0034829,Mike Gesicki,TE,CIN,2021,17,0,0,0,0,0,0,7.56,0.0,102.4,106.0,TE11,7.94,0.0,126.0,134.0,TE13,0,False
4993,00-0034829,Mike Gesicki,TE,CIN,2022,17,0,0,0,0,0,0,4.84,0.0,,,,,,132.8,137.0,TE13,0,False
4993,00-0034829,Mike Gesicki,TE,CIN,2023,15,0,0,0,0,0,0,3.39,0.0,160.6,181.0,TE20,6.19,0.0,,,,0,False
4993,00-0034829,Mike Gesicki,TE,CIN,2024,16,1,0,0,1,0,1,6.81,6.8,,,,,,,,,0,False
4993,00-0034829,Mike Gesicki,TE,CIN,2025,12,4,0,0,0,4,2,4.73,18.9,,,,,,,,,0,False
4993,00-0034829,Mike Gesicki,TE,CIN,2026,3,0,0,0,0,0,0,13.0,0.0,,,,,,,,,0,False
4054,00-0033217,Mo Alie-Cox,TE,IND,2020,14,2,4,0,2,0,4,4.64,9.3,,,,,,,,,0,False
4054,00-0033217,Mo Alie-Cox,TE,IND,2021,17,0,0,0,0,0,0,3.98,0.0,,,,,,,,,0,False
4054,00-0033217,Mo Alie-Cox,TE,IND,2022,14,1,0,0,1,0,1,3.17,3.2,,,,,,,,,0,False
4054,00-0033217,Mo Alie-Cox,TE,IND,2023,14,1,0,0,1,0,1,3.04,3.0,,,,,,,,,1,False
4054,00-0033217,Mo Alie-Cox,TE,IND,2024,12,1,2,0,1,0,2,2.23,2.2,,,,,,,,,0,False
4054,00-0033217,Mo Alie-Cox,TE,IND,2025,11,0,0,0,0,0,0,2.2,0.0,,,,,,,,,0,False
4054,00-0033217,Mo Alie-Cox,TE,IND,2026,1,1,0,0,1,0,1,2.1,2.1,,,,,,,,,0,False
5857,00-0035644,Noah Fant,TE,NO,2019,16,0,2,0,0,0,2,5.69,0.0,,,,,,,,,0,False
5857,00-0035644,Noah Fant,TE,NO,2020,14,1,1,0,1,0,2,8.45,8.4,114.8,121.0,TE11,7.62,7.6,119.2,123.0,TE10,0,False
5857,00-0035644,Noah Fant,TE,NO,2021,16,1,0,0,0,1,1,7.81,7.8,78.2,81.0,TE8,8.63,8.6,87.0,88.0,TE8,0,False
5857,00-0035644,Noah Fant,TE,NO,2022,17,0,1,0,0,0,1,5.74,0.0,,,,,,,,,0,False
5857,00-0035644,Noah Fant,TE,NO,2023,15,0,1,0,0,0,1,3.83,0.0,,,,,,,,,0,False
5857,00-0035644,Noah Fant,TE,NO,2024,14,3,0,0,3,0,2,5.71,17.1,,,,,,,,,0,False
5857,00-0035644,Noah Fant,TE,NO,2025,13,3,1,0,3,0,2,4.45,13.4,,,,,,,,,0,False
5857,00-0035644,Noah Fant,TE,NO,2026,3,1,0,0,1,0,1,9.53,9.5,,,,,,,,,0,False
7828,00-0036637,Noah Gray,TE,KC,2024,16,0,0,0,0,0,0,5.83,0.0,,,,,,,,,0,False
7828,00-0036637,Noah Gray,TE,KC,2025,14,2,0,0,2,0,2,2.02,4.0,,,,,,,,,0,False
7828,00-0036637,Noah Gray,TE,KC,2026,4,0,0,0,0,0,0,2.28,0.0,,,,,,,,,0,False
4055,00-0033879,O.J. Howard,TE,HOU,2017,13,2,0,0,0,2,1,6.78,13.6,,,,,,124.2,142.0,TE15,1,False
4055,00-0033879,O.J. Howard,TE,HOU,2018,10,6,1,0,0,6,2,10.35,62.1,154.7,166.0,TE16,7.44,44.6,161.8,188.0,TE20,0,False
4055,00-0033879,O.J. Howard,TE,HOU,2019,14,2,0,0,2,0,1,4.78,9.6,54.5,56.0,TE4,9.9,19.8,62.3,63.0,TE4,0,False
4055,00-0033879,O.J. Howard,TE,HOU,2020,4,12,0,0,0,12,2,8.03,96.4,,,,,,159.8,180.0,TE19,0,False
4055,00-0033879,O.J. Howard,TE,HOU,2021,10,0,1,0,0,0,1,2.65,0.0,,,,,,,,,0,False
4055,00-0033879,O.J. Howard,TE,HOU,2022,11,1,0,0,1,0,1,2.86,2.9,,,,,,,,,0,False
12493,00-0040189,Oronde Gadsden II,TE,LAC,2025,15,0,0,0,0,0,0,7.13,0.0,,,,,,,,,0,False
12493,00-0040189,Oronde Gadsden II,TE,LAC,2026,4,0,0,0,0,0,0,4.83,0.0,,,,,,,,,0,False
7600,00-0036894,Pat Freiermuth,TE,PIT,2021,16,1,0,0,1,0,1,7.61,7.6,163.3,201.0,TE22,6.45,6.5,153.4,187.0,TE20,0,False
7600,00-0036894,Pat Freiermuth,TE,PIT,2022,15,2,0,0,2,0,2,7.78,15.6,111.5,105.0,TE10,7.99,16.0,125.3,129.0,TE11,0,False
7600,00-0036894,Pat Freiermuth,TE,PIT,2023,11,6,1,0,2,4,3,5.53,33.2,98.5,104.0,TE8,7.99,47.9,93.5,95.0,TE8,0,False
7600,00-0036894,Pat Freiermuth,TE,PIT,2024,17,0,0,0,0,0,0,8.11,0.0,118.3,125.0,TE13,7.92,0.0,140.1,152.0,TE13,0,False
7600,00-0036894,Pat Freiermuth,TE,PIT,2025,15,0,0,0,0,0,0,6.21,0.0,,,,,,,,,0,False
7600,00-0036894,Pat Freiermuth,TE,PIT,2026,4,0,0,0,0,0,0,7.95,0.0,,,,,,,,,0,False
4531,00-0033611,Ricky Seals-Jones,TE,IND,2018,15,1,1,0,1,0,2,3.82,3.8,157.1,172.0,TE18,7.26,7.3,167.3,203.0,TE22,1,False
4531,00-0033611,Ricky Seals-Jones,TE,IND,2019,9,3,0,0,3,0,2,5.77,17.3,,,,,,,,,0,False
4531,00-0033611,Ricky Seals-Jones,TE,IND,2020,1,1,0,0,1,0,1,0.0,0.0,,,,,,,,,0,False
4531,00-0033611,Ricky Seals-Jones,TE,IND,2021,11,4,0,0,3,1,2,4.92,19.7,,,,,,,,,1,False
4531,00-0033611,Ricky Seals-Jones,TE,IND,2022,0,1,0,0,0,1,1,4.92,4.9,,,,,,,,,0,True
4531,00-0033611,Ricky Seals-Jones,TE,IND,2023,0,1,0,0,0,1,1,4.92,4.9,,,,,,,,,0,True
515,00-0027656,Rob Gronkowski,TE,TB,2016,8,8,5,0,3,5,3,10.56,84.5,,,,,,17.3,18.0,TE1,1,False
515,00-0027656,Rob Gronkowski,TE,TB,2017,13,2,1,0,2,0,3,14.84,29.7,,,,,,22.2,22.0,TE1,0,False
515,00-0027656,Rob Gronkowski,TE,TB,2018,13,3,5,0,3,0,2,8.28,24.8,20.7,21.0,TE1,11.75,35.2,27.0,28.0,TE1,0,False
515,00-0027656,Rob Gronkowski,TE,TB,2020,16,0,0,0,0,0,0,7.93,0.0,73.9,75.0,TE7,8.93,0.0,88.2,91.0,TE7,0,False
515,00-0027656,Rob Gronkowski,TE,TB,2021,12,5,2,0,5,0,2,11.98,59.9,119.5,122.0,TE13,7.58,37.9,123.3,129.0,TE12,0,False
4602,00-0033757,Robert Tonyan,TE,PIT,2020,15,0,2,0,0,0,2,10.04,0.0,,,,,,,,,0,False
4602,00-0033757,Robert Tonyan,TE,PIT,2021,8,9,0,0,0,9,2,5.17,46.5,92.0,95.0,TE10,8.15,73.4,100.0,103.0,TE10,0,False
4602,00-0033757,Robert Tonyan,TE,PIT,2022,17,0,0,0,0,0,0,5.03,0.0,,,,,,147.7,164.0,TE15,0,False
4602,00-0033757,Robert Tonyan,TE,PIT,2023,12,0,1,0,0,0,1,1.39,0.0,,,,,,,,,0,False
4602,00-0033757,Robert Tonyan,TE,PIT,2024,0,0,0,0,0,0,0,1.39,0.0,,,,,,,,,0,True
4602,00-0033757,Robert Tonyan,TE,PIT,2025,2,0,0,0,0,0,0,0.3,0.0,,,,,,,,,0,False
4602,00-0033757,Robert Tonyan,TE,PIT,2026,1,0,0,0,0,0,0,0.7,0.0,,,,,,,,,0,False
1425,00-0030108,Ryan Griffin,TE,CHI,2016,16,0,0,0,0,0,0,4.95,0.0,,,,,,,,,0,False
1425,00-0030108,Ryan Griffin,TE,CHI,2017,6,10,0,0,2,8,3,5.05,50.5,,,,,,,,,1,False
1425,00-0030108,Ryan Griffin,TE,CHI,2018,13,2,0,0,2,0,1,3.27,6.5,,,,,,,,,0,False
1425,00-0030108,Ryan Griffin,TE,CHI,2019,13,3,1,0,0,3,2,6.23,18.7,,,,,,,,,1,False
1425,00-0030108,Ryan Griffin,TE,CHI,2020,10,1,0,0,0,1,1,1.31,1.3,,,,,,,,,0,False
1425,00-0030108,Ryan Griffin,TE,CHI,2021,14,3,1,0,0,3,2,3.69,11.1,,,,,,,,,0,False
1425,00-0030108,Ryan Griffin,TE,CHI,2022,10,2,0,0,2,0,1,0.46,0.9,,,,,,,,,0,False
10859,00-0039065,Sam LaPorta,TE,DET,2023,17,0,1,0,0,0,1,11.55,0.0,155.5,173.0,TE18,6.4,0.0,150.2,173.0,TE20,0,False
10859,00-0039065,Sam LaPorta,TE,DET,2024,16,1,0,0,1,0,1,9.04,9.0,33.4,36.0,TE2,9.58,9.6,54.1,57.0,TE2,0,False
10859,00-0039065,Sam LaPorta,TE,DET,2025,9,8,0,0,0,8,1,9.66,77.3,67.0,69.0,TE4,10.36,82.9,79.7,83.0,TE4,0,False
10859,00-0039065,Sam LaPorta,TE,DET,2026,4,0,0,0,0,0,0,11.45,0.0,,,,,,106.1,110.0,TE7,0,False
3296,00-0033080,Seth DeValve,TE,ARI,2017,16,0,1,0,0,0,1,3.75,0.0,,,,,,,,,0,False
3296,00-0033080,Seth DeValve,TE,ARI,2018,7,6,0,0,6,0,4,2.27,13.6,,,,,,,,,0,False
3296,00-0033080,Seth DeValve,TE,ARI,2019,7,4,0,0,4,0,1,2.86,11.4,,,,,,,,,0,False
3296,00-0033080,Seth DeValve,TE,ARI,2020,2,0,0,0,0,0,0,0.0,0.0,,,,,,,,,0,False
5844,00-0035229,T.J. Hockenson,TE,MIN,2019,12,4,2,0,0,4,2,5.39,21.6,136.6,144.0,TE14,6.72,26.9,124.0,130.0,TE11,0,False
5844,00-0035229,T.J. Hockenson,TE,MIN,2020,16,0,1,0,0,0,1,8.86,0.0,150.3,161.0,TE15,6.72,0.0,120.3,124.0,TE11,0,False
5844,00-0035229,T.J. Hockenson,TE,MIN,2021,12,5,3,0,1,4,2,9.57,47.9,54.1,57.0,TE6,9.24,46.2,60.9,63.0,TE6,0,False
5844,00-0035229,T.J. Hockenson,TE,MIN,2022,17,0,1,0,0,0,1,10.26,0.0,73.4,72.0,TE7,8.71,0.0,79.7,83.0,TE7,0,False
5844,00-0035229,T.J. Hockenson,TE,MIN,2023,15,2,1,0,0,2,2,11.43,22.9,52.6,55.0,TE3,9.92,19.8,48.9,51.0,TE3,0,False
5844,00-0035229,T.J. Hockenson,TE,MIN,2024,10,7,0,0,0,7,3,6.6,46.2,108.6,112.0,TE12,7.99,55.9,127.0,132.0,TE12,0,False
5844,00-0035229,T.J. Hockenson,TE,MIN,2025,15,2,0,0,2,0,1,5.82,11.6,80.9,82.0,TE6,9.62,19.2,91.1,94.0,TE6,0,False
5844,00-0035229,T.J. Hockenson,TE,MIN,2026,4,0,0,0,0,0,0,9.12,0.0,,,,,,,,,0,False
5409,00-0034613,Tanner Hudson,TE,CIN,2023,12,0,0,0,0,0,0,5.06,0.0,,,,,,,,,0,False
5409,00-0034613,Tanner Hudson,TE,CIN,2024,9,6,0,0,6,0,2,3.22,19.3,,,,,,,,,0,False
5409,00-0034613,Tanner Hudson,TE,CIN,2025,10,1,0,0,1,0,1,3.83,3.8,,,,,,,,,0,False
5409,00-0034613,Tanner Hudson,TE,CIN,2026,3,0,0,0,0,0,0,1.3,0.0,,,,,,,,,0,False
11597,00-0039847,Theo Johnson,TE,NYG,2025,15,2,0,0,2,0,1,7.02,14.0,,,,,,,,,0,False
11597,00-0039847,Theo Johnson,TE,NYG,2026,3,0,0,0,0,0,0,3.0,0.0,,,,,,,,,0,False
1466,00-0030506,Travis Kelce,TE,KC,2016,16,0,0,0,0,0,0,11.28,0.0,,,,,,76.9,79.0,TE5,0,False
1466,00-0030506,Travis Kelce,TE,KC,2017,15,0,0,0,0,0,0,12.8,0.0,,,,,,44.9,48.0,TE2,0,False
1466,00-0030506,Travis Kelce,TE,KC,2018,16,0,0,0,0,0,0,15.19,0.0,31.2,32.0,TE2,10.67,0.0,38.2,39.0,TE2,0,False
1466,00-0030506,Travis Kelce,TE,KC,2019,16,0,0,0,0,0,0,12.86,0.0,17.1,18.0,TE1,13.42,0.0,19.0,20.0,TE1,0,False
1466,00-0030506,Travis Kelce,TE,KC,2020,15,0,0,0,0,0,0,17.35,0.0,19.9,21.0,TE1,14.58,0.0,24.2,25.0,TE1,0,False
1466,00-0030506,Travis Kelce,TE,KC,2021,16,1,0,0,1,0,1,13.55,13.6,8.7,9.0,TE1,13.1,13.1,11.3,11.0,TE1,0,False
1466,00-0030506,Travis Kelce,TE,KC,2022,17,0,0,0,0,0,0,15.37,0.0,17.2,17.0,TE1,12.63,0.0,22.3,23.0,TE1,0,False
1466,00-0030506,Travis Kelce,TE,KC,2023,15,2,2,0,2,0,3,11.53,23.1,5.3,5.0,TE1,12.07,24.1,7.0,6.0,TE1,0,False
1466,00-0030506,Travis Kelce,TE,KC,2024,16,1,0,0,1,0,1,9.18,9.2,32.0,34.0,TE1,10.2,10.2,45.9,49.0,TE1,0,False
1466,00-0030506,Travis Kelce,TE,KC,2025,17,0,0,0,0,0,0,9.13,0.0,70.5,71.0,TE5,9.95,0.0,92.7,95.0,TE7,0,False
1466,00-0030506,Travis Kelce,TE,KC,2026,4,0,0,0,0,0,0,11.15,0.0,130.6,50.0,TE6,9.02,0.0,157.2,166.0,TE12,0,False
1793,00-0030710,Trey Burton,TE,IND,2017,14,1,0,0,1,0,1,4.88,4.9,,,,,,,,,0,False
1793,00-0030710,Trey Burton,TE,IND,2018,16,0,0,0,0,0,0,7.51,0.0,70.0,71.0,TE6,8.97,0.0,94.6,98.0,TE9,0,False
1793,00-0030710,Trey Burton,TE,IND,2019,8,8,3,0,1,7,2,1.93,15.4,155.0,164.0,TE16,6.38,51.0,,,,0,False
1793,00-0030710,Trey Burton,TE,IND,2020,12,4,0,0,1,3,2,5.77,23.1,,,,,,,,,0,False
8130,00-0037744,Trey McBride,TE,ARI,2023,17,0,1,0,0,0,1,8.29,0.0,,,,,,,,,0,False
8130,00-0037744,Trey McBride,TE,ARI,2024,16,1,1,0,1,0,2,11.77,11.8,58.9,63.0,TE4,8.97,9.0,83.1,89.0,TE6,0,False
8130,00-0037744,Trey McBride,TE,ARI,2025,17,0,0,0,0,0,0,14.88,0.0,41.8,43.0,TE2,11.62,0.0,67.0,69.0,TE3,0,False
8130,00-0037744,Trey McBride,TE,ARI,2026,4,0,0,0,0,0,0,13.18,0.0,47.9,28.0,TE2,11.24,0.0,68.9,73.0,TE2,0,False
9484,00-0038996,Tucker Kraft,TE,GB,2023,14,0,0,0,0,0,0,4.5,0.0,,,,,,,,,0,False
9484,00-0038996,Tucker Kraft,TE,GB,2024,17,0,1,0,0,0,1,8.14,0.0,,,,,,,,,0,False
9484,00-0038996,Tucker Kraft,TE,GB,2025,8,9,1,0,0,9,2,12.65,113.9,99.1,98.0,TE8,9.1,81.9,110.5,114.0,TE9,0,False
9484,00-0038996,Tucker Kraft,TE,GB,2026,4,0,0,0,0,0,0,7.15,0.0,89.8,40.0,TE5,9.39,0.0,95.7,97.0,TE5,0,False
5094,00-0034270,Tyler Conklin,TE,DET,2021,17,0,1,0,0,0,1,6.34,0.0,,,,,,,,,0,False
5094,00-0034270,Tyler Conklin,TE,DET,2022,17,0,0,0,0,0,0,6.03,0.0,,,,,,,,,0,False
5094,00-0034270,Tyler Conklin,TE,DET,2023,17,0,0,0,0,0,0,5.45,0.0,,,,,,,,,0,False
5094,00-0034270,Tyler Conklin,TE,DET,2024,16,1,4,0,1,0,4,6.03,6.0,,,,,,,,,0,False
5094,00-0034270,Tyler Conklin,TE,DET,2025,6,0,0,0,0,0,0,2.3,0.0,,,,,,,,,0,False
5094,00-0034270,Tyler Conklin,TE,DET,2026,0,0,0,0,0,0,0,2.3,0.0,,,,,,,,,0,True
1388,00-0030549,Tyler Eifert,TE,JAX,2016,8,8,1,0,7,1,3,10.49,83.9,,,,,,74.0,74.0,TE4,0,False
1388,00-0030549,Tyler Eifert,TE,JAX,2017,2,14,0,0,3,11,2,3.3,46.2,,,,,,76.0,80.0,TE6,0,False
1388,00-0030549,Tyler Eifert,TE,JAX,2018,4,12,0,0,0,12,2,7.85,94.2,149.0,157.0,TE14,7.65,91.8,155.9,170.0,TE16,1,False
1388,00-0030549,Tyler Eifert,TE,JAX,2019,16,0,0,0,0,0,0,5.32,0.0,,,,,,,,,0,False
1388,00-0030549,Tyler Eifert,TE,JAX,2020,15,1,2,0,1,0,2,4.33,4.3,,,,,,,,,1,False
3271,00-0033110,Tyler Higbee,TE,LAR,2019,14,2,0,0,2,0,2,8.99,18.0,,,,,,,,,0,False
3271,00-0033110,Tyler Higbee,TE,LAR,2020,15,1,2,0,1,0,2,7.08,7.1,95.8,99.0,TE10,7.89,7.9,125.1,129.0,TE12,0,False
3271,00-0033110,Tyler Higbee,TE,LAR,2021,15,2,0,0,0,2,1,7.77,15.5,105.5,110.0,TE12,7.75,15.5,109.2,112.0,TE11,0,False
3271,00-0033110,Tyler Higbee,TE,LAR,2022,16,1,2,0,1,0,3,7.25,7.2,,,,,,,,,0,False
3271,00-0033110,Tyler Higbee,TE,LAR,2023,15,2,1,0,2,0,3,5.67,11.3,152.7,166.0,TE16,6.63,13.3,141.0,159.0,TE16,0,False
3271,00-0033110,Tyler Higbee,TE,LAR,2024,3,14,0,0,0,14,3,7.53,105.4,,,,,,,,,0,False
3271,00-0033110,Tyler Higbee,TE,LAR,2025,10,7,2,0,1,6,3,5.86,41.0,,,,,,,,,0,False
3271,00-0033110,Tyler Higbee,TE,LAR,2026,3,1,0,0,1,0,1,8.53,8.5,,,,,,,,,0,False
2390,00-0032214,Tyler Kroft,TE,MIA,2017,16,0,0,0,0,0,0,6.46,0.0,,,,,,,,,0,False
2390,00-0032214,Tyler Kroft,TE,MIA,2018,5,11,0,0,4,7,2,1.12,12.3,,,,,,,,,0,False
2390,00-0032214,Tyler Kroft,TE,MIA,2019,9,5,0,0,5,0,2,1.79,8.9,,,,,,,,,0,False
2390,00-0032214,Tyler Kroft,TE,MIA,2020,7,2,0,0,0,2,2,5.13,10.3,,,,,,,,,0,False
2390,00-0032214,Tyler Kroft,TE,MIA,2021,9,8,2,0,2,6,5,3.48,27.8,,,,,,,,,1,False
2390,00-0032214,Tyler Kroft,TE,MIA,2022,6,6,0,0,6,0,2,1.28,7.7,,,,,,,,,0,False
2390,00-0032214,Tyler Kroft,TE,MIA,2023,1,2,0,0,2,0,1,0.0,0.0,,,,,,,,,0,False
12518,00-0040128,Tyler Warren,TE,IND,2025,17,0,2,0,0,0,2,8.85,0.0,102.3,103.0,TE9,8.88,0.0,115.7,120.0,TE10,0,False
12518,00-0040128,Tyler Warren,TE,IND,2026,4,0,0,0,0,0,0,9.25,0.0,72.4,35.0,TE4,9.84,0.0,92.6,92.0,TE4,0,False
1587,00-0030470,Vance McDonald,TE,PIT,2016,10,5,0,0,2,3,2,7.51,37.5,,,,,,,,,1,False
1587,00-0030470,Vance McDonald,TE,PIT,2017,10,6,0,0,6,0,4,3.18,19.1,,,,,,,,,0,False
1587,00-0030470,Vance McDonald,TE,PIT,2018,15,1,1,0,1,0,1,7.2,7.2,,,,,,,,,0,False
1587,00-0030470,Vance McDonald,TE,PIT,2019,14,2,1,0,2,0,2,4.61,9.2,76.8,79.0,TE8,8.14,16.3,92.5,92.0,TE8,1,False
1587,00-0030470,Vance McDonald,TE,PIT,2020,10,2,1,0,0,2,1,1.74,3.5,,,,,,,,,0,False
200,00-0024221,Vernon Davis,TE,WAS,2016,15,0,1,0,0,0,1,6.15,0.0,,,,,,,,,0,False
200,00-0024221,Vernon Davis,TE,WAS,2017,16,0,0,0,0,0,0,6.27,0.0,,,,,,,,,0,False
200,00-0024221,Vernon Davis,TE,WAS,2018,13,2,0,0,2,0,1,4.86,9.7,,,,,,,,,0,False
200,00-0024221,Vernon Davis,TE,WAS,2019,4,12,0,0,6,6,2,5.83,70.0,,,,,,,,,0,False
5010,00-0034159,Will Dissly,TE,LAC,2019,6,10,0,0,0,10,2,10.4,104.0,,,,,,,,,1,False
5010,00-0034159,Will Dissly,TE,LAC,2020,15,0,0,0,0,0,0,3.27,0.0,,,,,,,,,0,False
5010,00-0034159,Will Dissly,TE,LAC,2021,13,2,0,0,1,1,2,3.05,6.1,,,,,,,,,0,False
5010,00-0034159,Will Dissly,TE,LAC,2022,15,2,1,0,0,2,2,4.66,9.3,,,,,,,,,0,False
5010,00-0034159,Will Dissly,TE,LAC,2023,13,2,1,0,2,0,2,2.44,4.9,,,,,,,,,0,False
5010,00-0034159,Will Dissly,TE,LAC,2024,15,2,2,0,2,0,2,5.67,11.3,,,,,,,,,0,False
5010,00-0034159,Will Dissly,TE,LAC,2025,8,5,0,0,5,0,3,1.9,9.5,,,,,,,,,0,False
3043,00-0032004,Will Tye,TE,PHI,2016,16,0,0,0,0,0,0,4.34,0.0,,,,,,,,,0,False
3043,00-0032004,Will Tye,TE,PHI,2017,2,1,0,0,1,0,1,2.9,2.9,,,,,,,,,0,False
3043,00-0032004,Will Tye,TE,PHI,2018,0,0,0,0,0,0,0,2.9,0.0,,,,,,,,,0,True
3043,00-0032004,Will Tye,TE,PHI,2019,0,0,0,0,0,0,0,2.9,0.0,,,,,,,,,0,True
1339,00-0030061,Zach Ertz,TE,PHI,2016,14,2,1,0,2,0,2,10.33,20.7,,,,,,126.0,128.0,TE12,0,False
1339,00-0030061,Zach Ertz,TE,PHI,2017,14,2,0,0,2,0,2,11.81,23.6,,,,,,107.0,114.0,TE10,0,False
1339,00-0030061,Zach Ertz,TE,PHI,2018,16,0,0,0,0,0,0,13.89,0.0,41.8,42.0,TE3,10.04,0.0,53.6,55.0,TE3,0,False
1339,00-0030061,Zach Ertz,TE,PHI,2019,15,1,1,0,1,0,2,11.44,11.4,35.7,37.0,TE3,10.63,10.6,39.3,41.0,TE3,0,False
1339,00-0030061,Zach Ertz,TE,PHI,2020,11,5,0,0,0,5,2,5.41,27.1,51.9,54.0,TE4,10.55,52.8,59.3,61.0,TE4,0,False
1339,00-0030061,Zach Ertz,TE,PHI,2021,17,0,1,0,0,0,1,8.45,0.0,160.3,190.0,TE21,6.55,0.0,133.9,146.0,TE14,0,False
1339,00-0030061,Zach Ertz,TE,PHI,2022,10,7,1,0,1,6,3,9.21,64.5,94.7,90.0,TE9,8.2,57.4,101.9,104.0,TE9,1,False
1339,00-0030061,Zach Ertz,TE,PHI,2023,7,5,1,0,0,5,2,5.46,27.3,,,,,,,,,0,False
1339,00-0030061,Zach Ertz,TE,PHI,2024,17,0,1,0,0,0,1,8.49,0.0,,,,,,,,,1,False
1339,00-0030061,Zach Ertz,TE,PHI,2025,13,4,1,0,0,4,2,7.8,31.2,,,,,,,,,0,False
1339,00-0030061,Zach Ertz,TE,PHI,2026,2,0,0,0,0,0,0,1.85,0.0,,,,,,,,,0,False
749,00-0027125,Zach Miller,TE,CHI,2016,10,6,3,0,0,6,2,9.61,57.7,,,,,,157.9,181.0,TE20,0,False
749,00-0027125,Zach Miller,TE,CHI,2017,8,8,0,0,0,8,1,5.7,45.6,,,,,,,,,0,False
749,00-0027125,Zach Miller,TE,CHI,2018,0,16,0,0,0,16,2,5.7,91.2,,,,,,,,,0,True
5859,00-0035676,A.J. Brown,WR,NE,2019,16,0,0,0,0,0,0,11.94,0.0,,,,,,,,,0,False
5859,00-0035676,A.J. Brown,WR,NE,2020,14,2,1,0,2,0,2,15.18,30.4,43.7,46.0,WR17,12.24,24.5,57.3,59.0,WR20,0,False
5859,00-0035676,A.J. Brown,WR,NE,2021,13,4,1,0,1,3,4,11.49,46.0,25.2,26.0,WR8,12.76,51.0,34.5,34.0,WR8,1,False
5859,00-0035676,A.J. Brown,WR,NE,2022,17,0,0,0,0,0,0,15.04,0.0,28.4,28.0,WR10,12.84,0.0,45.1,46.0,WR12,0,False
5859,00-0035676,A.J. Brown,WR,NE,2023,17,0,0,0,0,0,0,13.92,0.0,13.6,14.0,WR6,14.4,0.0,23.2,23.0,WR8,0,False
5859,00-0035676,A.J. Brown,WR,NE,2024,13,4,0,0,4,0,2,14.11,56.4,11.2,11.0,WR6,13.3,53.2,21.1,22.0,WR6,0,False
5859,00-0035676,A.J. Brown,WR,NE,2025,15,1,0,0,1,0,1,12.09,12.1,21.7,23.0,WR10,11.45,11.4,28.3,30.0,WR8,0,False
5859,00-0035676,A.J. Brown,WR,NE,2026,1,3,0,0,0,3,1,4.1,12.3,16.0,11.0,WR5,14.43,43.3,36.2,35.0,WR8,0,False
830,00-0027942,A.J. Green,WR,ARI,2016,10,6,0,0,5,1,1,15.34,92.0,,,,,,12.8,14.0,WR5,1,False
830,00-0027942,A.J. Green,WR,ARI,2017,16,0,0,0,0,0,0,11.83,0.0,,,,,,12.2,12.0,WR5,0,False
830,00-0027942,A.J. Green,WR,ARI,2018,9,7,0,0,3,4,2,14.04,98.3,21.8,22.0,WR8,14.03,98.2,25.2,25.0,WR8,1,False
830,00-0027942,A.J. Green,WR,ARI,2019,0,16,0,0,15,1,2,9.94,159.0,64.1,66.0,WR27,9.94,159.0,65.4,66.0,WR22,0,True
830,00-0027942,A.J. Green,WR,ARI,2020,16,0,0,0,0,0,0,5.49,0.0,71.2,73.0,WR30,10.55,0.0,74.1,75.0,WR27,0,False
830,00-0027942,A.J. Green,WR,ARI,2021,16,1,0,0,0,1,1,8.11,8.1,158.5,186.0,WR63,8.24,8.2,160.4,200.0,WR61,0,False
830,00-0027942,A.J. Green,WR,ARI,2022,13,1,0,0,1,0,1,3.82,3.8,,,,,,,,,0,False
2822,00-0032009,Adam Humphries,WR,HOU,2016,15,1,0,0,1,0,1,7.03,7.0,,,,,,,,,1,False
2822,00-0032009,Adam Humphries,WR,HOU,2017,16,0,1,0,0,0,1,6.14,0.0,,,,,,,,,0,False
2822,00-0032009,Adam Humphries,WR,HOU,2018,16,0,0,0,0,0,0,9.42,0.0,,,,,,,,,0,False
2822,00-0032009,Adam Humphries,WR,HOU,2019,12,4,0,0,4,0,1,5.67,22.7,,,,,,,,,0,False
2822,00-0032009,Adam Humphries,WR,HOU,2020,7,8,0,0,4,4,2,6.61,52.9,,,,,,,,,1,False
2822,00-0032009,Adam Humphries,WR,HOU,2021,17,0,1,0,0,0,1,3.46,0.0,,,,,,,,,0,False
2822,00-0032009,Adam Humphries,WR,HOU,2023,0,0,0,0,0,0,0,3.46,0.0,,,,,,,,,0,True
1689,00-0030035,Adam Thielen,WR,MIN,2016,16,0,0,0,0,0,0,10.17,0.0,,,,,,,,,0,False
1689,00-0030035,Adam Thielen,WR,MIN,2017,16,0,0,0,0,0,0,12.14,0.0,,,,,,129.6,169.0,WR53,0,False
1689,00-0030035,Adam Thielen,WR,MIN,2018,16,0,0,0,0,0,0,15.68,0.0,33.6,34.0,WR14,12.22,0.0,44.0,46.0,WR15,0,False
1689,00-0030035,Adam Thielen,WR,MIN,2019,10,5,1,0,5,0,2,9.94,49.7,23.8,24.0,WR10,12.05,60.2,27.4,28.0,WR10,1,False
1689,00-0030035,Adam Thielen,WR,MIN,2020,15,1,0,0,0,1,1,14.47,14.5,30.2,31.0,WR9,14.14,14.1,33.7,34.0,WR9,0,False
1689,00-0030035,Adam Thielen,WR,MIN,2021,13,4,1,0,2,2,1,12.79,51.2,52.9,54.0,WR21,10.65,42.6,66.2,69.0,WR21,1,False
1689,00-0030035,Adam Thielen,WR,MIN,2022,17,0,0,0,0,0,0,8.53,0.0,70.8,71.0,WR29,9.65,0.0,76.5,78.0,WR25,0,False
1689,00-0030035,Adam Thielen,WR,MIN,2023,17,0,1,0,0,0,1,10.56,0.0,125.5,131.0,WR55,6.58,0.0,136.1,150.0,WR53,0,False
1689,00-0030035,Adam Thielen,WR,MIN,2024,10,7,1,0,0,7,3,11.55,80.9,138.1,144.0,WR58,8.29,58.0,141.6,155.0,WR55,1,False
1689,00-0030035,Adam Thielen,WR,MIN,2025,14,0,0,0,0,0,0,2.15,0.0,152.3,150.0,WR61,7.01,0.0,143.5,169.0,WR62,0,False
1689,00-0030035,Adam Thielen,WR,MIN,2026,0,0,0,0,0,0,0,2.15,0.0,,,,,,,,,0,True
11625,00-0039890,Adonai Mitchell,WR,NYJ,2024,17,0,0,0,0,0,0,2.49,0.0,158.2,161.0,WR60,8.22,0.0,,,,0,False
11625,00-0039890,Adonai Mitchell,WR,NYJ,2025,16,0,0,0,0,0,0,4.46,0.0,,,,,,,,,0,False
11625,00-0039890,Adonai Mitchell,WR,NYJ,2026,2,2,0,0,2,0,1,8.4,16.8,,,,,,,,,0,False
2025,00-0030669,Albert Wilson,WR,LV,2016,14,0,0,0,0,0,0,4.74,0.0,,,,,,,,,0,False
2025,00-0030669,Albert Wilson,WR,LV,2017,13,3,3,0,3,0,3,7.31,21.9,,,,,,,,,1,False
2025,00-0030669,Albert Wilson,WR,LV,2018,7,9,0,0,0,9,2,11.97,107.7,,,,,,,,,1,False
2025,00-0030669,Albert Wilson,WR,LV,2019,13,3,3,0,3,0,3,5.22,15.7,,,,,,,,,2,False
2025,00-0030669,Albert Wilson,WR,LV,2020,0,10,0,0,0,10,1,5.22,52.2,,,,,,,,,0,True
2025,00-0030669,Albert Wilson,WR,LV,2021,10,1,0,0,0,1,1,3.55,3.5,,,,,,,,,0,False
2025,00-0030669,Albert Wilson,WR,LV,2022,0,0,0,0,0,0,0,3.55,0.0,,,,,,,,,0,True
919,00-0028116,Aldrick Robinson,WR,CAR,2018,14,0,0,0,0,0,0,4.4,0.0,,,,,,,,,0,False
919,00-0028116,Aldrick Robinson,WR,CAR,2019,0,0,0,0,0,0,0,4.4,0.0,,,,,,,,,0,True
8142,00-0037664,Alec Pierce,WR,IND,2022,16,1,0,0,1,0,1,5.74,5.7,,,,,,,,,0,False
8142,00-0037664,Alec Pierce,WR,IND,2023,17,0,2,0,0,0,2,4.67,0.0,,,,,,,,,0,False
8142,00-0037664,Alec Pierce,WR,IND,2024,16,1,2,0,1,0,3,8.93,8.9,,,,,,,,,0,False
8142,00-0037664,Alec Pierce,WR,IND,2025,15,2,0,0,2,0,1,10.65,21.3,,,,,,,,,0,False
8142,00-0037664,Alec Pierce,WR,IND,2026,2,2,0,0,0,2,1,4.85,9.7,,,,,,78.2,80.0,WR30,0,False
3433,00-0032543,Alex Erickson,WR,NE,2019,16,0,0,0,0,0,0,4.92,0.0,,,,,,,,,0,False
3433,00-0032543,Alex Erickson,WR,NE,2020,16,0,0,0,0,0,0,1.16,0.0,,,,,,,,,0,False
3433,00-0032543,Alex Erickson,WR,NE,2021,17,0,1,0,0,0,1,0.41,0.0,,,,,,,,,0,False
3433,00-0032543,Alex Erickson,WR,NE,2022,2,0,0,0,0,0,0,0.0,0.0,,,,,,,,,0,False
3433,00-0032543,Alex Erickson,WR,NE,2023,8,0,0,0,0,0,0,4.65,0.0,,,,,,,,,0,False
3433,00-0032543,Alex Erickson,WR,NE,2024,3,0,0,0,0,0,0,0.0,0.0,,,,,,,,,0,False
1984,00-0030821,Allen Hurns,WR,MIA,2016,11,5,1,0,5,0,2,7.56,37.8,,,,,,71.5,71.0,WR28,0,False
1984,00-0030821,Allen Hurns,WR,MIA,2017,10,6,0,0,6,0,1,7.99,47.9,,,,,,,,,0,False
1984,00-0030821,Allen Hurns,WR,MIA,2018,14,1,0,0,1,0,1,3.68,3.7,123.1,128.0,WR49,8.17,8.2,138.9,143.0,WR48,0,False
1984,00-0030821,Allen Hurns,WR,MIA,2019,14,2,0,0,2,0,2,4.83,9.7,,,,,,,,,1,False
1984,00-0030821,Allen Hurns,WR,MIA,2020,0,10,0,0,0,10,1,4.83,48.3,,,,,,,,,0,True
1984,00-0030821,Allen Hurns,WR,MIA,2021,0,17,0,0,0,17,2,4.83,82.1,,,,,,,,,0,True
5185,00-0034521,Allen Lazard,WR,NYJ,2019,12,0,0,0,0,0,0,7.11,0.0,,,,,,,,,0,False
5185,00-0034521,Allen Lazard,WR,NYJ,2020,10,6,1,0,0,6,2,8.13,48.8,126.7,132.0,WR50,9.03,54.2,165.7,192.0,WR65,0,False
5185,00-0034521,Allen Lazard,WR,NYJ,2021,14,2,1,0,1,1,2,8.75,17.5,,,,,,,,,0,False
5185,00-0034521,Allen Lazard,WR,NYJ,2022,15,2,2,0,2,0,2,9.65,19.3,95.7,93.0,WR37,8.92,17.8,97.8,101.0,WR34,0,False
5185,00-0034521,Allen Lazard,WR,NYJ,2023,14,2,1,0,2,0,2,3.47,6.9,120.6,123.0,WR52,6.78,13.6,128.3,135.0,WR51,1,False
5185,00-0034521,Allen Lazard,WR,NYJ,2024,12,5,0,0,1,4,2,8.96,44.8,,,,,,,,,0,False
5185,00-0034521,Allen Lazard,WR,NYJ,2025,9,1,1,0,1,0,2,2.0,2.0,,,,,,,,,0,False
1992,00-0031428,Allen Robinson,WR,DET,2016,16,0,0,0,0,0,0,10.18,0.0,,,,,,18.6,19.0,WR7,0,False
1992,00-0031428,Allen Robinson,WR,DET,2017,1,15,0,0,0,15,2,2.2,33.0,,,,,,65.9,68.0,WR23,0,False
1992,00-0031428,Allen Robinson,WR,DET,2018,13,3,2,0,3,0,3,9.68,29.0,52.1,53.0,WR24,10.48,31.4,66.8,68.0,WR23,0,False
1992,00-0031428,Allen Robinson,WR,DET,2019,16,0,0,0,0,0,0,12.87,0.0,76.1,77.0,WR32,9.58,0.0,89.1,90.0,WR30,0,False
1992,00-0031428,Allen Robinson,WR,DET,2020,16,0,3,0,0,0,3,13.24,0.0,33.3,34.0,WR10,13.82,0.0,41.7,43.0,WR12,0,False
1992,00-0031428,Allen Robinson,WR,DET,2021,12,5,2,0,3,2,3,5.67,28.4,33.7,34.0,WR12,11.88,59.4,43.9,45.0,WR12,0,False
1992,00-0031428,Allen Robinson,WR,DET,2022,10,7,0,0,1,6,1,6.84,47.9,58.3,60.0,WR25,10.1,70.7,69.3,72.0,WR22,0,False
1992,00-0031428,Allen Robinson,WR,DET,2023,15,0,0,0,0,0,0,3.0,0.0,164.5,189.0,WR69,5.78,0.0,,,,0,False
1992,00-0031428,Allen Robinson,WR,DET,2024,6,1,0,0,1,0,1,0.75,0.8,,,,,,,,,0,False
1149,00-0029137,Alshon Jeffery,WR,PHI,2016,12,0,4,0,0,0,4,10.01,0.0,,,,,,28.6,30.0,WR12,0,False
1149,00-0029137,Alshon Jeffery,WR,PHI,2017,16,0,1,0,0,0,1,10.46,0.0,,,,,,48.6,51.0,WR17,0,False
1149,00-0029137,Alshon Jeffery,WR,PHI,2018,13,3,1,0,3,0,2,11.75,35.2,70.4,72.0,WR30,9.75,29.2,82.3,83.0,WR29,0,False
1149,00-0029137,Alshon Jeffery,WR,PHI,2019,9,6,0,0,3,3,3,11.19,67.1,71.1,73.0,WR30,9.72,58.3,82.7,84.0,WR28,1,False
1149,00-0029137,Alshon Jeffery,WR,PHI,2020,7,9,0,0,9,0,5,2.93,26.4,163.9,191.0,WR65,8.25,74.2,146.3,153.0,WR53,0,False
2309,00-0031544,Amari Cooper,WR,LV,2016,16,0,5,0,0,0,3,11.93,0.0,,,,,,28.4,29.0,WR11,0,False
2309,00-0031544,Amari Cooper,WR,LV,2017,14,2,2,0,2,0,2,9.6,19.2,,,,,,24.3,26.0,WR9,1,False
2309,00-0031544,Amari Cooper,WR,LV,2018,15,0,0,0,0,0,0,11.87,0.0,34.1,36.0,WR15,12.0,0.0,44.0,45.0,WR14,0,False
2309,00-0031544,Amari Cooper,WR,LV,2019,16,0,2,0,0,0,2,12.94,0.0,34.4,35.0,WR13,11.49,0.0,37.9,38.0,WR12,1,False
2309,00-0031544,Amari Cooper,WR,LV,2020,16,0,0,0,0,0,0,11.93,0.0,35.6,37.0,WR12,13.28,0.0,44.1,46.0,WR14,0,False
2309,00-0031544,Amari Cooper,WR,LV,2021,15,2,3,0,0,2,4,11.23,22.5,43.1,44.0,WR15,11.39,22.8,55.0,56.0,WR16,0,False
2309,00-0031544,Amari Cooper,WR,LV,2022,17,0,1,0,0,0,1,12.18,0.0,,,,,,106.3,112.0,WR36,0,False
2309,00-0031544,Amari Cooper,WR,LV,2023,15,2,2,0,2,0,3,12.73,25.5,31.2,33.0,WR15,11.17,22.3,42.9,43.0,WR15,1,False
2309,00-0031544,Amari Cooper,WR,LV,2024,13,4,1,0,4,0,3,7.75,31.0,49.5,52.0,WR26,10.06,40.2,53.4,56.0,WR20,1,False
2309,00-0031544,Amari Cooper,WR,LV,2025,0,0,0,0,0,0,0,7.75,0.0,,,,,,,,,0,True
7547,00-0036963,Amon-Ra St. Brown,WR,DET,2021,16,0,0,0,0,0,0,11.39,0.0,162.6,198.0,WR70,8.01,0.0,,,,0,False
7547,00-0036963,Amon-Ra St. Brown,WR,DET,2022,16,1,2,0,1,0,2,13.41,13.4,75.3,75.0,WR31,9.45,9.4,86.5,90.0,WR30,0,False
7547,00-0036963,Amon-Ra St. Brown,WR,DET,2023,16,1,2,0,1,0,3,16.96,17.0,17.1,16.0,WR8,13.38,13.4,24.1,25.0,WR9,0,False
7547,00-0036963,Amon-Ra St. Brown,WR,DET,2024,17,0,1,0,0,0,1,15.22,0.0,6.9,7.0,WR4,14.19,0.0,17.8,20.0,WR5,0,False
7547,00-0036963,Amon-Ra St. Brown,WR,DET,2025,17,0,3,0,0,0,2,15.62,0.0,16.3,17.0,WR8,12.0,0.0,33.0,35.0,WR10,1,False
7547,00-0036963,Amon-Ra St. Brown,WR,DET,2026,4,0,0,0,0,0,0,18.95,0.0,,,,,,19.5,20.0,WR4,0,False
10226,00-0038619,Andrei Iosivas,WR,CIN,2024,17,0,0,0,0,0,0,5.99,0.0,,,,,,,,,0,False
10226,00-0038619,Andrei Iosivas,WR,CIN,2025,15,0,0,0,0,0,0,4.89,0.0,,,,,,,,,0,False
10226,00-0038619,Andrei Iosivas,WR,CIN,2026,2,2,0,0,0,2,1,1.7,3.4,,,,,,,,,0,False
00-0027918,00-0027918,Andrew Hawkins,WR,CLE,2016,16,0,0,0,0,0,0,4.18,0.0,,,,,,,,,0,False
655,00-0022084,Anquan Boldin,WR,BUF,2016,16,0,1,0,0,0,1,8.74,0.0,,,,,,,,,0,False
655,00-0022084,Anquan Boldin,WR,BUF,2017,0,0,0,0,0,0,0,8.74,0.0,,,,,,,,,0,True
5013,00-0034353,Anthony Miller,WR,BAL,2018,15,1,0,0,1,0,1,6.91,6.9,135.1,141.0,WR56,7.74,7.7,157.8,175.0,WR59,0,False
5013,00-0034353,Anthony Miller,WR,BAL,2019,16,0,0,0,0,0,0,6.34,0.0,125.7,130.0,WR50,8.63,0.0,137.0,158.0,WR53,0,False
5013,00-0034353,Anthony Miller,WR,BAL,2020,16,0,0,0,0,0,0,5.26,0.0,134.4,140.0,WR53,8.86,0.0,142.4,149.0,WR52,0,False
5013,00-0034353,Anthony Miller,WR,BAL,2021,3,0,0,0,0,0,0,3.83,0.0,,,,,,,,,0,False
5013,00-0034353,Anthony Miller,WR,BAL,2022,0,17,0,0,0,17,2,3.83,65.1,,,,,,,,,0,True
5013,00-0034353,Anthony Miller,WR,BAL,2023,0,0,0,0,0,0,0,3.83,0.0,,,,,,,,,0,True
5013,00-0034353,Anthony Miller,WR,BAL,2024,1,0,0,0,0,0,0,2.1,0.0,,,,,,,,,0,False
5013,00-0034353,Anthony Miller,WR,BAL,2025,0,0,0,0,0,0,0,2.1,0.0,,,,,,,,,0,True
536,00-0027793,Antonio Brown,WR,TB,2016,15,0,0,0,0,0,0,16.95,0.0,,,,,,1.8,1.0,WR1,0,False
536,00-0027793,Antonio Brown,WR,TB,2017,14,2,1,0,2,0,2,18.56,37.1,,,,,,4.0,4.0,WR1,1,False
536,00-0027793,Antonio Brown,WR,TB,2018,15,1,0,0,1,0,1,18.11,18.1,5.2,5.0,WR1,20.75,20.8,5.4,5.0,WR1,0,False
536,00-0027793,Antonio Brown,WR,TB,2019,1,1,0,0,1,0,1,14.1,14.1,23.3,23.0,WR9,12.28,12.3,24.0,24.0,WR9,0,False
536,00-0027793,Antonio Brown,WR,TB,2020,8,1,0,0,0,1,1,11.82,11.8,,,,,,,,,0,False
536,00-0027793,Antonio Brown,WR,TB,2021,7,10,1,0,6,4,5,14.3,143.0,79.1,83.0,WR31,9.79,97.9,89.7,93.0,WR30,0,False
5310,00-0034772,Antonio Callaway,WR,DAL,2018,16,0,1,0,0,0,1,6.92,0.0,,,,,,166.2,202.0,WR66,0,False
5310,00-0034772,Antonio Callaway,WR,DAL,2019,4,0,0,0,0,0,0,3.23,0.0,,,,,,,,,0,False
5310,00-0034772,Antonio Callaway,WR,DAL,2020,4,1,0,0,1,0,1,0.75,0.8,,,,,,,,,0,False
5310,00-0034772,Antonio Callaway,WR,DAL,2022,0,0,0,0,0,0,0,0.75,0.0,,,,,,,,,0,True
5130,00-0034686,Auden Tate,WR,ARI,2019,12,4,1,0,1,3,3,6.79,27.2,,,,,,,,,1,False
5130,00-0034686,Auden Tate,WR,ARI,2020,8,6,0,0,1,5,2,2.75,16.5,,,,,,,,,0,False
5130,00-0034686,Auden Tate,WR,ARI,2021,4,10,0,0,4,6,3,2.85,28.5,,,,,,,,,0,False
5130,00-0034686,Auden Tate,WR,ARI,2022,0,0,0,0,0,0,0,2.85,0.0,,,,,,,,,0,True
7757,00-0036862,Ben Skowronek,WR,PIT,2022,14,3,0,0,3,0,1,4.63,13.9,,,,,,,,,0,False
7757,00-0036862,Ben Skowronek,WR,PIT,2023,13,3,2,0,3,0,3,1.35,4.1,,,,,,,,,0,False
7757,00-0036862,Ben Skowronek,WR,PIT,2024,9,7,1,0,1,6,3,1.04,7.3,,,,,,,,,0,False
7757,00-0036862,Ben Skowronek,WR,PIT,2025,16,1,0,0,1,0,1,0.93,0.9,,,,,,,,,0,False
7757,00-0036862,Ben Skowronek,WR,PIT,2026,3,0,0,0,0,0,0,3.57,0.0,,,,,,,,,0,False
2003,00-0030670,Bennie Fowler,WR,NO,2017,16,0,1,0,0,0,1,4.22,0.0,,,,,,,,,0,False
2003,00-0030670,Bennie Fowler,WR,NO,2018,10,0,0,0,0,0,0,3.39,0.0,,,,,,,,,0,False
2003,00-0030670,Bennie Fowler,WR,NO,2019,8,0,1,0,0,0,1,4.35,0.0,,,,,,,,,0,False
2003,00-0030670,Bennie Fowler,WR,NO,2020,2,11,0,0,0,11,1,1.05,11.6,,,,,,,,,0,False
6088,00-0035006,Bisi Johnson,WR,MIN,2019,13,0,1,0,0,0,1,4.88,0.0,,,,,,,,,0,False
6088,00-0035006,Bisi Johnson,WR,MIN,2020,9,0,0,0,0,0,0,3.1,0.0,,,,,,,,,0,False
6088,00-0035006,Bisi Johnson,WR,MIN,2021,0,17,0,0,0,17,2,3.1,52.7,,,,,,,,,0,True
6088,00-0035006,Bisi Johnson,WR,MIN,2022,0,17,0,0,0,17,2,3.1,52.7,,,,,,,,,0,True
2197,00-0031236,Brandin Cooks,WR,SF,2016,15,0,0,0,0,0,0,13.82,0.0,,,,,,34.9,37.0,WR14,0,False
2197,00-0031236,Brandin Cooks,WR,SF,2017,16,0,0,0,0,0,0,11.79,0.0,,,,,,28.7,30.0,WR10,0,False
2197,00-0031236,Brandin Cooks,WR,SF,2018,15,0,0,0,0,0,0,13.55,0.0,51.2,52.0,WR23,10.61,0.0,62.0,63.0,WR20,0,False
2197,00-0031236,Brandin Cooks,WR,SF,2019,14,2,0,0,2,0,1,6.89,13.8,38.6,39.0,WR14,11.34,22.7,48.5,50.0,WR16,0,False
2197,00-0031236,Brandin Cooks,WR,SF,2020,15,1,2,0,1,0,2,12.77,12.8,79.8,80.0,WR33,10.27,10.3,91.3,94.0,WR34,0,False
2197,00-0031236,Brandin Cooks,WR,SF,2021,16,1,2,0,0,1,3,11.68,11.7,103.3,107.0,WR42,9.13,9.1,130.1,138.0,WR45,0,False
2197,00-0031236,Brandin Cooks,WR,SF,2022,13,4,3,0,4,0,2,9.01,36.0,57.5,58.0,WR24,10.22,40.9,73.8,75.0,WR24,0,False
2197,00-0031236,Brandin Cooks,WR,SF,2023,16,1,1,0,1,0,2,9.14,9.1,91.5,95.0,WR41,7.62,7.6,96.9,98.0,WR36,0,False
2197,00-0031236,Brandin Cooks,WR,SF,2024,10,7,0,0,0,7,2,5.66,39.6,117.7,122.0,WR51,8.58,60.1,145.8,161.0,WR57,0,False
2197,00-0031236,Brandin Cooks,WR,SF,2025,13,1,0,0,1,0,1,3.07,3.1,,,,,,,,,0,False
2197,00-0031236,Brandin Cooks,WR,SF,2026,1,0,0,0,0,0,0,0.0,0.0,,,,,,,,,0,False
6803,00-0036261,Brandon Aiyuk,WR,SF,2020,12,4,0,0,2,2,4,12.88,51.5,154.6,166.0,WR59,8.54,34.2,165.5,191.0,WR64,0,False
6803,00-0036261,Brandon Aiyuk,WR,SF,2021,17,0,0,0,0,0,0,8.37,0.0,55.8,58.0,WR22,10.55,0.0,69.1,71.0,WR22,0,False
6803,00-0036261,Brandon Aiyuk,WR,SF,2022,17,0,0,0,0,0,0,11.11,0.0,95.6,91.0,WR36,9.01,0.0,107.9,113.0,WR37,0,False
6803,00-0036261,Brandon Aiyuk,WR,SF,2023,16,1,0,0,1,0,1,13.23,13.2,58.9,60.0,WR26,9.23,9.2,88.6,91.0,WR32,0,False
6803,00-0036261,Brandon Aiyuk,WR,SF,2024,7,10,0,0,0,10,2,7.13,71.3,40.5,42.0,WR21,10.53,105.3,39.4,40.0,WR12,1,False
6803,00-0036261,Brandon Aiyuk,WR,SF,2025,0,17,0,0,0,17,2,7.05,119.8,149.6,147.0,WR60,7.05,119.8,146.7,182.0,WR64,0,True
2196,00-0030801,Brandon Coleman,WR,NO,2017,15,0,0,0,0,0,0,4.13,0.0,,,,,,,,,0,False
2196,00-0030801,Brandon Coleman,WR,NO,2018,0,0,0,0,0,0,0,4.13,0.0,,,,,,,,,0,True
8756,00-0037382,Brandon Johnson,WR,PIT,2023,10,5,0,0,1,4,2,6.39,31.9,,,,,,,,,0,False
8756,00-0037382,Brandon Johnson,WR,PIT,2024,1,0,0,0,0,0,0,1.4,0.0,,,,,,,,,0,False
8756,00-0037382,Brandon Johnson,WR,PIT,2025,0,0,0,0,0,0,0,1.4,0.0,,,,,,,,,0,True
8756,00-0037382,Brandon Johnson,WR,PIT,2026,0,0,0,0,0,0,0,1.4,0.0,,,,,,,,,0,True
613,00-0027681,Brandon LaFell,WR,LV,2016,16,0,0,0,0,0,0,9.62,0.0,,,,,,,,,0,False
613,00-0027681,Brandon LaFell,WR,LV,2017,16,0,1,0,0,0,1,6.17,0.0,,,,,,,,,0,False
613,00-0027681,Brandon LaFell,WR,LV,2018,4,7,0,0,1,6,2,7.88,55.2,,,,,,,,,0,False
648,00-0024334,Brandon Marshall,WR,NO,2016,15,1,3,0,1,0,4,8.42,8.4,,,,,,30.5,33.0,WR13,0,False
648,00-0024334,Brandon Marshall,WR,NO,2017,5,11,0,0,0,11,2,4.88,53.7,,,,,,82.0,86.0,WR30,1,False
648,00-0024334,Brandon Marshall,WR,NO,2018,6,0,0,0,0,0,0,4.18,0.0,,,,,,,,,0,False
5121,00-0034419,Braxton Berrios,WR,NYG,2020,16,0,1,0,0,0,1,4.92,0.0,,,,,,,,,0,False
5121,00-0034419,Braxton Berrios,WR,NYG,2021,16,1,0,0,0,1,1,6.13,6.1,,,,,,,,,0,False
5121,00-0034419,Braxton Berrios,WR,NYG,2022,17,0,1,0,0,0,1,2.86,0.0,,,,,,,,,0,False
5121,00-0034419,Braxton Berrios,WR,NYG,2023,16,1,1,0,1,0,2,2.77,2.8,,,,,,,,,0,False
5121,00-0034419,Braxton Berrios,WR,NYG,2024,6,11,0,0,0,11,1,0.0,0.0,,,,,,,,,0,False
5121,00-0034419,Braxton Berrios,WR,NYG,2025,4,5,0,0,5,0,2,1.68,8.4,,,,,,,,,0,False
5121,00-0034419,Braxton Berrios,WR,NYG,2026,4,0,0,0,0,0,0,0.0,0.0,,,,,,,,,0,False
2331,00-0032054,Breshad Perriman,WR,IND,2016,15,0,1,0,0,0,1,5.64,0.0,,,,,,170.7,205.0,WR67,0,False
2331,00-0032054,Breshad Perriman,WR,IND,2017,11,1,2,0,1,0,2,1.15,1.1,,,,,,,,,1,False
2331,00-0032054,Breshad Perriman,WR,IND,2018,10,0,0,0,0,0,0,5.42,0.0,,,,,,,,,0,False
2331,00-0032054,Breshad Perriman,WR,IND,2019,14,2,0,0,2,0,1,8.58,17.2,,,,,,,,,1,False
2331,00-0032054,Breshad Perriman,WR,IND,2020,12,4,1,0,4,0,2,7.01,28.0,164.2,192.0,WR66,8.21,32.8,162.1,187.0,WR62,1,False
2331,00-0032054,Breshad Perriman,WR,IND,2021,5,2,0,0,0,2,1,5.58,11.2,,,,,,,,,0,False
2331,00-0032054,Breshad Perriman,WR,IND,2022,8,2,2,0,2,0,1,2.35,4.7,,,,,,,,,0,False
2331,00-0032054,Breshad Perriman,WR,IND,2023,0,0,0,0,0,0,0,2.35,0.0,,,,,,,,,0,True
1208,00-0029640,Brian Quick,WR,WAS,2016,16,0,1,0,0,0,1,5.93,0.0,,,,,,,,,0,False
1208,00-0029640,Brian Quick,WR,WAS,2017,6,3,0,0,3,0,1,1.77,5.3,,,,,,,,,0,False
1208,00-0029640,Brian Quick,WR,WAS,2018,2,0,0,0,0,0,0,1.65,0.0,,,,,,,,,0,False
1208,00-0029640,Brian Quick,WR,WAS,2019,0,0,0,0,0,0,0,1.65,0.0,,,,,,,,,0,True
11631,00-0039893,Brian Thomas Jr.,WR,JAX,2024,17,0,2,0,0,0,1,14.15,0.0,142.9,149.0,WR59,8.25,0.0,105.2,111.0,WR39,0,False
11631,00-0039893,Brian Thomas Jr.,WR,JAX,2025,14,3,0,0,3,0,1,8.2,24.6,13.9,14.0,WR7,12.33,37.0,26.7,28.0,WR7,0,False
11631,00-0039893,Brian Thomas Jr.,WR,JAX,2026,4,0,0,0,0,0,0,5.25,0.0,,,,,,91.1,90.0,WR35,0,False
2255,00-0031326,Bruce Ellington,WR,DET,2017,11,5,0,0,1,4,2,5.56,27.8,,,,,,,,,1,False
2255,00-0031326,Bruce Ellington,WR,DET,2018,7,8,3,0,1,7,3,6.3,50.4,,,,,,,,,1,False
6870,00-0036365,Bryan Edwards,WR,KC,2021,16,1,0,0,0,1,1,5.76,5.8,151.6,168.0,WR58,8.42,8.4,143.4,165.0,WR51,0,False
6870,00-0036365,Bryan Edwards,WR,KC,2022,4,0,0,0,0,0,0,0.75,0.0,,,,,,,,,0,False
5199,00-0034297,Byron Pringle,WR,WAS,2021,16,0,0,0,0,0,0,6.74,0.0,,,,,,,,,0,False
5199,00-0034297,Byron Pringle,WR,WAS,2022,10,6,0,0,0,6,1,3.05,18.3,,,,,,,,,1,False
5199,00-0034297,Byron Pringle,WR,WAS,2023,13,0,0,0,0,0,0,1.78,0.0,,,,,,,,,0,False
5199,00-0034297,Byron Pringle,WR,WAS,2024,0,0,0,0,0,0,0,1.78,0.0,,,,,,,,,0,True
8125,00-0037837,Calvin Austin III,WR,NYG,2024,17,0,0,0,0,0,0,6.05,0.0,,,,,,,,,0,False
8125,00-0037837,Calvin Austin III,WR,NYG,2025,14,3,0,0,3,0,2,5.05,15.1,,,,,,,,,1,False
8125,00-0037837,Calvin Austin III,WR,NYG,2026,0,4,0,0,0,4,1,5.05,20.2,,,,,,,,,0,True
4981,00-0034837,Calvin Ridley,WR,TEN,2018,16,0,0,0,0,0,0,10.93,0.0,123.0,127.0,WR48,8.24,0.0,136.4,141.0,WR47,0,False
4981,00-0034837,Calvin Ridley,WR,TEN,2019,13,3,0,0,0,3,1,12.73,38.2,57.2,59.0,WR24,10.19,30.6,69.9,72.0,WR23,0,False
4981,00-0034837,Calvin Ridley,WR,TEN,2020,15,1,1,0,1,0,2,15.77,15.8,42.4,43.0,WR16,12.42,12.4,43.6,44.0,WR13,1,False
4981,00-0034837,Calvin Ridley,WR,TEN,2021,5,11,0,0,1,10,2,11.12,122.3,19.0,20.0,WR5,13.8,151.8,25.8,26.0,WR5,0,False
4981,00-0034837,Calvin Ridley,WR,TEN,2022,0,9,0,0,0,9,2,11.12,100.1,,,,,,,,,0,True
4981,00-0034837,Calvin Ridley,WR,TEN,2023,17,0,0,0,0,0,0,11.29,0.0,36.1,39.0,WR18,10.52,0.0,44.1,46.0,WR16,0,False
4981,00-0034837,Calvin Ridley,WR,TEN,2024,17,0,0,0,0,0,0,9.84,0.0,74.2,77.0,WR36,9.34,0.0,79.6,83.0,WR30,0,False
4981,00-0034837,Calvin Ridley,WR,TEN,2025,7,10,2,0,3,7,3,5.54,55.4,58.3,58.0,WR27,9.01,90.1,68.7,72.0,WR26,1,False
4981,00-0034837,Calvin Ridley,WR,TEN,2026,3,0,0,0,0,0,0,2.1,0.0,,,,,,148.0,155.0,WR59,0,False
5432,00-0034104,Cam Sims,WR,CAR,2020,13,0,0,0,0,0,0,5.4,0.0,,,,,,,,,0,False
5432,00-0034104,Cam Sims,WR,CAR,2021,12,3,1,0,3,0,1,3.44,10.3,,,,,,,,,1,False
5432,00-0034104,Cam Sims,WR,CAR,2022,13,1,0,0,1,0,1,0.99,1.0,,,,,,,,,0,False
5432,00-0034104,Cam Sims,WR,CAR,2023,0,0,0,0,0,0,0,0.99,0.0,,,,,,,,,0,True
5432,00-0034104,Cam Sims,WR,CAR,2024,0,1,0,0,0,1,1,0.99,1.0,,,,,,,,,0,True
2699,00-0031912,Cameron Meredith,WR,NE,2016,14,0,1,0,0,0,1,10.46,0.0,,,,,,,,,0,False
2699,00-0031912,Cameron Meredith,WR,NE,2017,0,16,0,0,0,16,2,10.46,167.4,,,,,,117.9,129.0,WR45,0,True
2699,00-0031912,Cameron Meredith,WR,NE,2018,3,11,0,0,3,8,1,6.63,72.9,130.1,137.0,WR54,7.85,86.3,146.2,154.0,WR53,0,False
2699,00-0031912,Cameron Meredith,WR,NE,2019,0,4,0,0,0,4,1,6.63,26.5,,,,,,,,,0,True
13279,00-0041438,Carnell Tate,WR,TEN,2026,4,0,0,0,0,0,0,8.95,0.0,,,,,,92.2,91.0,WR36,0,False
10444,00-0038979,Cedric Tillman,WR,NO,2024,9,6,0,0,5,1,1,7.32,43.9,,,,,,,,,0,False
10444,00-0038979,Cedric Tillman,WR,NO,2025,12,5,0,0,1,4,2,4.12,20.6,118.2,119.0,WR53,7.36,36.8,136.1,153.0,WR59,1,False
10444,00-0038979,Cedric Tillman,WR,NO,2026,0,0,0,0,0,0,0,4.12,0.0,,,,,,,,,0,True
5113,00-0034418,Cedrick Wilson Jr.,WR,MIA,2021,14,2,0,0,2,0,2,8.95,17.9,,,,,,,,,0,False
5113,00-0034418,Cedrick Wilson Jr.,WR,MIA,2022,13,3,1,0,3,0,3,1.57,4.7,,,,,,,,,0,False
5113,00-0034418,Cedrick Wilson Jr.,WR,MIA,2023,11,0,0,0,0,0,0,5.33,0.0,,,,,,,,,0,False
5113,00-0034418,Cedrick Wilson Jr.,WR,MIA,2024,13,4,0,0,4,0,3,3.23,12.9,,,,,,,,,0,False
5113,00-0034418,Cedrick Wilson Jr.,WR,MIA,2025,6,3,0,0,3,0,1,1.15,3.4,,,,,,,,,0,False
6786,00-0036358,CeeDee Lamb,WR,DAL,2020,16,0,0,0,0,0,0,11.29,0.0,102.6,109.0,WR42,9.55,0.0,102.6,103.0,WR37,0,False
6786,00-0036358,CeeDee Lamb,WR,DAL,2021,16,1,1,0,1,0,2,12.08,12.1,31.1,33.0,WR11,12.07,12.1,38.4,40.0,WR10,0,False
6786,00-0036358,CeeDee Lamb,WR,DAL,2022,17,0,2,0,0,0,2,14.59,0.0,19.2,19.0,WR6,14.38,0.0,26.1,27.0,WR6,0,False
6786,00-0036358,CeeDee Lamb,WR,DAL,2023,17,0,0,0,0,0,0,19.75,0.0,15.4,15.0,WR7,13.85,0.0,21.4,22.0,WR7,0,False
6786,00-0036358,CeeDee Lamb,WR,DAL,2024,15,2,1,0,0,2,2,14.19,28.4,2.6,3.0,WR1,17.25,34.5,6.7,8.0,WR2,0,False
6786,00-0036358,CeeDee Lamb,WR,DAL,2025,13,3,0,0,3,0,1,12.57,37.7,6.6,7.0,WR3,14.41,43.2,17.3,19.0,WR3,0,False
6786,00-0036358,CeeDee Lamb,WR,DAL,2026,4,0,0,0,0,0,0,23.43,0.0,12.5,8.0,WR3,15.81,0.0,28.4,29.0,WR6,0,False
6886,00-0036326,Chase Claypool,WR,BUF,2020,16,0,0,0,0,0,0,11.49,0.0,166.9,195.0,WR67,8.16,0.0,,,,0,False
6886,00-0036326,Chase Claypool,WR,BUF,2021,15,2,0,0,2,0,2,9.14,18.3,61.3,64.0,WR24,10.36,20.7,82.9,85.0,WR27,0,False
6886,00-0036326,Chase Claypool,WR,BUF,2022,15,2,0,0,2,0,1,5.47,10.9,,,,,,157.5,186.0,WR57,0,False
6886,00-0036326,Chase Claypool,WR,BUF,2023,11,4,0,0,4,0,2,1.61,6.4,164.0,186.0,WR68,5.83,23.3,,,,0,False
6886,00-0036326,Chase Claypool,WR,BUF,2024,0,0,0,0,0,0,0,1.61,0.0,,,,,,,,,0,True
3582,00-0032355,Chester Rogers,WR,CLE,2018,16,0,1,0,0,0,1,5.66,0.0,,,,,,,,,0,False
3582,00-0032355,Chester Rogers,WR,CLE,2019,10,4,0,0,0,4,1,3.97,15.9,,,,,,,,,0,False
3582,00-0032355,Chester Rogers,WR,CLE,2020,0,0,0,0,0,0,0,3.97,0.0,,,,,,,,,0,True
3582,00-0032355,Chester Rogers,WR,CLE,2021,16,1,1,0,1,0,1,3.25,3.2,,,,,,,,,0,False
3582,00-0032355,Chester Rogers,WR,CLE,2022,3,0,0,0,0,0,0,0.0,0.0,,,,,,,,,0,False
12540,00-0040705,Chimere Dike,WR,TEN,2025,17,0,0,0,0,0,0,6.12,0.0,,,,,,,,,0,False
12540,00-0040705,Chimere Dike,WR,TEN,2026,4,0,0,0,0,0,0,1.0,0.0,,,,,,,,,0,False
2381,00-0032128,Chris Conley,WR,SF,2016,16,0,0,0,0,0,0,4.69,0.0,,,,,,,,,0,False
2381,00-0032128,Chris Conley,WR,SF,2017,5,11,0,0,0,11,2,4.6,50.6,,,,,,,,,0,False
2381,00-0032128,Chris Conley,WR,SF,2018,16,0,0,0,0,0,0,4.71,0.0,,,,,,,,,0,False
2381,00-0032128,Chris Conley,WR,SF,2019,16,0,0,0,0,0,0,8.31,0.0,,,,,,,,,0,False
2381,00-0032128,Chris Conley,WR,SF,2020,14,1,1,0,1,0,1,5.51,5.5,,,,,,,,,0,False
2381,00-0032128,Chris Conley,WR,SF,2021,14,2,2,0,2,0,3,3.83,7.7,,,,,,,,,0,False
2381,00-0032128,Chris Conley,WR,SF,2022,4,0,0,0,0,0,0,1.65,0.0,,,,,,,,,0,False
2381,00-0032128,Chris Conley,WR,SF,2023,1,0,0,0,0,0,0,8.4,0.0,,,,,,,,,0,False
2381,00-0032128,Chris Conley,WR,SF,2024,9,4,1,0,4,0,3,1.18,4.7,,,,,,,,,0,False
4037,00-0033921,Chris Godwin Jr.,WR,TB,2017,15,0,1,0,0,0,1,5.03,0.0,,,,,,,,,0,False
4037,00-0033921,Chris Godwin Jr.,WR,TB,2018,16,0,1,0,0,0,1,9.73,0.0,143.0,150.0,WR59,7.57,0.0,165.9,200.0,WR65,0,False
4037,00-0033921,Chris Godwin Jr.,WR,TB,2019,14,2,1,0,2,0,2,16.65,33.3,42.9,44.0,WR17,10.92,21.8,54.0,55.0,WR18,0,False
4037,00-0033921,Chris Godwin Jr.,WR,TB,2020,12,4,1,0,4,0,3,13.21,52.8,22.0,23.0,WR6,15.34,61.4,26.1,26.0,WR6,0,False
4037,00-0033921,Chris Godwin Jr.,WR,TB,2021,14,3,1,0,0,3,2,13.81,41.4,45.2,47.0,WR17,11.11,33.3,58.1,59.0,WR17,1,False
4037,00-0033921,Chris Godwin Jr.,WR,TB,2022,15,2,2,0,2,0,2,11.39,22.8,53.9,55.0,WR22,10.48,21.0,69.4,73.0,WR23,1,False
4037,00-0033921,Chris Godwin Jr.,WR,TB,2023,17,0,3,0,0,0,3,9.86,0.0,68.1,71.0,WR31,8.6,0.0,60.3,62.0,WR21,0,False
4037,00-0033921,Chris Godwin Jr.,WR,TB,2024,7,10,0,0,0,10,2,16.11,161.1,71.5,75.0,WR35,9.41,94.1,84.6,90.0,WR32,0,False
4037,00-0033921,Chris Godwin Jr.,WR,TB,2025,9,8,2,0,8,0,3,7.39,59.1,104.2,104.0,WR48,7.6,60.8,120.9,126.0,WR51,0,False
4037,00-0033921,Chris Godwin Jr.,WR,TB,2026,4,0,0,0,0,0,0,5.93,0.0,74.7,37.0,WR16,11.28,0.0,100.7,101.0,WR39,0,False
1329,00-0028237,Chris Hogan,WR,NO,2016,15,1,5,0,1,0,2,7.33,7.3,,,,,,154.9,170.0,WR59,0,False
1329,00-0028237,Chris Hogan,WR,NO,2017,9,7,2,0,7,0,2,10.29,72.0,,,,,,119.9,133.0,WR47,0,False
1329,00-0028237,Chris Hogan,WR,NO,2018,15,0,1,0,0,0,1,5.91,0.0,44.6,46.0,WR20,11.07,0.0,65.5,67.0,WR22,0,False
1329,00-0028237,Chris Hogan,WR,NO,2019,7,9,0,0,0,9,2,1.53,13.8,,,,,,,,,0,False
1329,00-0028237,Chris Hogan,WR,NO,2020,5,6,2,0,0,6,2,3.76,22.6,,,,,,,,,0,False
1329,00-0028237,Chris Hogan,WR,NO,2021,5,1,0,0,1,0,1,2.42,2.4,,,,,,,,,0,False
3269,00-0032398,Chris Moore,WR,BAL,2022,15,1,2,0,1,0,3,6.07,6.1,,,,,,,,,0,False
3269,00-0032398,Chris Moore,WR,BAL,2023,15,1,0,0,1,0,1,3.82,3.8,,,,,,,,,0,False
3269,00-0032398,Chris Moore,WR,BAL,2024,0,0,0,0,0,0,0,3.82,0.0,,,,,,,,,0,True
3269,00-0032398,Chris Moore,WR,BAL,2025,10,1,0,0,1,0,1,3.31,3.3,,,,,,,,,0,False
3269,00-0032398,Chris Moore,WR,BAL,2026,3,1,0,0,1,0,1,4.6,4.6,,,,,,,,,0,False
8144,00-0037239,Chris Olave,WR,NO,2022,15,2,1,0,2,0,2,10.81,21.6,114.2,106.0,WR42,8.54,17.1,126.5,130.0,WR43,0,False
8144,00-0037239,Chris Olave,WR,NO,2023,16,1,2,0,1,0,3,11.74,11.7,23.2,22.0,WR12,11.95,11.9,29.7,30.0,WR11,0,False
8144,00-0037239,Chris Olave,WR,NO,2024,8,9,1,0,1,8,5,7.59,68.3,25.3,26.0,WR14,11.43,102.9,48.4,51.0,WR17,2,False
8144,00-0037239,Chris Olave,WR,NO,2025,16,1,3,0,1,0,3,13.62,13.6,74.6,78.0,WR36,8.31,8.3,94.6,96.0,WR36,0,False
8144,00-0037239,Chris Olave,WR,NO,2026,3,0,1,0,0,0,1,19.0,0.0,,,,,,41.9,43.0,WR13,0,False
4950,00-0034775,Christian Kirk,WR,SF,2018,12,4,0,0,0,4,1,8.5,34.0,162.2,194.0,WR69,7.06,28.2,,,,0,False
4950,00-0034775,Christian Kirk,WR,SF,2019,13,3,2,0,3,0,2,10.32,31.0,90.6,91.0,WR36,9.33,28.0,94.3,96.0,WR33,0,False
4950,00-0034775,Christian Kirk,WR,SF,2020,14,2,1,0,1,1,2,8.74,17.5,97.1,100.0,WR39,9.77,19.5,105.6,108.0,WR38,0,False
4950,00-0034775,Christian Kirk,WR,SF,2021,17,0,0,0,0,0,0,9.95,0.0,,,,,,,,,0,False
4950,00-0034775,Christian Kirk,WR,SF,2022,17,0,0,0,0,0,0,11.76,0.0,101.3,97.0,WR38,8.84,0.0,121.1,123.0,WR42,0,False
4950,00-0034775,Christian Kirk,WR,SF,2023,12,5,0,0,1,4,1,10.15,50.8,64.0,67.0,WR29,8.84,44.2,85.4,89.0,WR30,1,False
4950,00-0034775,Christian Kirk,WR,SF,2024,8,9,0,0,0,9,2,7.18,64.6,54.2,56.0,WR28,9.9,89.1,68.5,72.0,WR26,0,False
4950,00-0034775,Christian Kirk,WR,SF,2025,11,4,1,0,4,0,3,3.99,16.0,113.3,111.0,WR50,7.5,30.0,131.2,139.0,WR55,0,False
4950,00-0034775,Christian Kirk,WR,SF,2026,0,4,0,0,0,4,1,3.99,16.0,,,,,,,,,0,True
8167,00-0038124,Christian Watson,WR,GB,2022,14,3,3,0,3,0,4,10.26,30.8,,,,,,,,,1,False
8167,00-0038124,Christian Watson,WR,GB,2023,9,8,1,0,8,0,2,9.7,77.6,49.1,51.0,WR22,9.81,78.5,91.9,92.0,WR33,0,False
8167,00-0038124,Christian Watson,WR,GB,2024,14,2,2,0,2,0,2,6.49,13.0,82.8,87.0,WR40,9.11,18.2,92.7,97.0,WR35,1,False
8167,00-0038124,Christian Watson,WR,GB,2025,10,6,3,0,0,6,4,11.49,68.9,,,,,,,,,0,False
8167,00-0038124,Christian Watson,WR,GB,2026,4,0,0,0,0,0,0,16.78,0.0,,,,,,64.6,63.0,WR22,0,False
1144,00-0029000,Cole Beasley,WR,NYG,2016,16,0,0,0,0,0,0,9.47,0.0,,,,,,,,,0,False
1144,00-0029000,Cole Beasley,WR,NYG,2017,15,1,1,0,1,0,2,4.89,4.9,,,,,,128.7,162.0,WR52,0,False
1144,00-0029000,Cole Beasley,WR,NYG,2018,16,0,2,0,0,0,1,7.36,0.0,,,,,,,,,0,False
1144,00-0029000,Cole Beasley,WR,NYG,2019,15,0,0,0,0,0,0,10.09,0.0,161.6,180.0,WR62,8.17,0.0,,,,0,False
1144,00-0029000,Cole Beasley,WR,NYG,2020,15,1,0,0,1,0,1,11.1,11.1,,,,,,,,,0,False
1144,00-0029000,Cole Beasley,WR,NYG,2021,16,1,1,0,0,1,2,7.39,7.4,156.8,179.0,WR61,8.31,8.3,,,,0,False
1144,00-0029000,Cole Beasley,WR,NYG,2022,4,0,0,0,0,0,0,1.62,0.0,,,,,,,,,0,False
1144,00-0029000,Cole Beasley,WR,NYG,2023,0,0,0,0,0,0,0,1.62,0.0,,,,,,,,,0,True
4039,00-0033908,Cooper Kupp,WR,SEA,2017,15,1,0,0,1,0,1,9.73,9.7,,,,,,130.6,174.0,WR54,0,False
4039,00-0033908,Cooper Kupp,WR,SEA,2018,8,8,0,0,3,5,3,14.39,115.1,83.6,86.0,WR35,9.26,74.1,100.6,104.0,WR34,1,False
4039,00-0033908,Cooper Kupp,WR,SEA,2019,16,0,0,0,0,0,0,13.97,0.0,46.0,47.0,WR19,10.69,0.0,62.2,62.0,WR21,0,False
4039,00-0033908,Cooper Kupp,WR,SEA,2020,15,1,0,0,0,1,1,10.98,11.0,38.8,40.0,WR14,12.82,12.8,41.4,42.0,WR11,0,False
4039,00-0033908,Cooper Kupp,WR,SEA,2021,17,0,0,0,0,0,0,21.59,0.0,47.4,48.0,WR18,10.99,0.0,59.3,62.0,WR18,0,False
4039,00-0033908,Cooper Kupp,WR,SEA,2022,9,8,1,0,0,8,2,18.21,145.7,6.6,6.0,WR2,17.67,141.4,9.9,10.0,WR2,0,False
4039,00-0033908,Cooper Kupp,WR,SEA,2023,12,5,0,0,1,4,2,11.24,56.2,8.9,9.0,WR4,15.83,79.2,13.7,14.0,WR4,0,False
4039,00-0033908,Cooper Kupp,WR,SEA,2024,12,5,0,0,5,0,3,11.79,58.9,22.6,24.0,WR12,11.77,58.8,34.1,36.0,WR9,0,False
4039,00-0033908,Cooper Kupp,WR,SEA,2025,16,1,1,0,1,0,2,5.8,5.8,93.6,94.0,WR44,7.81,7.8,118.4,124.0,WR50,0,False
4039,00-0033908,Cooper Kupp,WR,SEA,2026,4,0,0,0,0,0,0,5.48,0.0,,,,,,,,,0,False
1535,00-0030578,Cordarrelle Patterson,WR,PIT,2016,16,0,1,0,0,0,1,5.85,0.0,,,,,,,,,0,False
1535,00-0030578,Cordarrelle Patterson,WR,PIT,2017,16,0,3,0,0,0,1,4.41,0.0,,,,,,,,,0,False
1535,00-0030578,Cordarrelle Patterson,WR,PIT,2018,15,1,1,0,1,0,2,5.87,5.9,,,,,,,,,0,False
1535,00-0030578,Cordarrelle Patterson,WR,PIT,2019,16,0,0,0,0,0,0,1.88,0.0,,,,,,,,,0,False
1535,00-0030578,Cordarrelle Patterson,WR,PIT,2020,16,0,4,0,0,0,3,3.68,0.0,,,,,,,,,0,False
1535,00-0030578,Cordarrelle Patterson,WR,PIT,2021,16,1,1,0,1,0,1,13.04,13.0,,,,,,,,,0,False
1535,00-0030578,Cordarrelle Patterson,WR,PIT,2022,13,4,1,0,0,4,1,11.09,44.4,90.6,86.0,RB34,9.18,36.7,105.0,109.0,RB37,0,False
1535,00-0030578,Cordarrelle Patterson,WR,PIT,2023,12,5,0,0,5,0,2,2.7,13.5,125.4,130.0,RB48,7.06,35.3,136.3,152.0,RB48,0,False
1535,00-0030578,Cordarrelle Patterson,WR,PIT,2024,13,4,0,0,4,0,3,2.42,9.7,,,,,,,,,0,False
3177,00-0032966,Corey Coleman,WR,KC,2016,10,6,0,0,6,0,1,7.68,46.1,,,,,,117.5,121.0,WR43,0,False
3177,00-0032966,Corey Coleman,WR,KC,2017,9,7,0,0,0,7,2,6.0,42.0,,,,,,119.7,131.0,WR46,0,False
3177,00-0032966,Corey Coleman,WR,KC,2018,8,0,0,0,0,0,0,1.26,0.0,,,,,,,,,0,False
3177,00-0032966,Corey Coleman,WR,KC,2019,0,16,0,0,0,16,2,1.26,20.2,,,,,,,,,0,True
3177,00-0032966,Corey Coleman,WR,KC,2020,0,0,0,0,0,0,0,1.26,0.0,,,,,,,,,0,True
3177,00-0032966,Corey Coleman,WR,KC,2022,0,0,0,0,0,0,0,1.26,0.0,,,,,,,,,0,True
4036,00-0033871,Corey Davis,WR,NYJ,2017,11,5,0,0,5,0,1,4.77,23.8,,,,,,115.0,123.0,WR43,1,False
4036,00-0033871,Corey Davis,WR,NYJ,2018,16,0,0,0,0,0,0,9.44,0.0,62.3,64.0,WR27,10.1,0.0,77.5,80.0,WR28,0,False
4036,00-0033871,Corey Davis,WR,NYJ,2019,15,1,0,0,1,0,1,6.24,6.2,108.7,113.0,WR43,8.95,8.9,111.1,113.0,WR40,0,False
4036,00-0033871,Corey Davis,WR,NYJ,2020,14,0,1,0,0,0,1,11.35,0.0,,,,,,,,,0,False
4036,00-0033871,Corey Davis,WR,NYJ,2021,9,8,2,0,3,5,2,9.8,78.4,102.3,105.0,WR41,9.18,73.4,113.9,119.0,WR40,0,False
4036,00-0033871,Corey Davis,WR,NYJ,2022,13,4,1,0,4,0,4,6.28,25.1,,,,,,,,,2,False
4036,00-0033871,Corey Davis,WR,NYJ,2023,0,0,0,0,0,0,0,6.28,0.0,,,,,,,,,0,True
5045,00-0034348,Courtland Sutton,WR,DEN,2018,16,0,0,0,0,0,0,7.21,0.0,160.6,184.0,WR64,7.31,0.0,,,,0,False
5045,00-0034348,Courtland Sutton,WR,DEN,2019,16,0,0,0,0,0,0,11.65,0.0,124.9,129.0,WR49,8.67,0.0,127.7,137.0,WR45,0,False
5045,00-0034348,Courtland Sutton,WR,DEN,2020,1,15,1,0,1,14,2,8.1,121.5,57.6,60.0,WR24,11.22,168.3,53.9,55.0,WR18,0,False
5045,00-0034348,Courtland Sutton,WR,DEN,2021,17,0,2,0,0,0,2,7.13,0.0,81.8,85.0,WR33,9.66,0.0,99.3,101.0,WR33,0,False
5045,00-0034348,Courtland Sutton,WR,DEN,2022,15,2,2,0,2,0,2,8.49,17.0,47.3,50.0,WR20,10.77,21.5,56.8,59.0,WR16,1,False
5045,00-0034348,Courtland Sutton,WR,DEN,2023,16,1,0,0,1,0,1,10.04,10.0,92.9,96.0,WR42,7.53,7.5,96.0,97.0,WR35,1,False
5045,00-0034348,Courtland Sutton,WR,DEN,2024,16,0,0,0,0,0,0,12.49,0.0,100.9,104.0,WR46,8.8,0.0,116.2,123.0,WR46,0,False
5045,00-0034348,Courtland Sutton,WR,DEN,2025,17,0,0,0,0,0,0,10.75,0.0,47.5,50.0,WR23,9.41,0.0,57.9,61.0,WR21,0,False
5045,00-0034348,Courtland Sutton,WR,DEN,2026,4,0,0,0,0,0,0,3.28,0.0,,,,,,87.2,88.0,WR34,0,False
4082,00-0033282,Curtis Samuel,WR,BUF,2018,13,3,0,0,3,0,1,9.18,27.5,,,,,,,,,0,False
4082,00-0033282,Curtis Samuel,WR,BUF,2019,16,0,2,0,0,0,2,9.04,0.0,81.3,82.0,WR33,9.51,0.0,108.1,108.0,WR38,0,False
4082,00-0033282,Curtis Samuel,WR,BUF,2020,15,1,2,0,1,0,2,11.57,11.6,159.9,184.0,WR63,8.35,8.3,126.6,131.0,WR46,0,False
4082,00-0033282,Curtis Samuel,WR,BUF,2021,5,12,4,0,9,3,4,1.36,16.3,130.6,137.0,WR51,8.7,104.4,151.4,181.0,WR55,0,False
4082,00-0033282,Curtis Samuel,WR,BUF,2022,17,0,0,0,0,0,0,8.49,0.0,,,,,,,,,0,False
4082,00-0033282,Curtis Samuel,WR,BUF,2023,16,1,3,0,1,0,3,7.89,7.9,,,,,,,,,1,False
4082,00-0033282,Curtis Samuel,WR,BUF,2024,14,3,2,0,3,0,2,3.44,10.3,112.8,115.0,WR50,8.62,25.9,121.9,128.0,WR48,1,False
4082,00-0033282,Curtis Samuel,WR,BUF,2025,6,8,0,0,2,6,2,2.93,23.4,,,,,,,,,0,False
4951,00-0034777,DJ Chark,WR,LAC,2019,15,1,1,0,1,0,1,12.62,12.6,,,,,,,,,0,False
4951,00-0034777,DJ Chark,WR,LAC,2020,13,3,1,0,3,0,4,9.78,29.3,48.7,50.0,WR20,11.76,35.3,65.1,67.0,WR24,0,False
4951,00-0034777,DJ Chark,WR,LAC,2021,3,13,0,0,0,13,2,10.3,133.9,100.4,103.0,WR40,9.23,120.0,111.2,115.0,WR38,0,False
4951,00-0034777,DJ Chark,WR,LAC,2022,11,6,0,0,2,4,2,7.56,45.4,,,,,,150.5,174.0,WR53,0,False
4951,00-0034777,DJ Chark,WR,LAC,2023,14,3,2,0,3,0,2,7.0,21.0,,,,,,,,,0,False
4951,00-0034777,DJ Chark,WR,LAC,2024,4,8,0,0,1,7,3,2.77,22.2,,,,,,,,,0,False
4983,00-0034827,DJ Moore,WR,BUF,2018,16,0,0,0,0,0,0,8.22,0.0,120.6,124.0,WR47,8.3,0.0,133.6,137.0,WR45,0,False
4983,00-0034827,DJ Moore,WR,BUF,2019,15,1,0,0,1,0,1,12.47,12.5,66.7,67.0,WR28,9.86,9.9,75.7,76.0,WR25,1,False
4983,00-0034827,DJ Moore,WR,BUF,2020,15,1,0,0,0,1,1,11.9,11.9,36.6,38.0,WR13,13.04,13.0,46.4,49.0,WR15,0,False
4983,00-0034827,DJ Moore,WR,BUF,2021,17,0,2,0,0,0,1,11.24,0.0,59.9,62.0,WR23,10.45,0.0,75.6,78.0,WR24,0,False
4983,00-0034827,DJ Moore,WR,BUF,2022,17,0,1,0,0,0,1,9.86,0.0,40.8,41.0,WR16,11.44,0.0,67.2,70.0,WR21,0,False
4983,00-0034827,DJ Moore,WR,BUF,2023,17,0,1,0,0,0,1,14.03,0.0,41.7,43.0,WR19,10.33,0.0,59.1,59.0,WR20,0,False
4983,00-0034827,DJ Moore,WR,BUF,2024,17,0,1,0,0,0,1,11.12,0.0,37.9,40.0,WR19,10.75,0.0,55.9,58.0,WR21,0,False
4983,00-0034827,DJ Moore,WR,BUF,2025,17,0,1,0,0,0,1,8.66,0.0,46.6,49.0,WR22,9.52,0.0,65.9,68.0,WR24,0,False
4983,00-0034827,DJ Moore,WR,BUF,2026,4,0,1,0,0,0,1,7.58,0.0,47.5,27.0,WR13,11.84,0.0,70.5,74.0,WR26,1,False
5846,00-0035640,DK Metcalf,WR,PIT,2019,16,0,0,0,0,0,0,9.88,0.0,134.9,142.0,WR55,8.43,0.0,131.2,148.0,WR47,0,False
5846,00-0035640,DK Metcalf,WR,PIT,2020,16,0,0,0,0,0,0,14.36,0.0,46.5,48.0,WR19,11.91,0.0,55.0,58.0,WR19,0,False
5846,00-0035640,DK Metcalf,WR,PIT,2021,17,0,0,0,0,0,0,12.16,0.0,20.3,21.0,WR6,13.4,0.0,27.8,29.0,WR6,0,False
5846,00-0035640,DK Metcalf,WR,PIT,2022,17,0,2,0,0,0,2,10.69,0.0,46.7,47.0,WR18,11.08,0.0,57.2,60.0,WR17,1,False
5846,00-0035640,DK Metcalf,WR,PIT,2023,16,1,2,0,1,0,3,12.03,12.0,35.1,36.0,WR17,10.72,10.7,46.0,49.0,WR18,0,False
5846,00-0035640,DK Metcalf,WR,PIT,2024,15,2,0,0,2,0,1,10.55,21.1,35.5,38.0,WR18,10.87,21.7,44.1,46.0,WR16,0,False
5846,00-0035640,DK Metcalf,WR,PIT,2025,15,2,0,0,0,2,1,10.51,21.0,33.6,35.0,WR16,10.3,20.6,49.9,50.0,WR16,0,False
5846,00-0035640,DK Metcalf,WR,PIT,2026,4,0,0,0,0,0,0,8.82,0.0,,,,,,85.1,84.0,WR31,0,False
2673,00-0031868,Damiere Byrd,WR,BUF,2020,15,0,0,0,0,0,0,6.09,0.0,,,,,,,,,0,False
2673,00-0031868,Damiere Byrd,WR,BUF,2021,11,0,0,0,0,0,0,4.9,0.0,,,,,,,,,0,False
2673,00-0031868,Damiere Byrd,WR,BUF,2022,12,0,0,0,0,0,0,3.77,0.0,,,,,,,,,0,False
2673,00-0031868,Damiere Byrd,WR,BUF,2023,1,0,0,0,0,0,0,0.0,0.0,,,,,,,,,0,False
2673,00-0031868,Damiere Byrd,WR,BUF,2024,0,0,0,0,0,0,0,0.0,0.0,,,,,,,,,0,True
491,00-0026035,Danny Amendola,WR,HOU,2017,15,1,5,0,1,0,3,7.23,7.2,,,,,,105.6,112.0,WR40,0,False
491,00-0026035,Danny Amendola,WR,HOU,2018,15,1,2,0,1,0,2,6.53,6.5,160.4,183.0,WR63,7.36,7.4,,,,1,False
491,00-0026035,Danny Amendola,WR,HOU,2019,15,1,1,0,1,0,2,7.3,7.3,,,,,,,,,0,False
491,00-0026035,Danny Amendola,WR,HOU,2020,14,2,1,0,2,0,2,5.96,11.9,,,,,,,,,0,False
491,00-0026035,Danny Amendola,WR,HOU,2021,8,8,0,0,4,4,3,7.1,56.8,,,,,,,,,1,False
4992,00-0034860,Dante Pettis,WR,SF,2018,12,4,1,0,3,1,3,7.5,30.0,,,,,,,,,2,False
4992,00-0034860,Dante Pettis,WR,SF,2019,9,4,0,0,4,0,2,3.23,12.9,104.7,108.0,WR42,9.0,36.0,104.7,105.0,WR37,0,False
4992,00-0034860,Dante Pettis,WR,SF,2020,6,2,0,0,1,1,2,2.6,5.2,,,,,,,,,0,False
4992,00-0034860,Dante Pettis,WR,SF,2021,3,9,0,0,0,9,2,6.78,61.0,,,,,,,,,0,False
4992,00-0034860,Dante Pettis,WR,SF,2022,17,0,0,0,0,0,0,3.28,0.0,,,,,,,,,0,False
4992,00-0034860,Dante Pettis,WR,SF,2023,0,1,0,0,0,1,1,3.28,3.3,,,,,,,,,0,True
4992,00-0034860,Dante Pettis,WR,SF,2024,8,1,0,0,0,1,1,3.25,3.2,,,,,,,,,0,False
4992,00-0034860,Dante Pettis,WR,SF,2025,8,0,0,0,0,0,0,1.9,0.0,,,,,,,,,0,False
4992,00-0034860,Dante Pettis,WR,SF,2026,0,0,0,0,0,0,0,1.9,0.0,,,,,,,,,0,True
6149,00-0035535,Darius Slayton,WR,IND,2019,14,2,0,0,2,0,1,10.43,20.9,,,,,,,,,0,False
6149,00-0035535,Darius Slayton,WR,IND,2020,16,0,1,0,0,0,1,7.25,0.0,103.6,111.0,WR43,9.48,0.0,121.0,125.0,WR43,0,False
6149,00-0035535,Darius Slayton,WR,IND,2021,13,4,1,0,3,1,2,4.28,17.1,,,,,,,,,1,False
6149,00-0035535,Darius Slayton,WR,IND,2022,13,0,1,0,0,0,1,8.11,0.0,,,,,,,,,0,False
6149,00-0035535,Darius Slayton,WR,IND,2023,17,0,1,0,0,0,1,7.41,0.0,,,,,,,,,0,False
6149,00-0035535,Darius Slayton,WR,IND,2024,16,1,1,0,1,0,2,5.66,5.7,,,,,,,,,0,False
6149,00-0035535,Darius Slayton,WR,IND,2025,14,3,0,0,3,0,2,5.74,17.2,,,,,,,,,0,False
6149,00-0035535,Darius Slayton,WR,IND,2026,0,0,0,0,0,0,0,5.74,0.0,,,,,,,,,0,True
7090,00-0036309,Darnell Mooney,WR,NYG,2020,16,0,2,0,0,0,2,7.6,0.0,,,,,,,,,0,False
7090,00-0036309,Darnell Mooney,WR,NYG,2021,17,0,5,0,0,0,3,10.54,0.0,113.2,117.0,WR46,8.93,0.0,136.1,151.0,WR49,0,False
7090,00-0036309,Darnell Mooney,WR,NYG,2022,11,5,0,0,0,5,2,7.41,37.0,73.8,73.0,WR30,9.55,47.8,84.6,86.0,WR28,0,False
7090,00-0036309,Darnell Mooney,WR,NYG,2023,14,2,0,0,2,0,1,4.53,9.1,122.5,128.0,WR54,6.65,13.3,118.9,123.0,WR45,0,False
7090,00-0036309,Darnell Mooney,WR,NYG,2024,16,1,0,0,1,0,1,10.08,10.1,,,,,,166.0,211.0,WR67,0,False
7090,00-0036309,Darnell Mooney,WR,NYG,2025,15,2,2,0,2,0,3,4.42,8.8,,,,,,117.6,123.0,WR49,0,False
7090,00-0036309,Darnell Mooney,WR,NYG,2026,4,0,0,0,0,0,0,3.35,0.0,,,,,,,,,0,False
2133,00-0031381,Davante Adams,WR,LAR,2016,16,0,1,0,0,0,1,13.08,0.0,,,,,,,,,1,False
2133,00-0031381,Davante Adams,WR,LAR,2017,14,2,1,0,2,0,2,13.25,26.5,,,,,,52.6,53.0,WR18,1,False
2133,00-0031381,Davante Adams,WR,LAR,2018,15,1,2,0,1,0,3,18.27,18.3,19.1,19.0,WR7,14.46,14.5,22.5,23.0,WR7,0,False
2133,00-0031381,Davante Adams,WR,LAR,2019,12,4,1,0,4,0,1,14.27,57.1,9.1,9.0,WR1,16.94,67.8,8.1,8.0,WR2,0,False
2133,00-0031381,Davante Adams,WR,LAR,2020,14,2,0,0,2,0,1,21.49,43.0,10.3,10.0,WR2,18.61,37.2,14.7,14.0,WR2,0,False
2133,00-0031381,Davante Adams,WR,LAR,2021,16,1,0,0,0,1,1,17.68,17.7,7.0,7.0,WR1,17.33,17.3,9.3,9.0,WR1,0,False
2133,00-0031381,Davante Adams,WR,LAR,2022,17,0,2,0,0,0,2,16.79,0.0,12.4,12.0,WR4,15.59,0.0,19.6,20.0,WR4,0,False
2133,00-0031381,Davante Adams,WR,LAR,2023,17,0,2,0,0,0,2,12.58,0.0,17.3,17.0,WR9,12.97,0.0,25.2,26.0,WR10,0,False
2133,00-0031381,Davante Adams,WR,LAR,2024,14,3,2,0,3,0,3,14.2,42.6,21.0,22.0,WR11,11.96,35.9,52.5,54.0,WR18,0,False
2133,00-0031381,Davante Adams,WR,LAR,2025,14,3,3,0,3,0,5,13.78,41.3,29.0,29.0,WR13,10.81,32.4,44.3,45.0,WR14,0,False
2133,00-0031381,Davante Adams,WR,LAR,2026,4,0,0,0,0,0,0,15.5,0.0,37.0,23.0,WR10,12.55,0.0,53.8,56.0,WR19,0,False
4274,00-0033589,David Moore,WR,CAR,2018,14,0,0,0,0,0,0,6.29,0.0,,,,,,,,,0,False
4274,00-0033589,David Moore,WR,CAR,2019,14,2,0,0,2,0,1,3.65,7.3,,,,,,,,,0,False
4274,00-0033589,David Moore,WR,CAR,2020,16,0,1,0,0,0,1,6.33,0.0,,,,,,,,,0,False
4274,00-0033589,David Moore,WR,CAR,2021,2,0,0,0,0,0,0,0.0,0.0,,,,,,,,,0,False
4274,00-0033589,David Moore,WR,CAR,2022,0,1,0,0,0,1,1,0.0,0.0,,,,,,,,,0,True
4274,00-0033589,David Moore,WR,CAR,2023,6,0,0,0,0,0,0,2.98,0.0,,,,,,,,,0,False
4274,00-0033589,David Moore,WR,CAR,2024,15,0,2,0,0,0,2,4.61,0.0,,,,,,,,,1,False
4274,00-0033589,David Moore,WR,CAR,2025,3,13,0,0,0,13,3,0.73,9.5,,,,,,,,,0,False
4274,00-0033589,David Moore,WR,CAR,2026,2,0,0,0,0,0,0,0.0,0.0,,,,,,,,,0,False
13417,00-0041035,De'Zhaun Stribling,WR,SF,2026,0,3,0,0,0,3,1,10.67,32.0,126.9,48.0,WR20,10.67,32.0,127.4,129.0,WR50,0,True
2750,00-0031763,DeAndre Carter,WR,CLE,2021,17,0,0,0,0,0,0,4.38,0.0,,,,,,,,,0,False
2750,00-0031763,DeAndre Carter,WR,CLE,2022,17,0,1,0,0,0,1,5.37,0.0,,,,,,,,,0,False
2750,00-0031763,DeAndre Carter,WR,CLE,2023,17,0,1,0,0,0,1,0.45,0.0,,,,,,,,,0,False
2750,00-0031763,DeAndre Carter,WR,CLE,2024,13,4,1,0,0,4,2,0.9,3.6,,,,,,,,,0,False
2750,00-0031763,DeAndre Carter,WR,CLE,2025,4,13,0,0,0,13,2,0.0,0.0,,,,,,,,,0,False
1426,00-0030564,DeAndre Hopkins,WR,BAL,2016,16,0,0,0,0,0,0,9.9,0.0,,,,,,10.9,12.0,WR4,0,False
1426,00-0030564,DeAndre Hopkins,WR,BAL,2017,15,1,1,0,1,0,2,17.45,17.4,,,,,,42.5,44.0,WR15,0,False
1426,00-0030564,DeAndre Hopkins,WR,BAL,2018,16,0,3,0,0,0,3,17.25,0.0,9.8,10.0,WR2,18.51,0.0,11.0,11.0,WR2,0,False
1426,00-0030564,DeAndre Hopkins,WR,BAL,2019,15,1,0,0,1,0,1,14.44,14.4,9.4,10.0,WR2,15.47,15.5,6.0,6.0,WR1,0,False
1426,00-0030564,DeAndre Hopkins,WR,BAL,2020,16,0,3,0,0,0,3,14.39,0.0,18.9,20.0,WR5,15.89,0.0,23.7,24.0,WR5,0,False
1426,00-0030564,DeAndre Hopkins,WR,BAL,2021,10,7,3,0,3,4,4,12.62,88.3,18.1,18.0,WR4,14.28,100.0,24.6,25.0,WR4,1,False
1426,00-0030564,DeAndre Hopkins,WR,BAL,2022,9,8,1,0,2,6,3,13.3,106.4,57.1,57.0,WR23,10.35,82.8,90.4,93.0,WR31,0,False
1426,00-0030564,DeAndre Hopkins,WR,BAL,2023,17,0,3,0,0,0,2,10.95,0.0,52.7,56.0,WR24,9.51,0.0,67.0,69.0,WR22,0,False
1426,00-0030564,DeAndre Hopkins,WR,BAL,2024,16,0,1,0,0,0,1,7.44,0.0,91.7,96.0,WR42,9.0,0.0,100.6,105.0,WR37,0,False
1426,00-0030564,DeAndre Hopkins,WR,BAL,2025,17,0,0,0,0,0,0,3.29,0.0,,,,,,157.0,203.0,WR71,0,False
9501,00-0038621,DeMario Douglas,WR,NE,2023,14,3,2,0,3,0,3,5.91,17.7,,,,,,,,,0,False
9501,00-0038621,DeMario Douglas,WR,NE,2024,16,0,1,0,0,0,1,7.17,0.0,,,,,,,,,0,False
9501,00-0038621,DeMario Douglas,WR,NE,2025,16,0,1,0,0,0,1,5.02,0.0,135.6,137.0,WR57,7.18,0.0,156.8,202.0,WR70,0,False
9501,00-0038621,DeMario Douglas,WR,NE,2026,4,0,0,0,0,0,0,3.18,0.0,,,,,,,,,0,False
147,00-0026189,DeSean Jackson,WR,BAL,2016,15,1,4,0,1,0,3,10.17,10.2,,,,,,94.6,98.0,WR36,0,False
147,00-0026189,DeSean Jackson,WR,BAL,2017,14,2,1,0,2,0,2,8.11,16.2,,,,,,99.8,103.0,WR35,0,False
147,00-0026189,DeSean Jackson,WR,BAL,2018,12,4,3,0,4,0,3,10.9,43.6,,,,,,,,,0,False
147,00-0026189,DeSean Jackson,WR,BAL,2019,2,13,1,0,6,7,2,16.2,210.6,122.4,126.0,WR48,8.72,113.4,135.2,154.0,WR51,0,False
147,00-0026189,DeSean Jackson,WR,BAL,2020,5,11,0,0,4,7,4,7.56,83.2,123.3,128.0,WR49,9.09,100.0,161.1,183.0,WR60,0,False
147,00-0026189,DeSean Jackson,WR,BAL,2021,14,3,1,0,3,0,4,4.7,14.1,,,,,,,,,0,False
147,00-0026189,DeSean Jackson,WR,BAL,2022,7,1,0,0,1,0,1,2.83,2.8,,,,,,,,,0,False
2319,00-0031547,DeVante Parker,WR,PHI,2016,15,1,6,0,1,0,3,8.43,8.4,,,,,,88.3,91.0,WR33,0,False
2319,00-0031547,DeVante Parker,WR,PHI,2017,13,3,4,0,3,0,3,7.81,23.4,,,,,,85.1,88.0,WR32,1,False
2319,00-0031547,DeVante Parker,WR,PHI,2018,11,5,3,0,5,0,3,4.45,22.2,140.8,147.0,WR57,7.68,38.4,140.3,146.0,WR50,1,False
2319,00-0031547,DeVante Parker,WR,PHI,2019,16,0,1,0,0,0,1,13.14,0.0,,,,,,,,,1,False
2319,00-0031547,DeVante Parker,WR,PHI,2020,14,2,2,0,2,0,2,9.63,19.3,67.5,69.0,WR28,10.76,21.5,89.5,92.0,WR33,2,False
2319,00-0031547,DeVante Parker,WR,PHI,2021,9,7,1,0,3,4,1,9.28,65.0,158.2,185.0,WR62,8.27,57.9,,,,0,False
2319,00-0031547,DeVante Parker,WR,PHI,2022,12,4,2,0,4,0,3,7.28,29.1,,,,,,,,,2,False
2319,00-0031547,DeVante Parker,WR,PHI,2023,13,4,4,0,4,0,5,4.3,17.2,,,,,,,,,1,False
2319,00-0031547,DeVante Parker,WR,PHI,2024,0,0,0,0,0,0,0,4.3,0.0,,,,,,,,,0,True
7525,00-0036912,DeVonta Smith,WR,PHI,2021,17,0,0,0,0,0,0,9.04,0.0,81.4,84.0,WR32,9.72,0.0,95.8,99.0,WR32,0,False
7525,00-0036912,DeVonta Smith,WR,PHI,2022,17,0,0,0,0,0,0,12.3,0.0,87.7,85.0,WR34,9.18,0.0,114.7,117.0,WR39,0,False
7525,00-0036912,DeVonta Smith,WR,PHI,2023,16,1,0,0,1,0,1,11.69,11.7,30.1,30.0,WR14,11.41,11.4,51.7,53.0,WR19,0,False
7525,00-0036912,DeVonta Smith,WR,PHI,2024,13,4,0,0,4,0,3,12.72,50.9,40.2,41.0,WR20,10.64,42.6,59.8,61.0,WR22,0,False
7525,00-0036912,DeVonta Smith,WR,PHI,2025,17,0,0,0,0,0,0,9.61,0.0,49.9,53.0,WR25,9.2,0.0,68.2,71.0,WR25,0,False
7525,00-0036912,DeVonta Smith,WR,PHI,2026,3,1,0,0,1,0,1,13.0,13.0,27.8,18.0,WR7,13.52,13.5,53.8,57.0,WR20,0,False
4146,00-0033839,Dede Westbrook,WR,GB,2018,16,0,0,0,0,0,0,9.28,0.0,151.6,161.0,WR60,7.51,0.0,156.7,172.0,WR57,0,False
4146,00-0033839,Dede Westbrook,WR,GB,2019,15,1,3,0,1,0,3,8.25,8.2,63.9,65.0,WR26,10.02,10.0,93.7,94.0,WR31,0,False
4146,00-0033839,Dede Westbrook,WR,GB,2020,2,9,0,0,0,9,1,0.45,4.0,,,,,,,,,0,False
4146,00-0033839,Dede Westbrook,WR,GB,2021,15,2,0,0,1,1,2,0.79,1.6,,,,,,,,,0,False
4146,00-0033839,Dede Westbrook,WR,GB,2022,0,0,0,0,0,0,0,0.79,0.0,,,,,,,,,0,True
5872,00-0035719,Deebo Samuel Sr.,WR,SF,2019,15,1,1,0,1,0,2,10.71,10.7,153.5,160.0,WR58,8.32,8.3,,,,0,False
5872,00-0035719,Deebo Samuel Sr.,WR,SF,2020,7,9,1,0,5,4,4,9.17,82.5,85.4,87.0,WR35,10.09,90.8,99.4,100.0,WR36,2,False
5872,00-0035719,Deebo Samuel Sr.,WR,SF,2021,16,1,2,0,1,0,2,18.78,18.8,88.2,92.0,WR36,9.47,9.5,103.2,107.0,WR35,0,False
5872,00-0035719,Deebo Samuel Sr.,WR,SF,2022,13,4,2,0,4,0,4,10.8,43.2,21.3,21.0,WR7,13.91,55.6,30.4,31.0,WR7,0,False
5872,00-0035719,Deebo Samuel Sr.,WR,SF,2023,15,2,1,0,2,0,2,14.25,28.5,33.5,35.0,WR16,10.94,21.9,41.0,41.0,WR14,1,False
5872,00-0035719,Deebo Samuel Sr.,WR,SF,2024,15,2,3,0,2,0,4,8.67,17.3,18.2,19.0,WR10,12.17,24.3,105.4,112.0,WR40,1,False
5872,00-0035719,Deebo Samuel Sr.,WR,SF,2025,16,1,2,0,1,0,2,9.51,9.5,67.0,70.0,WR32,8.6,8.6,80.2,85.0,WR31,0,False
5872,00-0035719,Deebo Samuel Sr.,WR,SF,2026,4,0,0,0,0,0,0,12.72,0.0,,,,,,125.1,127.0,WR49,0,False
3286,00-0032775,Demarcus Robinson,WR,SF,2018,14,0,0,0,0,0,0,4.56,0.0,,,,,,,,,0,False
3286,00-0032775,Demarcus Robinson,WR,SF,2019,15,0,0,0,0,0,0,5.66,0.0,,,,,,,,,0,False
3286,00-0032775,Demarcus Robinson,WR,SF,2020,15,0,0,0,0,0,0,5.67,0.0,,,,,,,,,0,False
3286,00-0032775,Demarcus Robinson,WR,SF,2021,14,1,0,0,1,0,1,4.06,4.1,,,,,,,,,0,False
3286,00-0032775,Demarcus Robinson,WR,SF,2022,16,0,2,0,0,0,2,4.99,0.0,,,,,,,,,0,False
3286,00-0032775,Demarcus Robinson,WR,SF,2023,8,0,0,0,0,0,0,9.3,0.0,,,,,,,,,0,False
3286,00-0032775,Demarcus Robinson,WR,SF,2024,17,0,1,0,0,0,1,6.35,0.0,,,,,,,,,0,False
3286,00-0032775,Demarcus Robinson,WR,SF,2025,14,3,0,0,0,3,1,3.37,10.1,,,,,,,,,0,False
3286,00-0032775,Demarcus Robinson,WR,SF,2026,2,2,0,0,0,2,1,8.45,16.9,,,,,,,,,0,False
560,00-0027874,Demaryius Thomas,WR,NYJ,2016,16,0,1,0,0,0,1,11.33,0.0,,,,,,40.2,40.0,WR16,0,False
560,00-0027874,Demaryius Thomas,WR,NYJ,2017,16,0,0,0,0,0,0,10.28,0.0,,,,,,45.0,49.0,WR16,0,False
560,00-0027874,Demaryius Thomas,WR,NYJ,2018,15,1,0,0,0,1,1,8.48,8.5,47.5,49.0,WR21,10.91,10.9,63.9,65.0,WR21,0,False
560,00-0027874,Demaryius Thomas,WR,NYJ,2019,11,5,10,0,5,0,5,6.12,30.6,165.8,188.0,WR64,8.11,40.5,,,,1,False
560,00-0027874,Demaryius Thomas,WR,NYJ,2020,0,0,0,0,0,0,0,6.12,0.0,,,,,,,,,0,True
13346,00-0041037,Denzel Boston,WR,CLE,2026,4,0,0,0,0,0,0,12.23,0.0,,,,,,143.3,150.0,WR58,0,False
6234,00-0035215,Deonte Harty,WR,BAL,2021,13,4,1,0,1,3,2,7.47,29.9,,,,,,,,,0,False
6234,00-0035215,Deonte Harty,WR,BAL,2022,4,13,0,0,1,12,3,0.57,7.4,,,,,,,,,0,False
6234,00-0035215,Deonte Harty,WR,BAL,2023,16,0,0,0,0,0,0,2.16,0.0,,,,,,,,,0,False
6234,00-0035215,Deonte Harty,WR,BAL,2024,5,12,2,0,1,11,3,0.0,0.0,,,,,,,,,0,False
1061,00-0029388,Deonte Thompson,WR,NYJ,2017,16,0,2,0,0,0,2,5.38,0.0,,,,,,,,,0,False
1061,00-0029388,Deonte Thompson,WR,NYJ,2018,13,2,1,0,2,0,3,1.89,3.8,,,,,,,,,0,False
1061,00-0029388,Deonte Thompson,WR,NYJ,2019,0,0,0,0,0,0,0,1.89,0.0,,,,,,,,,0,True
11834,00-0039424,Devaughn Vele,WR,NO,2024,13,2,0,0,2,0,1,6.62,13.2,,,,,,,,,0,False
11834,00-0039424,Devaughn Vele,WR,NO,2025,9,5,0,0,2,3,2,5.98,29.9,,,,,,,,,0,False
11834,00-0039424,Devaughn Vele,WR,NO,2026,3,0,0,0,0,0,0,10.23,0.0,,,,,,,,,0,False
6847,00-0036331,Devin Duvernay,WR,ARI,2021,16,1,4,0,1,0,3,3.79,3.8,,,,,,,,,0,False
6847,00-0036331,Devin Duvernay,WR,ARI,2022,14,3,1,0,0,3,2,6.97,20.9,,,,,,,,,0,False
6847,00-0036331,Devin Duvernay,WR,ARI,2023,13,4,1,0,0,4,2,0.41,1.6,,,,,,,,,0,False
6847,00-0036331,Devin Duvernay,WR,ARI,2024,13,4,1,0,0,4,2,1.05,4.2,,,,,,,,,0,False
6847,00-0036331,Devin Duvernay,WR,ARI,2025,17,0,0,0,0,0,0,0.21,0.0,,,,,,,,,0,False
6847,00-0036331,Devin Duvernay,WR,ARI,2026,4,0,0,0,0,0,0,0.0,0.0,,,,,,,,,0,False
2346,00-0032055,Devin Funchess,WR,DET,2016,14,2,0,0,1,1,2,5.33,10.7,,,,,,137.7,143.0,WR53,1,False
2346,00-0032055,Devin Funchess,WR,DET,2017,16,0,3,0,0,0,1,10.22,0.0,,,,,,,,,0,False
2346,00-0032055,Devin Funchess,WR,DET,2018,14,1,1,0,1,0,1,7.21,7.2,90.4,93.0,WR37,9.08,9.1,103.9,109.0,WR36,0,False
2346,00-0032055,Devin Funchess,WR,DET,2019,1,15,0,0,0,15,2,4.7,70.5,,,,,,,,,0,False
2346,00-0032055,Devin Funchess,WR,DET,2020,0,10,0,0,0,10,1,4.7,47.0,,,,,,,,,0,True
2346,00-0032055,Devin Funchess,WR,DET,2021,0,0,0,0,0,0,0,4.7,0.0,,,,,,,,,0,True
2346,00-0032055,Devin Funchess,WR,DET,2022,0,0,0,0,0,0,0,4.7,0.0,,,,,,,,,0,True
574,00-0027902,Dez Bryant,WR,BAL,2016,13,3,7,0,3,0,4,11.92,35.8,,,,,,16.2,17.0,WR6,0,False
574,00-0027902,Dez Bryant,WR,BAL,2017,16,0,1,0,0,0,1,9.49,0.0,,,,,,23.0,24.0,WR8,0,False
574,00-0027902,Dez Bryant,WR,BAL,2018,0,8,0,0,0,8,1,9.49,75.9,,,,,,,,,0,True
574,00-0027902,Dez Bryant,WR,BAL,2020,4,1,1,0,0,1,2,4.92,4.9,,,,,,,,,0,False
5937,00-0035216,Diontae Johnson,WR,CLE,2019,16,0,0,0,0,0,0,8.47,0.0,,,,,,,,,0,False
5937,00-0035216,Diontae Johnson,WR,CLE,2020,15,1,0,0,1,0,1,11.99,12.0,94.0,97.0,WR38,9.85,9.8,125.6,130.0,WR45,0,False
5937,00-0035216,Diontae Johnson,WR,CLE,2021,16,1,0,0,1,0,1,13.81,13.8,48.7,51.0,WR19,10.87,10.9,62.1,64.0,WR19,0,False
5937,00-0035216,Diontae Johnson,WR,CLE,2022,17,0,2,0,0,0,2,8.1,0.0,50.9,51.0,WR21,10.62,0.0,63.7,66.0,WR18,0,False
5937,00-0035216,Diontae Johnson,WR,CLE,2023,13,4,0,0,0,4,1,9.78,39.1,71.4,76.0,WR33,8.38,33.5,71.8,76.0,WR24,0,False
5937,00-0035216,Diontae Johnson,WR,CLE,2024,11,3,3,0,2,1,6,6.6,19.8,105.7,110.0,WR48,8.71,26.1,115.4,121.0,WR44,0,False
5937,00-0035216,Diontae Johnson,WR,CLE,2025,0,0,0,0,0,0,0,6.6,0.0,,,,,,,,,0,True
6824,00-0036233,Donovan Peoples-Jones,WR,DET,2021,13,2,2,0,2,0,2,7.13,14.3,,,,,,,,,0,False
6824,00-0036233,Donovan Peoples-Jones,WR,DET,2022,17,0,0,0,0,0,0,8.04,0.0,,,,,,,,,0,False
6824,00-0036233,Donovan Peoples-Jones,WR,DET,2023,14,1,0,0,1,0,1,1.57,1.6,157.7,176.0,WR64,6.05,6.0,,,,0,False
6824,00-0036233,Donovan Peoples-Jones,WR,DET,2024,0,0,0,0,0,0,0,1.57,0.0,,,,,,,,,0,True
9486,00-0038393,Dontayvion Wicks,WR,PHI,2023,15,2,4,0,2,0,4,6.68,13.4,,,,,,,,,0,False
9486,00-0038393,Dontayvion Wicks,WR,PHI,2024,17,0,1,0,0,0,1,5.35,0.0,158.9,162.0,WR61,8.18,0.0,161.6,201.0,WR63,1,False
9486,00-0038393,Dontayvion Wicks,WR,PHI,2025,13,4,5,0,4,0,7,4.68,18.7,,,,,,,,,1,False
9486,00-0038393,Dontayvion Wicks,WR,PHI,2026,4,0,0,0,0,0,0,7.93,0.0,,,,,,,,,0,False
1971,00-0031339,Donte Moncrief,WR,NE,2016,9,7,2,0,7,0,4,9.73,68.1,,,,,,67.1,69.0,WR26,1,False
1971,00-0031339,Donte Moncrief,WR,NE,2017,12,4,1,0,4,0,2,5.34,21.4,,,,,,102.2,108.0,WR38,0,False
1971,00-0031339,Donte Moncrief,WR,NE,2018,16,0,0,0,0,0,0,6.8,0.0,161.8,192.0,WR67,7.16,0.0,,,,0,False
1971,00-0031339,Donte Moncrief,WR,NE,2019,4,0,0,0,0,0,0,0.95,0.0,117.6,121.0,WR47,8.76,0.0,133.2,151.0,WR50,0,False
1971,00-0031339,Donte Moncrief,WR,NE,2020,5,1,2,0,1,0,1,0.48,0.5,,,,,,,,,0,False
2291,00-0028411,Dontrelle Inman,WR,WAS,2016,16,0,0,0,0,0,0,8.38,0.0,,,,,,,,,0,False
2291,00-0028411,Dontrelle Inman,WR,WAS,2017,10,3,2,0,3,0,4,5.28,15.8,,,,,,,,,0,False
2291,00-0028411,Dontrelle Inman,WR,WAS,2018,8,1,1,0,1,0,2,7.8,7.8,,,,,,,,,0,False
2291,00-0028411,Dontrelle Inman,WR,WAS,2019,7,7,0,0,0,7,1,3.44,24.1,,,,,,,,,0,False
2291,00-0028411,Dontrelle Inman,WR,WAS,2020,7,3,0,0,3,0,1,5.33,16.0,,,,,,,,,0,False
2345,00-0032218,Dorial Green-Beckham,WR,PHI,2016,14,1,1,0,1,0,1,4.94,4.9,,,,,,125.1,126.0,WR46,0,False
988,00-0028434,Doug Baldwin,WR,SEA,2016,16,0,0,0,0,0,0,12.91,0.0,,,,,,58.2,59.0,WR23,0,False
988,00-0028434,Doug Baldwin,WR,SEA,2017,16,0,1,0,0,0,1,11.61,0.0,,,,,,28.9,31.0,WR11,0,False
988,00-0028434,Doug Baldwin,WR,SEA,2018,13,3,3,0,3,0,3,8.98,26.9,31.9,33.0,WR13,12.46,37.4,41.4,43.0,WR13,1,False
8112,00-0037238,Drake London,WR,ATL,2022,17,0,1,0,0,0,1,8.39,0.0,115.7,107.0,WR43,8.47,0.0,118.6,122.0,WR41,0,False
8112,00-0037238,Drake London,WR,ATL,2023,16,1,0,0,1,0,1,8.74,8.7,56.2,58.0,WR25,9.36,9.4,87.3,90.0,WR31,0,False
8112,00-0037238,Drake London,WR,ATL,2024,17,0,1,0,0,0,1,13.58,0.0,25.1,25.0,WR13,11.59,0.0,34.2,37.0,WR10,1,False
8112,00-0037238,Drake London,WR,ATL,2025,12,5,4,0,5,0,3,13.99,70.0,18.3,19.0,WR9,11.71,58.6,31.7,33.0,WR9,0,False
8112,00-0037238,Drake London,WR,ATL,2026,3,0,0,0,0,0,0,11.77,0.0,,,,,,30.7,31.0,WR7,0,False
297,00-0026182,Eddie Royal,WR,CHI,2016,9,7,5,0,5,2,3,7.93,55.5,,,,,,,,,1,False
2980,00-0031782,Eli Rogers,WR,PIT,2016,13,2,0,0,2,0,1,7.85,15.7,,,,,,,,,0,False
2980,00-0031782,Eli Rogers,WR,PIT,2017,12,0,0,0,0,0,0,2.49,0.0,,,,,,,,,0,False
2980,00-0031782,Eli Rogers,WR,PIT,2018,3,12,0,0,0,12,2,5.17,62.0,,,,,,,,,0,False
2980,00-0031782,Eli Rogers,WR,PIT,2019,0,0,0,0,0,0,0,5.17,0.0,,,,,,,,,0,True
12499,00-0040170,Elic Ayomanor,WR,TEN,2025,16,1,1,0,1,0,1,6.0,6.0,,,,,,,,,0,False
12499,00-0040170,Elic Ayomanor,WR,TEN,2026,4,0,0,0,0,0,0,4.95,0.0,,,,,,,,,0,False
7596,00-0036980,Elijah Moore,WR,PHI,2021,11,6,0,0,1,5,2,10.61,63.7,134.0,141.0,WR53,8.62,51.7,152.0,183.0,WR56,0,False
7596,00-0036980,Elijah Moore,WR,PHI,2022,14,1,0,0,1,0,1,4.97,5.0,91.8,87.0,WR35,9.09,9.1,113.0,115.0,WR38,0,False
7596,00-0036980,Elijah Moore,WR,PHI,2023,16,1,0,0,1,0,1,6.41,6.4,101.4,107.0,WR45,7.29,7.3,125.6,129.0,WR48,0,False
7596,00-0036980,Elijah Moore,WR,PHI,2024,17,0,0,0,0,0,0,5.32,0.0,,,,,,,,,0,False
7596,00-0036980,Elijah Moore,WR,PHI,2025,9,0,0,0,0,0,0,2.68,0.0,,,,,,,,,0,False
7596,00-0036980,Elijah Moore,WR,PHI,2026,0,1,0,0,1,0,1,2.68,2.7,,,,,,,,,0,True
12514,00-0040129,Emeka Egbuka,WR,TB,2025,17,0,2,0,0,0,2,9.66,0.0,81.9,84.0,WR40,8.05,0.0,101.2,105.0,WR41,0,False
12514,00-0040129,Emeka Egbuka,WR,TB,2026,4,0,0,0,0,0,0,7.15,0.0,35.9,21.0,WR9,12.84,0.0,53.5,55.0,WR18,0,False
538,00-0027685,Emmanuel Sanders,WR,BUF,2016,15,0,0,0,0,0,0,11.54,0.0,,,,,,77.1,81.0,WR30,0,False
538,00-0027685,Emmanuel Sanders,WR,BUF,2017,12,4,4,0,4,0,4,7.58,30.3,,,,,,92.8,97.0,WR34,0,False
538,00-0027685,Emmanuel Sanders,WR,BUF,2018,12,4,0,0,0,4,1,13.56,54.2,63.7,66.0,WR28,9.98,39.9,92.2,93.0,WR31,0,False
538,00-0027685,Emmanuel Sanders,WR,BUF,2019,17,0,2,0,0,0,1,9.25,0.0,86.2,90.0,WR35,9.39,0.0,108.7,109.0,WR39,1,False
538,00-0027685,Emmanuel Sanders,WR,BUF,2020,14,1,0,0,0,1,1,9.59,9.6,98.0,102.0,WR41,9.62,9.6,115.5,117.0,WR41,0,False
538,00-0027685,Emmanuel Sanders,WR,BUF,2021,14,3,1,0,3,0,3,7.91,23.7,,,,,,,,,1,False
558,00-0027690,Eric Decker,WR,NE,2016,3,13,0,0,2,11,2,11.97,155.6,,,,,,70.5,70.0,WR27,0,False
558,00-0027690,Eric Decker,WR,NE,2017,16,0,0,0,0,0,0,5.58,0.0,,,,,,101.5,105.0,WR36,0,False
558,00-0027690,Eric Decker,WR,NE,2018,0,0,0,0,0,0,0,5.58,0.0,,,,,,,,,0,True
7135,00-0036247,Freddie Swain,WR,CHI,2021,17,0,0,0,0,0,0,4.35,0.0,,,,,,,,,0,False
7135,00-0036247,Freddie Swain,WR,CHI,2022,3,0,0,0,0,0,0,3.13,0.0,,,,,,,,,0,False
7135,00-0036247,Freddie Swain,WR,CHI,2023,0,0,0,0,0,0,0,3.13,0.0,,,,,,,,,0,True
7135,00-0036247,Freddie Swain,WR,CHI,2024,0,0,0,0,0,0,0,3.13,0.0,,,,,,,,,0,True
6943,00-0036196,Gabe Davis,WR,BUF,2020,16,0,0,0,0,0,0,7.46,0.0,,,,,,,,,0,False
6943,00-0036196,Gabe Davis,WR,BUF,2021,15,2,0,0,1,1,2,7.23,14.5,175.5,217.0,WR71,7.98,16.0,115.7,122.0,WR42,0,False
6943,00-0036196,Gabe Davis,WR,BUF,2022,15,1,2,0,1,0,1,9.84,9.8,64.5,65.0,WR27,9.87,9.9,78.2,82.0,WR27,0,False
6943,00-0036196,Gabe Davis,WR,BUF,2023,16,0,0,0,0,0,0,8.68,0.0,83.0,86.0,WR37,7.98,0.0,109.1,112.0,WR41,0,False
6943,00-0036196,Gabe Davis,WR,BUF,2024,10,7,3,0,1,6,4,4.39,30.7,164.2,174.0,WR63,8.11,56.8,163.2,206.0,WR65,1,False
6943,00-0036196,Gabe Davis,WR,BUF,2025,6,0,0,0,0,0,0,4.15,0.0,,,,,,,,,0,False
8146,00-0037740,Garrett Wilson,WR,NYJ,2022,17,0,0,0,0,0,0,10.25,0.0,,,,,,,,,0,False
8146,00-0037740,Garrett Wilson,WR,NYJ,2023,17,0,1,0,0,0,1,9.75,0.0,17.3,18.0,WR10,12.6,0.0,17.9,18.0,WR6,0,False
8146,00-0037740,Garrett Wilson,WR,NYJ,2024,17,0,0,0,0,0,0,11.85,0.0,13.3,14.0,WR7,12.96,0.0,24.4,25.0,WR7,0,False
8146,00-0037740,Garrett Wilson,WR,NYJ,2025,7,10,1,0,2,8,2,11.64,116.4,44.0,45.0,WR20,9.75,97.5,64.8,67.0,WR23,1,False
8146,00-0037740,Garrett Wilson,WR,NYJ,2026,4,0,0,0,0,0,0,12.75,0.0,,,,,,57.2,61.0,WR21,0,False
8137,00-0037247,George Pickens,WR,DAL,2022,17,0,0,0,0,0,0,8.26,0.0,121.1,112.0,WR44,8.4,0.0,131.9,134.0,WR45,0,False
8137,00-0037247,George Pickens,WR,DAL,2023,17,0,0,0,0,0,0,10.43,0.0,76.5,80.0,WR35,8.18,0.0,99.2,102.0,WR37,0,False
8137,00-0037247,George Pickens,WR,DAL,2024,14,3,0,0,3,0,1,9.64,28.9,54.7,57.0,WR29,9.82,29.5,65.5,69.0,WR25,0,False
8137,00-0037247,George Pickens,WR,DAL,2025,17,0,0,0,0,0,0,14.44,0.0,62.0,64.0,WR30,8.75,0.0,73.2,76.0,WR28,0,False
8137,00-0037247,George Pickens,WR,DAL,2026,4,0,0,0,0,0,0,7.88,0.0,,,,,,38.4,37.0,WR9,0,False
3503,00-0032626,Geronimo Allison,WR,ATL,2018,5,11,0,0,3,8,3,10.46,115.1,142.2,149.0,WR58,7.62,83.8,165.9,199.0,WR64,0,False
3503,00-0032626,Geronimo Allison,WR,ATL,2019,15,0,1,0,0,0,1,3.89,0.0,98.7,101.0,WR40,9.11,0.0,117.7,118.0,WR43,0,False
3503,00-0032626,Geronimo Allison,WR,ATL,2020,0,10,0,0,0,10,1,3.89,38.9,,,,,,,,,0,True
3503,00-0032626,Geronimo Allison,WR,ATL,2021,1,0,0,0,0,0,0,0.0,0.0,,,,,,,,,0,False
3503,00-0032626,Geronimo Allison,WR,ATL,2022,0,0,0,0,0,0,0,0.0,0.0,,,,,,,,,0,True
642,00-0027891,Golden Tate,WR,TEN,2016,16,0,1,0,0,0,1,11.1,0.0,,,,,,55.0,57.0,WR22,0,False
642,00-0027891,Golden Tate,WR,TEN,2017,16,0,1,0,0,0,1,11.16,0.0,,,,,,75.4,77.0,WR26,0,False
642,00-0027891,Golden Tate,WR,TEN,2018,15,0,1,0,0,0,1,9.73,0.0,50.0,50.0,WR22,10.76,0.0,68.8,70.0,WR24,0,False
642,00-0027891,Golden Tate,WR,TEN,2019,11,1,0,0,1,0,1,11.79,11.8,128.4,133.0,WR51,8.59,8.6,136.4,157.0,WR52,0,False
642,00-0027891,Golden Tate,WR,TEN,2020,12,4,2,0,4,0,4,5.75,23.0,141.2,150.0,WR56,8.7,34.8,148.4,156.0,WR54,0,False
642,00-0027891,Golden Tate,WR,TEN,2021,0,0,0,0,0,0,0,5.75,0.0,,,,,,,,,0,True
5970,00-0035500,Greg Dortch,WR,BUF,2022,16,1,1,0,1,0,2,5.57,5.6,,,,,,,,,0,False
5970,00-0035500,Greg Dortch,WR,BUF,2023,16,1,2,0,1,0,2,3.28,3.3,,,,,,,,,1,False
5970,00-0035500,Greg Dortch,WR,BUF,2024,17,0,1,0,0,0,1,4.22,0.0,,,,,,,,,0,False
5970,00-0035500,Greg Dortch,WR,BUF,2025,12,5,1,0,0,5,2,5.05,25.2,,,,,,,,,0,False
5970,00-0035500,Greg Dortch,WR,BUF,2026,4,0,0,0,0,0,0,0.0,0.0,,,,,,,,,0,False
6744,00-0033733,Greg Ward,WR,PHI,2020,16,0,0,0,0,0,0,6.66,0.0,,,,,,,,,0,False
6744,00-0033733,Greg Ward,WR,PHI,2021,10,0,0,0,0,0,0,3.11,0.0,,,,,,,,,0,False
6744,00-0033733,Greg Ward,WR,PHI,2022,0,1,0,0,0,1,1,3.11,3.1,,,,,,,,,0,True
6744,00-0033733,Greg Ward,WR,PHI,2023,0,0,0,0,0,0,0,3.11,0.0,,,,,,,,,0,True
6789,00-0036357,Henry Ruggs III,WR,LV,2020,13,3,2,0,2,1,2,5.47,16.4,114.1,118.0,WR47,9.22,27.7,130.3,135.0,WR47,0,False
6789,00-0036357,Henry Ruggs III,WR,LV,2021,7,0,0,0,0,0,0,10.36,0.0,122.5,128.0,WR50,8.75,0.0,150.5,180.0,WR54,0,False
5955,00-0034983,Hunter Renfrow,WR,CAR,2019,13,3,0,0,3,0,1,8.38,25.1,,,,,,,,,0,False
5955,00-0034983,Hunter Renfrow,WR,CAR,2020,16,0,0,0,0,0,0,6.47,0.0,,,,,,,,,0,False
5955,00-0034983,Hunter Renfrow,WR,CAR,2021,17,0,0,0,0,0,0,12.21,0.0,,,,,,,,,0,False
5955,00-0034983,Hunter Renfrow,WR,CAR,2022,10,7,1,0,2,5,3,6.1,42.7,,,,,,90.6,94.0,WR32,0,False
5955,00-0034983,Hunter Renfrow,WR,CAR,2023,14,0,0,0,0,0,0,2.57,0.0,143.1,154.0,WR60,6.28,0.0,,,,0,False
5955,00-0034983,Hunter Renfrow,WR,CAR,2025,6,0,0,0,0,0,0,4.73,0.0,,,,,,,,,0,False
12535,00-0040669,Isaac TeSlaa,WR,DET,2025,14,0,3,0,0,0,2,4.85,0.0,,,,,,,,,0,False
12535,00-0040669,Isaac TeSlaa,WR,DET,2026,4,0,0,0,0,0,0,5.8,0.0,,,,,,,,,0,False
6920,00-0036165,Isaiah Hodgins,WR,PIT,2022,9,0,0,0,0,0,0,9.08,0.0,,,,,,,,,0,False
6920,00-0036165,Isaiah Hodgins,WR,PIT,2023,14,0,0,0,0,0,0,3.54,0.0,,,,,,,,,0,False
6920,00-0036165,Isaiah Hodgins,WR,PIT,2024,2,0,0,0,0,0,0,1.1,0.0,,,,,,,,,0,False
6920,00-0036165,Isaiah Hodgins,WR,PIT,2025,6,0,0,0,0,0,0,3.75,0.0,,,,,,,,,0,False
6920,00-0036165,Isaiah Hodgins,WR,PIT,2026,0,0,0,0,0,0,0,3.75,0.0,,,,,,,,,0,True
4197,00-0033466,Isaiah McKenzie,WR,MIA,2020,15,1,0,0,1,0,1,5.64,5.6,,,,,,,,,0,False
4197,00-0033466,Isaiah McKenzie,WR,MIA,2021,15,0,0,0,0,0,0,2.97,0.0,,,,,,,,,0,False
4197,00-0033466,Isaiah McKenzie,WR,MIA,2022,15,1,0,0,1,0,1,6.59,6.6,,,,,,152.6,176.0,WR55,0,False
4197,00-0033466,Isaiah McKenzie,WR,MIA,2023,13,3,0,0,0,3,1,1.16,3.5,,,,,,,,,0,False
4197,00-0033466,Isaiah McKenzie,WR,MIA,2024,0,1,0,0,0,1,1,1.16,1.2,,,,,,,,,0,True
2462,00-0032112,J.J. Nelson,WR,IND,2016,14,2,0,0,2,0,1,8.72,17.4,,,,,,,,,1,False
2462,00-0032112,J.J. Nelson,WR,IND,2017,16,0,4,0,0,0,2,4.94,0.0,,,,,,,,,0,False
2462,00-0032112,J.J. Nelson,WR,IND,2018,9,1,0,0,1,0,1,1.1,1.1,,,,,,,,,0,False
2462,00-0032112,J.J. Nelson,WR,IND,2019,1,3,0,0,3,0,2,11.6,34.8,,,,,,,,,0,False
2462,00-0032112,J.J. Nelson,WR,IND,2020,0,0,0,0,0,0,0,11.6,0.0,,,,,,,,,0,True
2462,00-0032112,J.J. Nelson,WR,IND,2021,0,8,0,0,0,8,1,11.6,92.8,,,,,,,,,0,True
7564,00-0036900,Ja'Marr Chase,WR,CIN,2021,17,0,0,0,0,0,0,15.54,0.0,77.3,80.0,WR30,9.87,0.0,89.4,92.0,WR29,0,False
7564,00-0036900,Ja'Marr Chase,WR,CIN,2022,12,4,1,0,4,0,2,16.57,66.3,8.9,8.0,WR3,16.45,65.8,14.2,15.0,WR3,0,False
7564,00-0036900,Ja'Marr Chase,WR,CIN,2023,16,1,2,0,1,0,2,13.29,13.3,5.6,6.0,WR3,16.84,16.8,8.4,8.0,WR2,0,False
7564,00-0036900,Ja'Marr Chase,WR,CIN,2024,17,0,1,0,0,0,1,19.97,0.0,6.3,6.0,WR3,14.83,0.0,13.6,14.0,WR3,0,False
7564,00-0036900,Ja'Marr Chase,WR,CIN,2025,16,1,1,0,0,1,2,15.69,15.7,1.5,1.0,WR1,17.11,17.1,8.2,8.0,WR1,0,False
7564,00-0036900,Ja'Marr Chase,WR,CIN,2026,4,0,0,0,0,0,0,12.43,0.0,3.4,4.0,WR2,16.91,0.0,7.4,9.0,WR2,0,False
8119,00-0037741,Jahan Dotson,WR,ATL,2022,12,5,0,0,5,0,1,9.42,47.1,,,,,,151.8,175.0,WR54,0,False
8119,00-0037741,Jahan Dotson,WR,ATL,2023,17,0,0,0,0,0,0,5.9,0.0,78.8,82.0,WR36,8.08,0.0,111.5,116.0,WR43,0,False
8119,00-0037741,Jahan Dotson,WR,ATL,2024,14,0,0,0,0,0,0,2.31,0.0,,,,,,165.6,210.0,WR66,0,False
8119,00-0037741,Jahan Dotson,WR,ATL,2025,15,0,0,0,0,0,0,2.75,0.0,,,,,,,,,0,False
8119,00-0037741,Jahan Dotson,WR,ATL,2026,3,0,0,0,0,0,0,2.03,0.0,,,,,,,,,0,False
3342,00-0032791,Jakeem Grant,WR,ATL,2018,10,6,2,0,1,5,3,6.18,37.1,,,,,,,,,1,False
3342,00-0032791,Jakeem Grant,WR,ATL,2019,9,7,0,0,2,5,2,4.27,29.9,,,,,,,,,1,False
3342,00-0032791,Jakeem Grant,WR,ATL,2020,14,2,3,0,2,0,4,4.95,9.9,,,,,,,,,0,False
3342,00-0032791,Jakeem Grant,WR,ATL,2021,15,2,3,0,1,1,4,2.53,5.1,,,,,,,,,0,False
3342,00-0032791,Jakeem Grant,WR,ATL,2022,0,17,0,0,0,17,2,2.53,43.0,,,,,,,,,0,True
3342,00-0032791,Jakeem Grant,WR,ATL,2023,0,17,0,0,0,17,2,2.53,43.0,,,,,,,,,0,True
3342,00-0032791,Jakeem Grant,WR,ATL,2024,0,0,0,0,0,0,0,2.53,0.0,,,,,,,,,0,True
5947,00-0034960,Jakobi Meyers,WR,JAX,2020,12,0,0,0,0,0,0,9.42,0.0,,,,,,,,,0,False
5947,00-0034960,Jakobi Meyers,WR,JAX,2021,16,0,2,0,0,0,1,9.05,0.0,135.2,144.0,WR54,8.58,0.0,144.6,169.0,WR52,0,False
5947,00-0034960,Jakobi Meyers,WR,JAX,2022,14,3,7,0,3,0,6,10.63,31.9,,,,,,,,,1,False
5947,00-0034960,Jakobi Meyers,WR,JAX,2023,16,1,0,0,1,0,1,11.44,11.4,132.9,139.0,WR57,6.46,6.5,125.9,130.0,WR49,0,False
5947,00-0034960,Jakobi Meyers,WR,JAX,2024,15,2,2,0,2,0,3,11.63,23.3,160.4,168.0,WR62,8.14,16.3,136.5,148.0,WR54,0,False
5947,00-0034960,Jakobi Meyers,WR,JAX,2025,16,1,0,0,1,0,1,8.64,8.6,79.0,81.0,WR38,8.17,8.2,95.0,97.0,WR37,0,False
5947,00-0034960,Jakobi Meyers,WR,JAX,2026,4,0,0,0,0,0,0,8.8,0.0,,,,,,118.3,121.0,WR45,0,False
11646,00-0039491,Jalen Coker,WR,CAR,2024,11,3,2,0,3,0,3,6.96,20.9,,,,,,,,,1,False
11646,00-0039491,Jalen Coker,WR,CAR,2025,11,6,1,0,0,6,2,6.72,40.3,,,,,,149.6,189.0,WR66,0,False
11646,00-0039491,Jalen Coker,WR,CAR,2026,3,1,1,0,1,0,2,14.4,14.4,,,,,,138.3,148.0,WR57,0,False
6421,00-0035414,Jalen Guyton,WR,LV,2020,16,0,0,0,0,0,0,5.19,0.0,,,,,,,,,0,False
6421,00-0035414,Jalen Guyton,WR,LV,2021,16,1,0,0,0,1,1,5.11,5.1,,,,,,,,,0,False
6421,00-0035414,Jalen Guyton,WR,LV,2022,2,14,0,0,0,14,2,3.7,51.8,,,,,,,,,0,False
6421,00-0035414,Jalen Guyton,WR,LV,2023,7,8,2,0,1,7,4,2.84,22.7,,,,,,,,,0,False
6421,00-0035414,Jalen Guyton,WR,LV,2024,0,0,0,0,0,0,0,2.84,0.0,,,,,,,,,0,True
11618,00-0039855,Jalen McMillan,WR,TB,2024,13,4,1,0,4,0,2,8.99,36.0,,,,,,,,,0,False
11618,00-0039855,Jalen McMillan,WR,TB,2025,4,13,1,0,0,13,3,5.97,77.6,,,,,,,,,0,False
11618,00-0039855,Jalen McMillan,WR,TB,2026,1,3,0,0,2,1,2,0.0,0.0,,,,,,,,,0,False
8180,00-0037291,Jalen Nailor,WR,LV,2024,15,0,0,0,0,0,0,6.07,0.0,,,,,,,,,0,False
8180,00-0037291,Jalen Nailor,WR,LV,2025,17,0,0,0,0,0,0,5.07,0.0,,,,,,,,,0,False
8180,00-0037291,Jalen Nailor,WR,LV,2026,3,0,0,0,0,0,0,2.57,0.0,,,,,,,,,0,False
6798,00-0036387,Jalen Reagor,WR,MIA,2020,11,5,0,0,1,4,1,6.52,32.6,112.4,117.0,WR46,9.28,46.4,153.9,165.0,WR56,0,False
6798,00-0036387,Jalen Reagor,WR,MIA,2021,17,0,0,0,0,0,0,3.62,0.0,161.0,193.0,WR66,8.14,0.0,,,,0,False
6798,00-0036387,Jalen Reagor,WR,MIA,2022,17,0,0,0,0,0,0,1.35,0.0,,,,,,,,,0,False
6798,00-0036387,Jalen Reagor,WR,MIA,2023,9,0,0,0,0,0,0,2.78,0.0,,,,,,,,,0,False
6798,00-0036387,Jalen Reagor,WR,MIA,2024,7,4,0,0,0,4,1,1.6,6.4,,,,,,,,,0,False
6798,00-0036387,Jalen Reagor,WR,MIA,2025,0,0,0,0,0,0,0,1.6,0.0,,,,,,,,,0,True
6798,00-0036387,Jalen Reagor,WR,MIA,2026,0,0,0,0,0,0,0,1.6,0.0,,,,,,,,,0,True
8117,00-0037666,Jalen Tolbert,WR,MIA,2022,3,0,0,0,0,0,0,0.73,0.0,,,,,,156.8,184.0,WR56,0,False
8117,00-0037666,Jalen Tolbert,WR,MIA,2023,14,1,0,0,1,0,1,3.56,3.6,,,,,,,,,0,False
8117,00-0037666,Jalen Tolbert,WR,MIA,2024,17,0,1,0,0,0,1,7.5,0.0,,,,,,,,,1,False
8117,00-0037666,Jalen Tolbert,WR,MIA,2025,12,0,0,0,0,0,0,3.11,0.0,,,,,,,,,0,False
8117,00-0037666,Jalen Tolbert,WR,MIA,2026,1,0,0,0,0,0,0,0.0,0.0,,,,,,,,,0,False
9497,00-0038938,Jalin Hyatt,WR,NYG,2023,13,0,0,0,0,0,0,3.75,0.0,165.5,191.0,WR70,5.73,0.0,,,,0,False
9497,00-0038938,Jalin Hyatt,WR,NYG,2024,10,1,0,0,1,0,1,1.02,1.0,,,,,,,,,0,False
9497,00-0038938,Jalin Hyatt,WR,NYG,2025,6,1,0,0,1,0,1,1.0,1.0,,,,,,,,,0,False
9497,00-0038938,Jalin Hyatt,WR,NYG,2026,0,0,0,0,0,0,0,1.0,0.0,,,,,,,,,0,True
4198,00-0033572,Jamal Agnew,WR,WAS,2021,10,7,0,0,0,7,1,7.0,49.0,,,,,,,,,1,False
4198,00-0033572,Jamal Agnew,WR,WAS,2022,15,2,1,0,2,0,1,3.92,7.8,,,,,,,,,0,False
4198,00-0033572,Jamal Agnew,WR,WAS,2023,11,6,2,0,1,5,3,3.03,18.2,,,,,,,,,0,False
4198,00-0033572,Jamal Agnew,WR,WAS,2024,0,0,0,0,0,0,0,3.03,0.0,,,,,,,,,0,True
4198,00-0033572,Jamal Agnew,WR,WAS,2025,11,2,1,0,2,0,2,0.0,0.0,,,,,,,,,0,False
5024,00-0034676,James Washington,WR,IND,2019,15,1,0,0,1,0,1,7.43,7.4,113.4,118.0,WR45,8.85,8.8,128.0,139.0,WR46,0,False
5024,00-0034676,James Washington,WR,IND,2020,16,0,0,0,0,0,0,5.26,0.0,,,,,,,,,0,False
5024,00-0034676,James Washington,WR,IND,2021,15,2,0,0,1,1,2,3.59,7.2,,,,,,,,,1,False
5024,00-0034676,James Washington,WR,IND,2022,1,12,0,0,0,12,2,0.0,0.0,,,,,,,,,0,False
5024,00-0034676,James Washington,WR,IND,2023,0,0,0,0,0,0,0,0.0,0.0,,,,,,,,,0,True
8148,00-0037240,Jameson Williams,WR,DET,2023,12,5,1,0,1,4,3,5.69,28.5,112.2,117.0,WR50,6.92,34.6,154.4,185.0,WR59,0,False
8148,00-0037240,Jameson Williams,WR,DET,2024,15,2,1,0,0,2,2,12.21,24.4,99.9,102.0,WR44,8.9,17.8,104.0,108.0,WR38,0,False
8148,00-0037240,Jameson Williams,WR,DET,2025,17,0,0,0,0,0,0,11.02,0.0,53.1,55.0,WR26,9.11,0.0,62.7,64.0,WR22,0,False
8148,00-0037240,Jameson Williams,WR,DET,2026,4,0,0,0,0,0,0,7.73,0.0,,,,,,51.2,51.0,WR16,0,False
2410,00-0031941,Jamison Crowder,WR,WAS,2016,16,0,1,0,0,0,1,10.25,0.0,,,,,,,,,0,False
2410,00-0031941,Jamison Crowder,WR,WAS,2017,15,1,4,0,1,0,4,8.89,8.9,,,,,,81.2,83.0,WR29,0,False
2410,00-0031941,Jamison Crowder,WR,WAS,2018,9,7,1,0,7,0,1,7.59,53.1,83.4,85.0,WR34,9.35,65.5,115.1,118.0,WR39,0,False
2410,00-0031941,Jamison Crowder,WR,WAS,2019,16,0,0,0,0,0,0,9.92,0.0,131.1,135.0,WR52,8.55,0.0,132.9,150.0,WR49,0,False
2410,00-0031941,Jamison Crowder,WR,WAS,2020,12,4,4,0,4,0,3,11.88,47.5,111.0,113.0,WR44,9.41,37.6,132.5,137.0,WR48,0,False
2410,00-0031941,Jamison Crowder,WR,WAS,2021,12,5,1,0,4,1,3,7.02,35.1,,,,,,,,,0,False
2410,00-0031941,Jamison Crowder,WR,WAS,2022,4,12,0,0,0,12,3,2.25,27.0,,,,,,,,,0,False
2410,00-0031941,Jamison Crowder,WR,WAS,2023,16,0,0,0,0,0,0,1.87,0.0,,,,,,,,,0,False
2410,00-0031941,Jamison Crowder,WR,WAS,2024,5,10,1,0,1,9,2,4.74,47.4,,,,,,,,,0,False
1215,00-0029572,Jarius Wright,WR,CAR,2018,16,0,0,0,0,0,0,4.76,0.0,,,,,,,,,0,False
1215,00-0029572,Jarius Wright,WR,CAR,2019,16,0,0,0,0,0,0,2.68,0.0,,,,,,,,,0,False
1215,00-0029572,Jarius Wright,WR,CAR,2020,0,0,0,0,0,0,0,2.68,0.0,,,,,,,,,0,True
1684,00-0030300,Jaron Brown,WR,ARI,2017,16,0,0,0,0,0,0,5.45,0.0,,,,,,,,,0,False
1684,00-0030300,Jaron Brown,WR,ARI,2018,12,0,0,0,0,0,0,4.47,0.0,,,,,,,,,0,False
1684,00-0030300,Jaron Brown,WR,ARI,2019,10,1,0,0,1,0,1,4.0,4.0,,,,,,,,,0,False
1684,00-0030300,Jaron Brown,WR,ARI,2020,0,0,0,0,0,0,0,4.0,0.0,,,,,,,,,0,True
1825,00-0031382,Jarvis Landry,WR,NO,2016,16,0,4,0,0,0,2,11.64,0.0,,,,,,48.1,51.0,WR20,0,False
1825,00-0031382,Jarvis Landry,WR,NO,2017,16,0,2,0,0,0,1,12.75,0.0,,,,,,70.9,73.0,WR25,0,False
1825,00-0031382,Jarvis Landry,WR,NO,2018,16,0,1,0,0,0,1,11.04,0.0,42.1,43.0,WR18,11.41,0.0,58.1,59.0,WR19,0,False
1825,00-0031382,Jarvis Landry,WR,NO,2019,16,0,0,0,0,0,0,12.24,0.0,69.1,71.0,WR29,9.79,0.0,78.6,80.0,WR27,0,False
1825,00-0031382,Jarvis Landry,WR,NO,2020,15,1,2,0,1,0,3,10.13,10.1,85.6,88.0,WR36,10.01,10.0,80.9,81.0,WR29,0,False
1825,00-0031382,Jarvis Landry,WR,NO,2021,12,5,0,0,0,5,2,8.92,44.6,120.6,127.0,WR49,8.79,43.9,149.9,179.0,WR53,1,False
1825,00-0031382,Jarvis Landry,WR,NO,2022,9,8,1,0,5,3,2,5.3,42.4,,,,,,159.4,192.0,WR59,0,False
7049,00-0036259,Jauan Jennings,WR,MIN,2021,13,0,0,0,0,0,0,5.4,0.0,,,,,,,,,0,False
7049,00-0036259,Jauan Jennings,WR,MIN,2022,16,1,0,0,1,0,1,4.07,4.1,,,,,,,,,0,False
7049,00-0036259,Jauan Jennings,WR,MIN,2023,13,4,0,0,4,0,2,3.23,12.9,,,,,,,,,0,False
7049,00-0036259,Jauan Jennings,WR,MIN,2024,15,2,0,0,2,0,1,11.47,22.9,,,,,,,,,0,False
7049,00-0036259,Jauan Jennings,WR,MIN,2025,15,2,3,0,2,0,2,9.72,19.4,,,,,,97.5,101.0,WR39,0,False
7049,00-0036259,Jauan Jennings,WR,MIN,2026,3,1,0,0,1,0,1,0.63,0.6,,,,,,,,,0,False
9488,00-0038543,Jaxon Smith-Njigba,WR,SEA,2023,17,0,0,0,0,0,0,6.96,0.0,89.5,92.0,WR39,7.8,0.0,102.9,105.0,WR38,0,False
9488,00-0038543,Jaxon Smith-Njigba,WR,SEA,2024,17,0,0,0,0,0,0,11.94,0.0,94.7,100.0,WR43,8.95,0.0,111.8,115.0,WR42,0,False
9488,00-0038543,Jaxon Smith-Njigba,WR,SEA,2025,17,0,1,0,0,0,1,17.67,0.0,39.5,42.0,WR19,9.88,0.0,57.5,59.0,WR19,0,False
9488,00-0038543,Jaxon Smith-Njigba,WR,SEA,2026,4,0,0,0,0,0,0,25.16,0.0,,,,,,14.0,14.0,WR3,0,False
12484,00-0040130,Jayden Higgins,WR,HOU,2025,17,0,0,0,0,0,0,6.41,0.0,124.4,127.0,WR55,7.27,0.0,134.2,146.0,WR57,0,False
12484,00-0040130,Jayden Higgins,WR,HOU,2026,0,4,0,0,0,4,1,6.41,25.6,,,,,,,,,0,True
10222,00-0039146,Jayden Reed,WR,GB,2023,16,1,2,0,1,0,3,11.57,11.6,,,,,,,,,0,False
10222,00-0039146,Jayden Reed,WR,GB,2024,17,0,1,0,0,0,1,9.97,0.0,63.1,67.0,WR32,9.6,0.0,131.2,142.0,WR53,0,False
10222,00-0039146,Jayden Reed,WR,GB,2025,5,12,2,0,2,10,3,7.8,93.6,104.3,105.0,WR49,7.55,90.6,103.7,107.0,WR42,0,False
10222,00-0039146,Jayden Reed,WR,GB,2026,2,2,0,0,1,1,1,2.2,4.4,87.2,39.0,WR18,10.96,21.9,104.6,107.0,WR41,0,False
7526,00-0036613,Jaylen Waddle,WR,DEN,2021,16,1,0,0,0,1,1,12.24,12.2,105.2,109.0,WR43,9.08,9.1,128.1,135.0,WR44,0,False
7526,00-0036613,Jaylen Waddle,WR,DEN,2022,17,0,3,0,0,0,2,13.04,0.0,38.8,40.0,WR15,11.63,0.0,64.9,68.0,WR19,0,False
7526,00-0036613,Jaylen Waddle,WR,DEN,2023,14,3,0,0,3,0,2,11.61,34.8,22.8,21.0,WR11,12.26,36.8,33.8,35.0,WR12,0,False
7526,00-0036613,Jaylen Waddle,WR,DEN,2024,15,2,1,0,2,0,1,8.04,16.1,30.9,32.0,WR16,11.13,22.3,43.5,45.0,WR15,1,False
7526,00-0036613,Jaylen Waddle,WR,DEN,2025,16,1,1,0,1,0,2,10.13,10.1,66.5,68.0,WR31,8.67,8.7,84.2,88.0,WR32,1,False
7526,00-0036613,Jaylen Waddle,WR,DEN,2026,4,0,0,0,0,0,0,8.97,0.0,44.0,26.0,WR12,12.06,0.0,67.4,69.0,WR25,0,False
817,00-0028091,Jeremy Kerley,WR,BUF,2016,16,0,1,0,0,0,1,7.29,0.0,,,,,,,,,0,False
817,00-0028091,Jeremy Kerley,WR,BUF,2017,8,0,0,0,0,0,0,4.84,0.0,,,,,,,,,0,False
817,00-0028091,Jeremy Kerley,WR,BUF,2018,1,0,0,0,0,0,0,1.7,0.0,,,,,,,,,0,False
411,00-0026995,Jeremy Maclin,WR,BAL,2016,12,4,1,0,4,0,1,7.29,29.2,,,,,,59.9,61.0,WR24,1,False
411,00-0026995,Jeremy Maclin,WR,BAL,2017,12,4,4,0,4,0,4,6.83,27.3,,,,,,108.9,118.0,WR41,1,False
1290,00-0029159,Jermaine Kearse,WR,DET,2016,16,0,0,0,0,0,0,4.84,0.0,,,,,,,,,0,False
1290,00-0029159,Jermaine Kearse,WR,DET,2017,16,0,0,0,0,0,0,8.97,0.0,,,,,,,,,0,False
1290,00-0029159,Jermaine Kearse,WR,DET,2018,13,2,0,0,2,0,2,4.74,9.5,,,,,,,,,0,False
1290,00-0029159,Jermaine Kearse,WR,DET,2019,0,16,0,0,0,16,2,4.74,75.8,,,,,,,,,0,True
1290,00-0029159,Jermaine Kearse,WR,DET,2020,0,0,0,0,0,0,0,4.74,0.0,,,,,,,,,0,True
6783,00-0036407,Jerry Jeudy,WR,CLE,2020,16,0,4,0,0,0,4,8.22,0.0,111.6,114.0,WR45,9.35,0.0,152.8,164.0,WR55,0,False
6783,00-0036407,Jerry Jeudy,WR,CLE,2021,10,7,0,0,0,7,2,6.6,46.2,68.1,71.0,WR27,10.1,70.7,83.0,86.0,WR28,0,False
6783,00-0036407,Jerry Jeudy,WR,CLE,2022,15,2,3,0,2,0,3,11.38,22.8,63.6,64.0,WR26,9.98,20.0,77.0,79.0,WR26,2,False
6783,00-0036407,Jerry Jeudy,WR,CLE,2023,16,1,1,0,1,0,2,7.17,7.2,45.4,46.0,WR21,9.98,10.0,84.6,88.0,WR29,0,False
6783,00-0036407,Jerry Jeudy,WR,CLE,2024,17,0,0,0,0,0,0,11.52,0.0,127.7,131.0,WR55,8.41,0.0,158.7,196.0,WR60,0,False
6783,00-0036407,Jerry Jeudy,WR,CLE,2025,17,0,0,0,0,0,0,5.63,0.0,60.1,61.0,WR28,8.92,0.0,80.0,84.0,WR30,0,False
6783,00-0036407,Jerry Jeudy,WR,CLE,2026,3,0,0,0,0,0,0,2.9,0.0,,,,,,136.7,142.0,WR56,0,False
2238,00-0031051,John Brown,WR,BUF,2016,15,1,6,0,1,0,2,5.61,5.6,,,,,,88.3,92.0,WR34,0,False
2238,00-0031051,John Brown,WR,BUF,2017,10,6,4,0,6,0,3,5.94,35.6,,,,,,124.3,144.0,WR49,0,False
2238,00-0031051,John Brown,WR,BUF,2018,16,0,1,0,0,0,1,7.68,0.0,130.0,136.0,WR53,7.91,0.0,158.3,177.0,WR60,0,False
2238,00-0031051,John Brown,WR,BUF,2019,15,0,0,0,0,0,0,12.25,0.0,131.3,136.0,WR53,8.51,0.0,,,,0,False
2238,00-0031051,John Brown,WR,BUF,2020,9,7,1,0,2,5,2,8.92,62.4,131.4,138.0,WR52,8.92,62.4,123.0,128.0,WR44,0,False
2238,00-0031051,John Brown,WR,BUF,2021,3,0,0,0,0,0,0,0.0,0.0,,,,,,,,,0,False
2238,00-0031051,John Brown,WR,BUF,2022,2,0,0,0,0,0,0,5.35,0.0,,,,,,,,,0,False
4038,00-0033460,John Ross,WR,PHI,2017,3,9,1,0,5,4,3,-0.27,-2.4,,,,,,117.5,127.0,WR44,0,False
4038,00-0033460,John Ross,WR,PHI,2018,13,3,1,0,3,0,3,5.72,17.2,154.8,167.0,WR61,7.46,22.4,160.2,183.0,WR61,1,False
4038,00-0033460,John Ross,WR,PHI,2019,8,8,0,0,0,8,2,10.12,81.0,,,,,,,,,0,False
4038,00-0033460,John Ross,WR,PHI,2020,2,11,0,0,3,8,3,1.35,14.9,,,,,,,,,0,False
4038,00-0033460,John Ross,WR,PHI,2021,9,8,3,0,3,5,7,3.94,31.5,,,,,,,,,1,False
4038,00-0033460,John Ross,WR,PHI,2023,0,0,0,0,0,0,0,3.94,0.0,,,,,,,,,0,True
4038,00-0033460,John Ross,WR,PHI,2024,1,0,0,0,0,0,0,1.1,0.0,,,,,,,,,0,False
10225,00-0039062,Jonathan Mingo,WR,DAL,2023,15,2,0,0,1,1,2,4.22,8.4,,,,,,,,,1,False
10225,00-0039062,Jonathan Mingo,WR,DAL,2024,14,0,0,0,0,0,0,1.69,0.0,,,,,,,,,0,False
10225,00-0039062,Jonathan Mingo,WR,DAL,2025,5,8,0,0,1,7,2,0.6,4.8,,,,,,,,,0,False
10225,00-0039062,Jonathan Mingo,WR,DAL,2026,2,0,0,0,0,0,0,0.75,0.0,,,,,,,,,0,False
9756,00-0038994,Jordan Addison,WR,MIN,2023,17,0,1,0,0,0,1,10.96,0.0,85.4,89.0,WR38,7.89,0.0,105.6,108.0,WR39,1,False
9756,00-0038994,Jordan Addison,WR,MIN,2024,15,2,0,0,2,0,1,12.07,24.1,127.3,130.0,WR54,8.45,16.9,150.7,171.0,WR58,0,False
9756,00-0038994,Jordan Addison,WR,MIN,2025,14,3,0,0,0,3,1,8.15,24.5,100.7,101.0,WR47,7.65,23.0,110.7,115.0,WR45,0,False
9756,00-0038994,Jordan Addison,WR,MIN,2026,4,0,0,0,0,0,0,6.93,0.0,,,,,,102.1,102.0,WR40,0,False
1800,00-0031299,Jordan Matthews,WR,CAR,2016,14,2,4,0,2,0,2,9.64,19.3,,,,,,79.5,83.0,WR31,1,False
1800,00-0031299,Jordan Matthews,WR,CAR,2017,10,6,3,0,2,4,3,4.47,26.8,,,,,,128.3,160.0,WR51,0,False
1800,00-0031299,Jordan Matthews,WR,CAR,2018,11,0,0,0,0,0,0,4.73,0.0,,,,,,,,,0,False
1800,00-0031299,Jordan Matthews,WR,CAR,2019,2,0,0,0,0,0,0,2.65,0.0,,,,,,,,,0,False
1800,00-0031299,Jordan Matthews,WR,CAR,2020,0,0,0,0,0,0,0,2.65,0.0,,,,,,,,,0,True
1800,00-0031299,Jordan Matthews,WR,CAR,2021,0,0,0,0,0,0,0,2.65,0.0,,,,,,,,,0,True
1800,00-0031299,Jordan Matthews,WR,CAR,2022,0,17,0,0,0,17,2,2.65,45.0,,,,,,,,,0,True
1800,00-0031299,Jordan Matthews,WR,CAR,2023,0,0,0,0,0,0,0,2.65,0.0,,,,,,,,,0,True
1800,00-0031299,Jordan Matthews,WR,CAR,2024,2,0,0,0,0,0,0,0.0,0.0,,,,,,,,,0,False
175,00-0026176,Jordy Nelson,WR,LV,2016,16,0,0,0,0,0,0,16.01,0.0,,,,,,20.3,20.0,WR8,0,False
175,00-0026176,Jordy Nelson,WR,LV,2017,14,1,1,0,1,0,2,7.91,7.9,,,,,,14.0,14.0,WR6,1,False
175,00-0026176,Jordy Nelson,WR,LV,2018,15,1,1,0,1,0,1,8.35,8.3,98.1,101.0,WR39,8.91,8.9,125.7,129.0,WR44,0,False
3178,00-0032760,Josh Doctson,WR,ARI,2016,2,14,2,0,4,10,2,3.8,53.2,,,,,,153.5,169.0,WR58,0,False
3178,00-0032760,Josh Doctson,WR,ARI,2017,15,1,1,0,1,0,1,6.82,6.8,,,,,,138.0,193.0,WR63,0,False
3178,00-0032760,Josh Doctson,WR,ARI,2018,15,1,5,0,1,0,5,5.81,5.8,160.7,185.0,WR65,7.26,7.3,140.0,145.0,WR49,0,False
3178,00-0032760,Josh Doctson,WR,ARI,2019,0,9,0,0,0,9,1,5.81,52.3,,,,,,,,,0,True
3178,00-0032760,Josh Doctson,WR,ARI,2020,0,9,0,0,0,9,2,5.81,52.3,,,,,,,,,0,True
3178,00-0032760,Josh Doctson,WR,ARI,2021,0,0,0,0,0,0,0,5.81,0.0,,,,,,,,,0,True
9500,00-0038997,Josh Downs,WR,IND,2023,17,0,2,0,0,0,1,7.24,0.0,,,,,,,,,0,False
9500,00-0038997,Josh Downs,WR,IND,2024,14,3,3,0,3,0,4,10.54,31.6,,,,,,162.8,205.0,WR64,0,False
9500,00-0038997,Josh Downs,WR,IND,2025,16,1,0,0,1,0,1,6.84,6.8,94.2,95.0,WR45,7.76,7.8,122.6,127.0,WR52,0,False
9500,00-0038997,Josh Downs,WR,IND,2026,4,0,0,0,0,0,0,7.17,0.0,,,,,,122.6,125.0,WR47,0,False
1244,00-0029664,Josh Gordon,WR,TEN,2016,0,0,0,0,0,0,0,9.7,0.0,,,,,,121.1,124.0,WR45,0,True
1244,00-0029664,Josh Gordon,WR,TEN,2017,5,0,0,0,0,0,0,9.7,0.0,,,,,,,,,0,False
1244,00-0029664,Josh Gordon,WR,TEN,2018,12,2,6,0,2,0,1,9.85,19.7,44.4,45.0,WR19,11.23,22.5,54.8,57.0,WR18,0,False
1244,00-0029664,Josh Gordon,WR,TEN,2019,11,2,1,0,1,1,1,5.47,10.9,49.5,50.0,WR21,10.47,20.9,94.1,95.0,WR32,1,False
1244,00-0029664,Josh Gordon,WR,TEN,2020,0,5,0,0,0,5,1,5.47,27.3,,,,,,,,,0,True
1244,00-0029664,Josh Gordon,WR,TEN,2021,9,1,0,0,0,1,1,1.3,1.3,,,,,,,,,0,False
1244,00-0029664,Josh Gordon,WR,TEN,2022,1,0,0,0,0,0,0,0.0,0.0,,,,,,,,,0,False
7670,00-0036988,Josh Palmer,WR,BUF,2021,15,0,0,0,0,0,0,5.09,0.0,,,,,,,,,0,False
7670,00-0036988,Josh Palmer,WR,BUF,2022,16,1,1,0,1,0,2,8.33,8.3,,,,,,,,,0,False
7670,00-0036988,Josh Palmer,WR,BUF,2023,10,7,1,0,1,6,2,8.77,61.4,,,,,,,,,0,False
7670,00-0036988,Josh Palmer,WR,BUF,2024,15,2,1,0,2,0,3,5.86,11.7,122.5,129.0,WR53,8.49,17.0,128.4,136.0,WR52,0,False
7670,00-0036988,Josh Palmer,WR,BUF,2025,12,5,1,0,5,0,4,3.44,17.2,136.9,140.0,WR58,7.13,35.6,142.0,164.0,WR61,0,False
7670,00-0036988,Josh Palmer,WR,BUF,2026,3,0,0,0,0,0,0,7.17,0.0,,,,,,,,,0,False
4171,00-0033943,Josh Reynolds,WR,NYJ,2018,12,0,0,0,0,0,0,7.12,0.0,,,,,,,,,0,False
4171,00-0033943,Josh Reynolds,WR,NYJ,2019,16,0,0,0,0,0,0,3.21,0.0,,,,,,,,,0,False
4171,00-0033943,Josh Reynolds,WR,NYJ,2020,16,0,0,0,0,0,0,6.27,0.0,,,,,,,,,0,False
4171,00-0033943,Josh Reynolds,WR,NYJ,2021,11,3,3,0,2,1,3,6.01,18.0,,,,,,,,,0,False
4171,00-0033943,Josh Reynolds,WR,NYJ,2022,12,4,3,0,4,0,3,7.08,28.3,,,,,,,,,0,False
4171,00-0033943,Josh Reynolds,WR,NYJ,2023,16,1,2,0,1,0,3,6.8,6.8,,,,,,,,,0,False
4171,00-0033943,Josh Reynolds,WR,NYJ,2024,8,8,0,0,0,8,1,3.99,31.9,,,,,,,,,0,False
4171,00-0033943,Josh Reynolds,WR,NYJ,2025,5,12,0,0,2,10,3,3.52,42.2,,,,,,,,,0,False
4040,00-0033857,JuJu Smith-Schuster,WR,KC,2017,14,1,1,0,1,0,2,12.05,12.1,,,,,,,,,0,False
4040,00-0033857,JuJu Smith-Schuster,WR,KC,2018,16,0,1,0,0,0,1,15.09,0.0,40.7,41.0,WR17,11.59,0.0,52.0,53.0,WR17,0,False
4040,00-0033857,JuJu Smith-Schuster,WR,KC,2019,12,4,2,0,4,0,4,7.68,30.7,14.6,14.0,WR5,13.52,54.1,16.2,16.0,WR6,1,False
4040,00-0033857,JuJu Smith-Schuster,WR,KC,2020,16,0,0,0,0,0,0,11.6,0.0,40.8,41.0,WR15,12.62,0.0,72.2,74.0,WR26,0,False
4040,00-0033857,JuJu Smith-Schuster,WR,KC,2021,5,12,0,0,0,12,2,5.46,65.5,88.0,90.0,WR35,9.53,114.4,105.4,109.0,WR36,1,False
4040,00-0033857,JuJu Smith-Schuster,WR,KC,2022,16,1,1,0,1,0,2,9.14,9.1,80.5,80.0,WR32,9.36,9.4,90.8,96.0,WR33,0,False
4040,00-0033857,JuJu Smith-Schuster,WR,KC,2023,11,6,1,0,4,2,2,4.23,25.4,110.7,116.0,WR49,6.99,41.9,117.3,121.0,WR44,0,False
4040,00-0033857,JuJu Smith-Schuster,WR,KC,2024,11,4,0,0,4,0,1,4.01,16.0,,,,,,,,,0,False
4040,00-0033857,JuJu Smith-Schuster,WR,KC,2025,17,0,0,0,0,0,0,3.35,0.0,,,,,,,,,0,False
344,00-0027150,Julian Edelman,WR,NE,2016,16,0,8,0,0,0,2,11.46,0.0,,,,,,51.8,54.0,WR21,0,False
344,00-0027150,Julian Edelman,WR,NE,2017,0,16,0,0,0,16,2,11.46,183.4,,,,,,78.7,82.0,WR28,0,True
344,00-0027150,Julian Edelman,WR,NE,2018,12,0,2,0,0,0,2,14.2,0.0,67.4,67.0,WR29,9.86,0.0,76.2,76.0,WR26,0,False
344,00-0027150,Julian Edelman,WR,NE,2019,16,0,12,0,0,0,3,12.89,0.0,39.7,40.0,WR15,11.19,0.0,44.1,44.0,WR14,0,False
344,00-0027150,Julian Edelman,WR,NE,2020,6,10,5,0,0,10,2,7.62,76.2,81.6,83.0,WR34,10.18,101.8,95.5,97.0,WR35,0,False
947,00-0027944,Julio Jones,WR,PHI,2016,14,2,1,0,2,0,2,15.6,31.2,,,,,,5.3,5.0,WR3,0,False
947,00-0027944,Julio Jones,WR,PHI,2017,16,0,0,0,0,0,0,12.99,0.0,,,,,,6.0,6.0,WR2,0,False
947,00-0027944,Julio Jones,WR,PHI,2018,16,0,1,0,0,0,1,16.84,0.0,14.4,14.0,WR4,16.27,0.0,15.9,17.0,WR4,0,False
947,00-0027944,Julio Jones,WR,PHI,2019,15,1,0,0,1,0,1,14.97,15.0,10.5,11.0,WR3,14.61,14.6,9.9,10.0,WR3,0,False
947,00-0027944,Julio Jones,WR,PHI,2020,9,7,2,0,7,0,2,13.4,93.8,16.4,17.0,WR4,16.55,115.9,17.3,18.0,WR3,2,False
947,00-0027944,Julio Jones,WR,PHI,2021,10,7,1,0,3,4,4,6.49,45.4,44.3,46.0,WR16,11.24,78.7,54.8,55.0,WR15,0,False
947,00-0027944,Julio Jones,WR,PHI,2022,10,7,4,0,7,0,2,5.84,40.9,126.2,113.0,WR45,8.34,58.4,145.1,157.0,WR50,0,False
947,00-0027944,Julio Jones,WR,PHI,2023,8,2,0,0,2,0,2,3.86,7.7,,,,,,,,,0,False
6794,00-0036322,Justin Jefferson,WR,MIN,2020,16,0,0,0,0,0,0,14.39,0.0,135.4,142.0,WR54,8.8,0.0,157.9,179.0,WR59,0,False
6794,00-0036322,Justin Jefferson,WR,MIN,2021,17,0,0,0,0,0,0,16.26,0.0,23.2,24.0,WR7,13.06,0.0,31.1,32.0,WR7,0,False
6794,00-0036322,Justin Jefferson,WR,MIN,2022,17,0,0,0,0,0,0,17.92,0.0,4.8,4.0,WR1,19.75,0.0,7.7,8.0,WR1,0,False
6794,00-0036322,Justin Jefferson,WR,MIN,2023,10,7,1,0,0,7,3,16.82,117.7,1.4,1.0,WR1,20.72,145.0,2.4,2.0,WR1,1,False
6794,00-0036322,Justin Jefferson,WR,MIN,2024,17,0,0,0,0,0,0,15.65,0.0,8.3,8.0,WR5,13.7,0.0,16.8,19.0,WR4,0,False
6794,00-0036322,Justin Jefferson,WR,MIN,2025,17,0,0,0,0,0,0,9.38,0.0,5.9,6.0,WR2,15.41,0.0,13.9,14.0,WR2,0,False
6794,00-0036322,Justin Jefferson,WR,MIN,2026,3,1,0,0,1,0,1,12.8,12.8,14.4,10.0,WR4,15.03,15.0,27.0,27.0,WR5,0,False
5374,00-0034386,Justin Watson,WR,HOU,2023,15,1,0,0,1,0,1,5.03,5.0,,,,,,,,,0,False
5374,00-0034386,Justin Watson,WR,HOU,2024,15,0,0,0,0,0,0,3.46,0.0,,,,,,,,,0,False
5374,00-0034386,Justin Watson,WR,HOU,2025,3,14,0,0,0,14,3,1.5,21.0,,,,,,,,,0,False
8140,00-0037216,Justyn Ross,WR,KC,2023,6,1,0,0,0,1,1,1.38,1.4,166.5,192.0,WR71,5.68,5.7,,,,0,False
8140,00-0037216,Justyn Ross,WR,KC,2024,1,0,0,0,0,0,0,0.0,0.0,,,,,,,,,0,False
7066,00-0036345,K.J. Osborn,WR,TEN,2021,17,0,0,0,0,0,0,7.85,0.0,,,,,,,,,0,False
7066,00-0036345,K.J. Osborn,WR,TEN,2022,17,0,0,0,0,0,0,7.39,0.0,,,,,,,,,0,False
7066,00-0036345,K.J. Osborn,WR,TEN,2023,15,1,0,0,1,0,1,6.4,6.4,163.0,183.0,WR66,5.94,5.9,,,,1,False
7066,00-0036345,K.J. Osborn,WR,TEN,2024,7,3,0,0,3,0,2,2.17,6.5,,,,,,,,,1,False
7066,00-0036345,K.J. Osborn,WR,TEN,2025,0,0,0,0,0,0,0,2.17,0.0,,,,,,,,,0,True
7066,00-0036345,K.J. Osborn,WR,TEN,2026,0,0,0,0,0,0,0,2.17,0.0,,,,,,,,,0,True
13298,00-0041547,KC Concepcion,WR,CLE,2026,4,0,0,0,0,0,0,5.45,0.0,114.4,45.0,WR19,10.81,0.0,133.3,137.0,WR53,0,False
6805,00-0036412,KJ Hamler,WR,BUF,2020,12,3,0,0,2,1,3,6.26,18.8,,,,,,,,,1,False
6805,00-0036412,KJ Hamler,WR,BUF,2021,3,14,0,0,0,14,2,3.3,46.2,,,,,,,,,0,False
6805,00-0036412,KJ Hamler,WR,BUF,2022,6,11,1,0,5,6,2,3.72,40.9,,,,,,,,,0,False
6805,00-0036412,KJ Hamler,WR,BUF,2023,0,0,0,0,0,0,0,3.72,0.0,,,,,,,,,0,True
6805,00-0036412,KJ Hamler,WR,BUF,2024,0,0,0,0,0,0,0,3.72,0.0,,,,,,,,,0,True
6805,00-0036412,KJ Hamler,WR,BUF,2025,0,0,0,0,0,0,0,3.72,0.0,,,,,,,,,0,True
8917,00-0037801,KaVontae Turpin,WR,DAL,2024,17,0,0,0,0,0,0,5.22,0.0,,,,,,,,,0,False
8917,00-0037801,KaVontae Turpin,WR,DAL,2025,15,2,0,0,2,0,1,4.77,9.5,,,,,,,,,0,False
8917,00-0037801,KaVontae Turpin,WR,DAL,2026,4,0,0,0,0,0,0,2.43,0.0,,,,,,,,,0,False
7606,00-0036913,Kadarius Toney,WR,CLE,2021,9,7,3,0,6,1,4,6.98,48.9,,,,,,,,,1,False
7606,00-0036913,Kadarius Toney,WR,CLE,2022,9,9,2,0,9,0,2,5.7,51.3,108.1,103.0,WR41,8.62,77.6,127.0,131.0,WR44,0,False
7606,00-0036913,Kadarius Toney,WR,CLE,2023,13,4,1,0,4,0,3,3.04,12.2,98.1,102.0,WR44,7.37,29.5,125.4,128.0,WR47,0,False
7606,00-0036913,Kadarius Toney,WR,CLE,2024,3,0,0,0,0,0,0,-0.13,-0.0,,,,,,,,,0,False
3634,00-0032464,Kalif Raymond,WR,CHI,2021,16,1,3,0,0,1,2,6.78,6.8,,,,,,,,,0,False
3634,00-0032464,Kalif Raymond,WR,CHI,2022,17,0,1,0,0,0,1,5.45,0.0,,,,,,,,,1,False
3634,00-0032464,Kalif Raymond,WR,CHI,2023,17,0,0,0,0,0,0,4.7,0.0,,,,,,,,,0,False
3634,00-0032464,Kalif Raymond,WR,CHI,2024,12,5,1,0,0,5,1,4.0,20.0,,,,,,,,,0,False
3634,00-0032464,Kalif Raymond,WR,CHI,2025,15,2,2,0,2,0,2,3.65,7.3,,,,,,,,,1,False
3634,00-0032464,Kalif Raymond,WR,CHI,2026,4,0,0,0,0,0,0,9.62,0.0,,,,,,,,,0,False
794,00-0028497,Kamar Aiken,WR,PHI,2016,16,0,3,0,0,0,3,3.33,0.0,,,,,,131.0,137.0,WR51,0,False
794,00-0028497,Kamar Aiken,WR,PHI,2017,14,2,2,0,2,0,4,1.49,3.0,,,,,,,,,0,False
794,00-0028497,Kamar Aiken,WR,PHI,2018,3,0,0,0,0,0,0,2.77,0.0,,,,,,,,,0,False
9504,00-0038608,Kayshon Boutte,WR,HOU,2024,15,0,0,0,0,0,0,6.69,0.0,,,,,,,,,0,False
9504,00-0038608,Kayshon Boutte,WR,HOU,2025,14,3,0,0,3,0,2,7.69,23.1,,,,,,,,,1,False
9504,00-0038608,Kayshon Boutte,WR,HOU,2026,4,0,0,0,0,0,0,4.0,0.0,,,,,,151.2,161.0,WR60,0,False
4622,00-0033681,Keelan Cole,WR,LV,2017,16,0,0,0,0,0,0,6.99,0.0,,,,,,,,,0,False
4622,00-0033681,Keelan Cole,WR,LV,2018,14,0,0,0,0,0,0,5.01,0.0,124.8,129.0,WR50,8.1,0.0,153.5,164.0,WR55,0,False
4622,00-0033681,Keelan Cole,WR,LV,2019,12,0,0,0,0,0,0,5.56,0.0,,,,,,,,,0,False
4622,00-0033681,Keelan Cole,WR,LV,2020,16,0,0,0,0,0,0,7.99,0.0,,,,,,,,,0,False
4622,00-0033681,Keelan Cole,WR,LV,2021,14,3,0,0,2,1,2,4.64,13.9,,,,,,,,,0,False
4622,00-0033681,Keelan Cole,WR,LV,2022,12,0,0,0,0,0,0,2.09,0.0,,,,,,,,,0,False
4622,00-0033681,Keelan Cole,WR,LV,2023,0,0,0,0,0,0,0,2.09,0.0,,,,,,,,,0,True
1479,00-0030279,Keenan Allen,WR,IND,2016,1,15,0,0,0,15,2,9.3,139.5,,,,,,23.1,24.0,WR9,0,False
1479,00-0030279,Keenan Allen,WR,IND,2017,16,0,1,0,0,0,1,14.2,0.0,,,,,,38.0,40.0,WR13,0,False
1479,00-0030279,Keenan Allen,WR,IND,2018,15,0,2,0,0,0,2,14.11,0.0,17.8,17.0,WR6,14.96,0.0,20.3,21.0,WR6,0,False
1479,00-0030279,Keenan Allen,WR,IND,2019,16,0,1,0,0,0,1,13.09,0.0,25.4,26.0,WR11,11.85,0.0,29.4,30.0,WR11,0,False
1479,00-0030279,Keenan Allen,WR,IND,2020,14,2,2,0,1,1,2,13.94,27.9,49.7,51.0,WR21,11.62,23.2,63.2,65.0,WR23,1,False
1479,00-0030279,Keenan Allen,WR,IND,2021,16,1,1,0,0,1,2,12.8,12.8,27.7,29.0,WR9,12.51,12.5,37.4,38.0,WR9,0,False
1479,00-0030279,Keenan Allen,WR,IND,2022,10,7,2,0,7,0,2,13.1,91.7,31.2,30.0,WR12,12.3,86.1,41.8,43.0,WR10,1,False
1479,00-0030279,Keenan Allen,WR,IND,2023,13,4,2,0,4,0,3,17.3,69.2,42.7,44.0,WR20,10.15,40.6,44.8,47.0,WR17,0,False
1479,00-0030279,Keenan Allen,WR,IND,2024,15,2,3,0,2,0,2,9.96,19.9,61.9,66.0,WR31,9.67,19.3,76.1,80.0,WR29,0,False
1479,00-0030279,Keenan Allen,WR,IND,2025,17,0,0,0,0,0,0,8.36,0.0,115.0,113.0,WR51,7.45,0.0,128.7,134.0,WR54,0,False
1479,00-0030279,Keenan Allen,WR,IND,2026,3,1,0,0,1,0,1,7.5,7.5,,,,,,,,,0,False
5007,00-0034366,Keke Coutee,WR,MIA,2019,8,1,0,0,1,0,1,5.23,5.2,148.7,154.0,WR57,8.35,8.3,,,,0,False
5007,00-0034366,Keke Coutee,WR,MIA,2020,8,1,1,0,1,0,2,9.06,9.1,,,,,,,,,0,False
5007,00-0034366,Keke Coutee,WR,MIA,2021,1,0,0,0,0,0,0,1.0,0.0,,,,,,,,,0,False
5007,00-0034366,Keke Coutee,WR,MIA,2022,7,2,0,0,2,0,2,0.07,0.1,,,,,,,,,0,False
5007,00-0034366,Keke Coutee,WR,MIA,2023,0,0,0,0,0,0,0,0.07,0.0,,,,,,,,,0,True
2182,00-0031359,Kelvin Benjamin,WR,KC,2016,16,0,2,0,0,0,2,10.35,0.0,,,,,,40.4,41.0,WR17,0,False
2182,00-0031359,Kelvin Benjamin,WR,KC,2017,14,2,3,0,2,0,3,7.76,15.5,,,,,,61.3,63.0,WR22,1,False
2182,00-0031359,Kelvin Benjamin,WR,KC,2018,15,0,0,0,0,0,0,3.77,0.0,108.9,112.0,WR45,8.44,0.0,118.2,121.0,WR41,0,False
1097,00-0029708,Kendall Wright,WR,ARI,2016,11,3,0,0,3,0,1,6.87,20.6,,,,,,,,,0,False
1097,00-0029708,Kendall Wright,WR,ARI,2017,15,0,0,0,0,0,0,6.46,0.0,,,,,,,,,0,False
1097,00-0029708,Kendall Wright,WR,ARI,2018,0,0,0,0,0,0,0,6.46,0.0,,,,,,,,,0,True
4454,00-0033307,Kendrick Bourne,WR,ARI,2018,16,0,0,0,0,0,0,5.86,0.0,,,,,,,,,0,False
4454,00-0033307,Kendrick Bourne,WR,ARI,2019,16,0,0,0,0,0,0,5.17,0.0,,,,,,,,,0,False
4454,00-0033307,Kendrick Bourne,WR,ARI,2020,15,1,0,0,0,1,1,7.01,7.0,,,,,,,,,0,False
4454,00-0033307,Kendrick Bourne,WR,ARI,2021,17,0,1,0,0,0,1,9.0,0.0,,,,,,,,,0,False
4454,00-0033307,Kendrick Bourne,WR,ARI,2022,16,1,0,0,1,0,1,4.42,4.4,,,,,,,,,1,False
4454,00-0033307,Kendrick Bourne,WR,ARI,2023,8,9,0,0,0,9,2,10.19,91.7,,,,,,,,,0,False
4454,00-0033307,Kendrick Bourne,WR,ARI,2024,12,4,2,0,0,4,2,4.26,17.0,,,,,,,,,0,False
4454,00-0033307,Kendrick Bourne,WR,ARI,2025,14,0,0,0,0,0,0,5.26,0.0,,,,,,,,,0,False
4454,00-0033307,Kendrick Bourne,WR,ARI,2026,3,0,0,0,0,0,0,5.6,0.0,,,,,,,,,0,False
366,00-0027006,Kenny Britt,WR,NE,2016,15,1,2,0,1,0,2,10.81,10.8,,,,,,,,,0,False
366,00-0027006,Kenny Britt,WR,NE,2017,12,4,1,0,4,0,2,3.97,15.9,,,,,,131.6,178.0,WR55,0,False
366,00-0027006,Kenny Britt,WR,NE,2018,0,0,0,0,0,0,0,3.97,0.0,,,,,,,,,0,True
4131,00-0033932,Kenny Golladay,WR,NYG,2017,11,5,2,0,5,0,3,7.33,36.6,,,,,,135.8,190.0,WR62,0,False
4131,00-0033932,Kenny Golladay,WR,NYG,2018,15,1,1,0,1,0,1,11.47,11.5,125.2,130.0,WR51,8.04,8.0,153.8,166.0,WR56,0,False
4131,00-0033932,Kenny Golladay,WR,NYG,2019,16,0,0,0,0,0,0,13.47,0.0,48.3,49.0,WR20,10.58,0.0,59.9,60.0,WR19,0,False
4131,00-0033932,Kenny Golladay,WR,NYG,2020,5,11,1,0,11,0,2,11.16,122.8,26.2,27.0,WR7,14.88,163.7,30.5,31.0,WR8,1,False
4131,00-0033932,Kenny Golladay,WR,NYG,2021,14,3,3,0,3,0,3,5.04,15.1,74.9,76.0,WR29,9.94,29.8,92.3,97.0,WR31,1,False
4131,00-0033932,Kenny Golladay,WR,NYG,2022,6,6,2,0,6,0,4,2.85,17.1,,,,,,,,,0,False
1555,00-0030085,Kenny Stills,WR,NO,2016,16,0,3,0,0,0,1,9.22,0.0,,,,,,,,,1,False
1555,00-0030085,Kenny Stills,WR,NO,2017,16,0,2,0,0,0,2,9.11,0.0,,,,,,,,,0,False
1555,00-0030085,Kenny Stills,WR,NO,2018,15,1,1,0,1,0,1,7.73,7.7,106.2,110.0,WR44,8.52,8.5,140.8,147.0,WR51,0,False
1555,00-0030085,Kenny Stills,WR,NO,2019,13,3,0,0,3,0,2,7.7,23.1,,,,,,,,,1,False
1555,00-0030085,Kenny Stills,WR,NO,2020,7,2,1,0,2,0,3,3.7,7.4,,,,,,,,,0,False
1555,00-0030085,Kenny Stills,WR,NO,2021,7,0,0,0,0,0,0,2.27,0.0,,,,,,,,,0,False
11637,00-0039901,Keon Coleman,WR,BUF,2024,13,4,0,0,4,0,2,7.46,29.8,81.5,84.0,WR39,9.17,36.7,105.5,113.0,WR41,0,False
11637,00-0039901,Keon Coleman,WR,BUF,2025,12,0,0,0,0,0,0,6.95,0.0,92.3,92.0,WR43,7.87,0.0,100.4,103.0,WR40,0,False
11637,00-0039901,Keon Coleman,WR,BUF,2026,4,0,1,0,0,0,1,8.68,0.0,,,,,,,,,0,False
2312,00-0031545,Kevin White,WR,NO,2016,4,12,1,0,0,12,3,7.28,87.4,,,,,,94.1,97.0,WR35,0,False
2312,00-0031545,Kevin White,WR,NO,2017,1,15,0,0,0,15,2,1.6,24.0,,,,,,133.5,184.0,WR59,0,False
2312,00-0031545,Kevin White,WR,NO,2018,3,0,0,0,0,0,0,3.73,0.0,,,,,,,,,0,False
2312,00-0031545,Kevin White,WR,NO,2019,0,0,0,0,0,0,0,3.73,0.0,,,,,,,,,0,True
2312,00-0031545,Kevin White,WR,NO,2020,1,0,0,0,0,0,0,0.0,0.0,,,,,,,,,0,False
2312,00-0031545,Kevin White,WR,NO,2021,4,0,0,0,0,0,0,1.08,0.0,,,,,,,,,0,False
2312,00-0031545,Kevin White,WR,NO,2022,6,1,0,0,1,0,1,1.4,1.4,,,,,,,,,0,False
8134,00-0037261,Khalil Shakir,WR,BUF,2023,16,0,0,0,0,0,0,5.85,0.0,,,,,,,,,0,False
8134,00-0037261,Khalil Shakir,WR,BUF,2024,15,1,1,0,1,0,1,9.63,9.6,104.7,108.0,WR47,8.76,8.8,127.9,135.0,WR51,0,False
8134,00-0037261,Khalil Shakir,WR,BUF,2025,16,0,0,0,0,0,0,8.15,0.0,85.8,88.0,WR41,7.99,0.0,113.2,118.0,WR47,0,False
8134,00-0037261,Khalil Shakir,WR,BUF,2026,4,0,0,0,0,0,0,5.78,0.0,,,,,,129.1,133.0,WR51,0,False
11635,00-0039915,Ladd McConkey,WR,LAC,2024,16,1,4,0,1,0,4,12.49,12.5,88.5,90.0,WR41,9.06,9.1,99.3,104.0,WR36,0,False
11635,00-0039915,Ladd McConkey,WR,LAC,2025,16,0,0,0,0,0,0,9.24,0.0,26.4,26.0,WR12,11.01,0.0,41.7,43.0,WR13,0,False
11635,00-0039915,Ladd McConkey,WR,LAC,2026,4,0,2,0,0,0,2,7.58,0.0,38.9,24.0,WR11,12.29,0.0,65.2,64.0,WR23,0,False
3155,00-0032951,Laquon Treadwell,WR,IND,2016,4,7,0,0,7,0,3,0.5,3.5,,,,,,126.8,130.0,WR48,0,False
3155,00-0032951,Laquon Treadwell,WR,IND,2017,13,0,0,0,0,0,0,2.31,0.0,,,,,,,,,0,False
3155,00-0032951,Laquon Treadwell,WR,IND,2018,15,0,0,0,0,0,0,3.58,0.0,,,,,,,,,0,False
3155,00-0032951,Laquon Treadwell,WR,IND,2019,10,0,0,0,0,0,0,2.89,0.0,,,,,,,,,0,False
3155,00-0032951,Laquon Treadwell,WR,IND,2020,4,0,0,0,0,0,0,4.97,0.0,,,,,,,,,0,False
3155,00-0032951,Laquon Treadwell,WR,IND,2021,12,0,0,0,0,0,0,5.49,0.0,,,,,,,,,0,False
3155,00-0032951,Laquon Treadwell,WR,IND,2022,3,0,0,0,0,0,0,2.4,0.0,,,,,,,,,0,False
3155,00-0032951,Laquon Treadwell,WR,IND,2023,3,0,0,0,0,0,0,0.7,0.0,,,,,,,,,0,False
3155,00-0032951,Laquon Treadwell,WR,IND,2024,0,0,0,0,0,0,0,0.7,0.0,,,,,,,,,0,True
3155,00-0032951,Laquon Treadwell,WR,IND,2025,6,0,0,0,0,0,0,0.0,0.0,,,,,,,,,0,False
3155,00-0032951,Laquon Treadwell,WR,IND,2026,4,0,0,0,0,0,0,4.2,0.0,,,,,,,,,0,False
223,00-0022921,Larry Fitzgerald,WR,ARI,2016,16,0,0,0,0,0,0,11.89,0.0,,,,,,76.2,75.0,WR29,0,False
223,00-0022921,Larry Fitzgerald,WR,ARI,2017,16,0,0,0,0,0,0,12.93,0.0,,,,,,68.9,70.0,WR24,0,False
223,00-0022921,Larry Fitzgerald,WR,ARI,2018,16,0,3,0,0,0,1,9.45,0.0,38.0,39.0,WR16,11.79,0.0,49.1,50.0,WR16,0,False
223,00-0022921,Larry Fitzgerald,WR,ARI,2019,16,0,0,0,0,0,0,8.74,0.0,112.2,116.0,WR44,8.9,0.0,114.9,117.0,WR42,0,False
223,00-0022921,Larry Fitzgerald,WR,ARI,2020,13,3,1,0,1,2,2,5.68,17.0,159.9,185.0,WR64,8.3,24.9,164.8,189.0,WR63,0,False
6814,00-0036268,Laviska Shenault Jr.,WR,BUF,2020,14,2,0,0,2,0,1,9.15,18.3,,,,,,,,,1,False
6814,00-0036268,Laviska Shenault Jr.,WR,BUF,2021,16,1,0,0,0,1,1,5.97,6.0,92.1,96.0,WR37,9.41,9.4,115.7,121.0,WR41,0,False
6814,00-0036268,Laviska Shenault Jr.,WR,BUF,2022,13,2,3,0,2,0,2,4.55,9.1,,,,,,,,,0,False
6814,00-0036268,Laviska Shenault Jr.,WR,BUF,2023,8,9,1,0,3,6,2,2.06,18.5,,,,,,,,,0,False
6814,00-0036268,Laviska Shenault Jr.,WR,BUF,2024,10,1,1,0,1,0,2,1.22,1.2,,,,,,,,,0,False
6814,00-0036268,Laviska Shenault Jr.,WR,BUF,2025,0,0,0,0,0,0,0,1.22,0.0,,,,,,,,,0,True
12519,00-0040735,Luther Burden III,WR,CHI,2025,15,2,0,0,2,0,2,6.96,13.9,148.5,146.0,WR59,7.09,14.2,154.6,197.0,WR69,1,False
12519,00-0040735,Luther Burden III,WR,CHI,2026,4,0,0,0,0,0,0,9.35,0.0,,,,,,75.0,77.0,WR28,0,False
4177,00-0033555,Mack Hollins,WR,NE,2022,17,0,2,0,0,0,1,7.39,0.0,,,,,,,,,0,False
4177,00-0033555,Mack Hollins,WR,NE,2023,12,3,1,0,3,0,2,2.84,8.5,,,,,,,,,0,False
4177,00-0033555,Mack Hollins,WR,NE,2024,17,0,0,0,0,0,0,4.9,0.0,,,,,,,,,0,False
4177,00-0033555,Mack Hollins,WR,NE,2025,14,2,0,0,0,2,1,6.46,12.9,,,,,,,,,0,False
4177,00-0033555,Mack Hollins,WR,NE,2026,4,0,0,0,0,0,0,7.1,0.0,,,,,,,,,0,False
13294,00-0040867,Makai Lemon,WR,PHI,2026,4,0,0,0,0,0,0,2.75,0.0,,,,,,135.0,140.0,WR55,0,False
3273,00-0032400,Malcolm Mitchell,WR,NE,2016,12,3,2,0,3,0,3,6.68,20.0,,,,,,,,,0,False
3273,00-0032400,Malcolm Mitchell,WR,NE,2017,0,16,0,0,1,15,2,6.68,106.9,,,,,,,,,0,True
3273,00-0032400,Malcolm Mitchell,WR,NE,2018,0,0,0,0,0,0,0,6.68,0.0,,,,,,,,,0,True
11632,00-0039337,Malik Nabers,WR,NYG,2024,15,2,3,0,2,0,4,14.61,29.2,52.5,55.0,WR27,9.98,20.0,63.4,66.0,WR23,0,False
11632,00-0039337,Malik Nabers,WR,NYG,2025,4,13,0,0,0,13,2,12.03,156.4,11.0,11.0,WR5,13.16,171.1,23.6,25.0,WR5,1,False
11632,00-0039337,Malik Nabers,WR,NYG,2026,4,0,1,0,0,0,1,8.95,0.0,30.6,20.0,WR8,13.16,0.0,50.4,50.0,WR15,0,False
11610,00-0039880,Malik Washington,WR,MIA,2025,17,0,0,0,0,0,0,5.51,0.0,,,,,,,,,0,False
11610,00-0039880,Malik Washington,WR,MIA,2026,4,0,0,0,0,0,0,7.4,0.0,,,,,,155.6,165.0,WR61,0,False
1413,00-0030460,Markus Wheaton,WR,PHI,2016,3,13,0,0,6,7,3,5.03,65.4,,,,,,107.2,108.0,WR40,0,False
1413,00-0030460,Markus Wheaton,WR,PHI,2017,7,6,0,0,6,0,3,0.94,5.6,,,,,,,,,0,False
1413,00-0030460,Markus Wheaton,WR,PHI,2018,0,0,0,0,0,0,0,0.94,0.0,,,,,,,,,0,True
1987,00-0031431,Marqise Lee,WR,NE,2016,16,0,1,0,0,0,1,9.31,0.0,,,,,,,,,0,False
1987,00-0031431,Marqise Lee,WR,NE,2017,13,3,4,0,3,0,5,9.22,27.7,,,,,,,,,0,False
1987,00-0031431,Marqise Lee,WR,NE,2018,0,16,0,0,0,16,2,9.22,147.5,,,,,,145.5,152.0,WR52,0,True
1987,00-0031431,Marqise Lee,WR,NE,2019,4,12,0,0,4,8,4,0.85,10.2,,,,,,,,,0,False
1987,00-0031431,Marqise Lee,WR,NE,2020,0,10,0,0,0,10,1,0.85,8.5,,,,,,,,,0,True
6989,00-0036219,Marquez Callaway,WR,LV,2021,17,0,0,0,0,0,0,7.58,0.0,113.2,118.0,WR47,8.88,0.0,117.6,124.0,WR43,0,False
6989,00-0036219,Marquez Callaway,WR,LV,2022,10,0,0,0,0,0,0,2.98,0.0,,,,,,,,,0,False
6989,00-0036219,Marquez Callaway,WR,LV,2023,0,0,0,0,0,0,0,2.98,0.0,,,,,,,,,0,True
6989,00-0036219,Marquez Callaway,WR,LV,2024,0,0,0,0,0,0,0,2.98,0.0,,,,,,,,,0,True
6989,00-0036219,Marquez Callaway,WR,LV,2025,0,0,0,0,0,0,0,2.98,0.0,,,,,,,,,0,True
5086,00-0034272,Marquez Valdes-Scantling,WR,LAC,2018,16,0,0,0,0,0,0,5.75,0.0,,,,,,,,,0,False
5086,00-0034272,Marquez Valdes-Scantling,WR,LAC,2019,15,0,1,0,0,0,1,4.74,0.0,101.1,103.0,WR41,9.05,0.0,118.9,123.0,WR44,0,False
5086,00-0034272,Marquez Valdes-Scantling,WR,LAC,2020,14,1,0,0,1,0,1,8.63,8.6,,,,,,,,,0,False
5086,00-0034272,Marquez Valdes-Scantling,WR,LAC,2021,11,6,1,0,0,6,2,6.73,40.4,158.7,187.0,WR64,8.2,49.2,,,,0,False
5086,00-0034272,Marquez Valdes-Scantling,WR,LAC,2022,17,0,1,0,0,0,1,5.96,0.0,,,,,,159.2,191.0,WR58,0,False
5086,00-0034272,Marquez Valdes-Scantling,WR,LAC,2023,16,0,0,0,0,0,0,2.88,0.0,162.8,182.0,WR65,5.99,0.0,,,,0,False
5086,00-0034272,Marquez Valdes-Scantling,WR,LAC,2024,13,1,1,0,1,0,1,5.77,5.8,,,,,,,,,0,False
5086,00-0034272,Marquez Valdes-Scantling,WR,LAC,2025,9,1,0,0,1,0,1,2.78,2.8,,,,,,,,,0,False
5086,00-0034272,Marquez Valdes-Scantling,WR,LAC,2026,2,0,0,0,0,0,0,0.0,0.0,,,,,,,,,0,False
5848,00-0035662,Marquise Brown,WR,PHI,2019,14,2,7,0,2,0,6,8.81,17.6,,,,,,,,,0,False
5848,00-0035662,Marquise Brown,WR,PHI,2020,16,0,2,0,0,0,2,9.62,0.0,59.9,62.0,WR26,10.98,0.0,83.6,83.0,WR30,0,False
5848,00-0035662,Marquise Brown,WR,PHI,2021,16,1,5,0,1,0,4,11.43,11.4,138.7,151.0,WR57,8.46,8.5,162.3,202.0,WR62,0,False
5848,00-0035662,Marquise Brown,WR,PHI,2022,12,5,3,0,0,5,4,10.21,51.1,66.4,67.0,WR28,9.76,48.8,85.4,89.0,WR29,0,False
5848,00-0035662,Marquise Brown,WR,PHI,2023,13,4,5,0,2,2,5,8.4,33.6,70.8,74.0,WR32,8.49,34.0,92.9,94.0,WR34,0,False
5848,00-0035662,Marquise Brown,WR,PHI,2024,2,14,0,0,1,13,2,6.8,95.2,78.2,80.0,WR37,9.28,129.9,92.6,96.0,WR34,0,False
5848,00-0035662,Marquise Brown,WR,PHI,2025,16,1,0,0,1,0,1,7.08,7.1,,,,,,135.6,151.0,WR58,0,False
5848,00-0035662,Marquise Brown,WR,PHI,2026,1,2,0,0,2,0,1,1.2,2.4,,,,,,,,,0,False
1346,00-0030068,Marquise Goodwin,WR,CLE,2016,14,1,1,0,1,0,2,5.4,5.4,,,,,,,,,0,False
1346,00-0030068,Marquise Goodwin,WR,CLE,2017,16,0,2,0,0,0,2,8.79,0.0,,,,,,,,,1,False
1346,00-0030068,Marquise Goodwin,WR,CLE,2018,11,4,2,0,4,0,5,6.9,27.6,53.4,55.0,WR25,10.34,41.4,76.7,78.0,WR27,2,False
1346,00-0030068,Marquise Goodwin,WR,CLE,2019,8,5,0,0,2,3,2,4.01,20.0,153.7,161.0,WR59,8.28,41.4,,,,1,False
1346,00-0030068,Marquise Goodwin,WR,CLE,2020,0,9,0,0,0,9,2,4.01,36.1,,,,,,,,,0,True
1346,00-0030068,Marquise Goodwin,WR,CLE,2021,14,3,4,0,3,0,4,3.37,10.1,,,,,,,,,0,False
1346,00-0030068,Marquise Goodwin,WR,CLE,2022,13,4,3,0,2,2,4,5.9,23.6,,,,,,,,,0,False
1346,00-0030068,Marquise Goodwin,WR,CLE,2023,10,7,1,0,7,0,3,1.2,8.4,,,,,,,,,0,False
1916,00-0031373,Martavis Bryant,WR,WAS,2017,15,0,0,0,0,0,0,7.17,0.0,,,,,,59.8,60.0,WR21,0,False
1916,00-0031373,Martavis Bryant,WR,WAS,2018,7,4,1,0,3,1,2,5.2,20.8,162.8,198.0,WR71,6.97,27.9,165.2,198.0,WR63,0,False
1916,00-0031373,Martavis Bryant,WR,WAS,2023,0,0,0,0,0,0,0,5.2,0.0,,,,,,,,,0,True
1916,00-0031373,Martavis Bryant,WR,WAS,2024,0,0,0,0,0,0,0,5.2,0.0,,,,,,,,,0,True
11628,00-0039849,Marvin Harrison Jr.,WR,ARI,2024,17,0,0,0,0,0,0,9.74,0.0,16.1,17.0,WR9,12.4,0.0,43.4,44.0,WR14,0,False
11628,00-0039849,Marvin Harrison Jr.,WR,ARI,2025,12,5,3,0,4,1,3,8.94,44.7,34.5,37.0,WR17,10.15,50.8,50.8,52.0,WR17,1,False
11628,00-0039849,Marvin Harrison Jr.,WR,ARI,2026,4,0,0,0,0,0,0,4.25,0.0,,,,,,85.1,85.0,WR32,0,False
1067,00-0029293,Marvin Jones,WR,DET,2016,15,1,3,0,1,0,4,9.65,9.7,,,,,,97.3,99.0,WR37,0,False
1067,00-0029293,Marvin Jones,WR,DET,2017,16,0,0,0,0,0,0,12.16,0.0,,,,,,127.9,158.0,WR50,0,False
1067,00-0029293,Marvin Jones,WR,DET,2018,9,7,2,0,2,5,3,10.92,76.4,58.5,60.0,WR26,10.22,71.5,74.8,75.0,WR25,0,False
1067,00-0029293,Marvin Jones,WR,DET,2019,13,3,0,0,0,3,1,12.53,37.6,94.2,96.0,WR38,9.21,27.6,114.6,115.0,WR41,0,False
1067,00-0029293,Marvin Jones,WR,DET,2020,16,0,0,0,0,0,0,11.86,0.0,91.8,93.0,WR37,9.93,0.0,106.8,112.0,WR39,0,False
1067,00-0029293,Marvin Jones,WR,DET,2021,17,0,0,0,0,0,0,8.45,0.0,131.0,138.0,WR52,8.66,0.0,140.4,158.0,WR50,0,False
1067,00-0029293,Marvin Jones,WR,DET,2022,16,1,1,0,1,0,1,5.87,5.9,,,,,,,,,0,False
1067,00-0029293,Marvin Jones,WR,DET,2023,4,1,0,0,1,0,1,1.0,1.0,,,,,,,,,0,False
9494,00-0038976,Marvin Mims Jr.,WR,DEN,2023,16,1,0,0,1,0,1,3.98,4.0,,,,,,,,,0,False
9494,00-0038976,Marvin Mims Jr.,WR,DEN,2024,17,0,0,0,0,0,0,6.47,0.0,167.7,177.0,WR65,8.04,0.0,,,,0,False
9494,00-0038976,Marvin Mims Jr.,WR,DEN,2025,15,2,1,0,2,0,2,5.1,10.2,116.5,115.0,WR52,7.4,14.8,127.5,133.0,WR53,0,False
9494,00-0038976,Marvin Mims Jr.,WR,DEN,2026,2,2,0,0,2,0,1,0.75,1.5,,,,,,,,,0,False
12501,00-0040667,Matthew Golden,WR,GB,2025,14,3,3,0,3,0,3,3.96,11.9,74.1,77.0,WR35,8.38,25.1,85.2,89.0,WR33,0,False
12501,00-0040667,Matthew Golden,WR,GB,2026,4,0,0,0,0,0,0,12.25,0.0,,,,,,111.0,115.0,WR44,0,False
5917,00-0035140,Mecole Hardman,WR,BUF,2019,16,0,0,0,0,0,0,6.91,0.0,139.4,146.0,WR56,8.39,0.0,,,,0,False
5917,00-0035140,Mecole Hardman,WR,BUF,2020,16,0,0,0,0,0,0,6.85,0.0,97.4,101.0,WR40,9.7,0.0,116.0,118.0,WR42,0,False
5917,00-0035140,Mecole Hardman,WR,BUF,2021,17,0,0,0,0,0,0,6.55,0.0,109.5,113.0,WR44,9.03,0.0,131.7,141.0,WR46,0,False
5917,00-0035140,Mecole Hardman,WR,BUF,2022,8,9,0,0,2,7,2,10.16,91.4,,,,,,,,,0,False
5917,00-0035140,Mecole Hardman,WR,BUF,2023,7,6,0,0,1,5,1,2.89,17.3,,,,,,,,,0,False
5917,00-0035140,Mecole Hardman,WR,BUF,2024,12,5,1,0,0,5,2,2.27,11.3,,,,,,,,,0,False
5917,00-0035140,Mecole Hardman,WR,BUF,2025,2,4,1,0,0,4,1,0.0,0.0,,,,,,,,,0,False
455,00-0026986,Michael Crabtree,WR,ARI,2016,16,0,5,0,0,0,3,12.18,0.0,,,,,,98.9,100.0,WR38,0,False
455,00-0026986,Michael Crabtree,WR,ARI,2017,13,1,0,0,1,0,1,10.98,11.0,,,,,,56.9,57.0,WR20,0,False
455,00-0026986,Michael Crabtree,WR,ARI,2018,16,0,0,0,0,0,0,6.61,0.0,72.5,74.0,WR31,9.65,0.0,89.2,90.0,WR30,0,False
455,00-0026986,Michael Crabtree,WR,ARI,2019,2,0,0,0,0,0,0,2.1,0.0,,,,,,,,,0,False
1219,00-0029638,Michael Floyd,WR,BAL,2016,14,1,1,0,1,0,2,6.95,7.0,,,,,,63.8,66.0,WR25,0,False
1219,00-0029638,Michael Floyd,WR,BAL,2017,10,2,1,0,2,0,2,1.28,2.6,,,,,,,,,0,False
1219,00-0029638,Michael Floyd,WR,BAL,2018,10,0,0,0,0,0,0,2.3,0.0,,,,,,,,,0,False
1219,00-0029638,Michael Floyd,WR,BAL,2019,0,0,0,0,0,0,0,2.3,0.0,,,,,,,,,0,True
5038,00-0034764,Michael Gallup,WR,WAS,2018,15,0,1,0,0,0,1,5.41,0.0,132.9,138.0,WR55,7.8,0.0,157.0,174.0,WR58,0,False
5038,00-0034764,Michael Gallup,WR,WAS,2019,14,2,1,0,2,0,1,12.84,25.7,116.9,120.0,WR46,8.81,17.6,132.7,149.0,WR48,0,False
5038,00-0034764,Michael Gallup,WR,WAS,2020,16,0,0,0,0,0,0,8.99,0.0,69.7,72.0,WR29,10.65,0.0,74.5,76.0,WR28,0,False
5038,00-0034764,Michael Gallup,WR,WAS,2021,9,8,0,0,0,8,3,8.22,65.8,135.8,146.0,WR56,8.5,68.0,153.3,186.0,WR57,1,False
5038,00-0034764,Michael Gallup,WR,WAS,2022,14,3,1,0,3,0,2,6.14,18.4,,,,,,136.0,148.0,WR49,0,False
5038,00-0034764,Michael Gallup,WR,WAS,2023,16,0,0,0,0,0,0,4.42,0.0,155.0,171.0,WR63,6.1,0.0,,,,0,False
5038,00-0034764,Michael Gallup,WR,WAS,2024,0,0,0,0,0,0,0,4.42,0.0,,,,,,,,,0,True
5038,00-0034764,Michael Gallup,WR,WAS,2025,0,0,0,0,0,0,0,4.42,0.0,,,,,,,,,0,True
6819,00-0036252,Michael Pittman,WR,PIT,2020,13,3,2,0,0,3,3,6.07,18.2,158.0,181.0,WR62,8.39,25.2,,,,0,False
6819,00-0036252,Michael Pittman,WR,PIT,2021,17,0,1,0,0,0,1,11.45,0.0,97.7,100.0,WR39,9.29,0.0,113.8,118.0,WR39,0,False
6819,00-0036252,Michael Pittman,WR,PIT,2022,16,1,0,0,1,0,1,10.44,10.4,28.9,29.0,WR11,12.56,12.6,42.3,44.0,WR11,0,False
6819,00-0036252,Michael Pittman,WR,PIT,2023,16,1,1,0,1,0,2,12.36,12.4,75.7,79.0,WR34,8.28,8.3,68.7,71.0,WR23,1,False
6819,00-0036252,Michael Pittman,WR,PIT,2024,16,1,3,0,1,0,3,8.21,8.2,46.2,48.0,WR23,10.33,10.3,64.5,67.0,WR24,0,False
6819,00-0036252,Michael Pittman,WR,PIT,2025,17,0,0,0,0,0,0,9.55,0.0,87.0,89.0,WR42,7.93,0.0,117.3,121.0,WR48,0,False
6819,00-0036252,Michael Pittman,WR,PIT,2026,3,1,1,0,1,0,1,4.13,4.1,,,,,,110.0,111.0,WR42,0,False
3199,00-0032765,Michael Thomas,WR,NO,2016,15,1,1,0,1,0,2,13.98,14.0,,,,,,156.6,176.0,WR61,0,False
3199,00-0032765,Michael Thomas,WR,NO,2017,16,0,0,0,0,0,0,12.91,0.0,,,,,,17.8,18.0,WR7,0,False
3199,00-0032765,Michael Thomas,WR,NO,2018,16,0,0,0,0,0,0,15.81,0.0,16.3,16.0,WR5,15.55,0.0,19.4,19.0,WR5,0,False
3199,00-0032765,Michael Thomas,WR,NO,2019,16,0,0,0,0,0,0,18.76,0.0,11.8,12.0,WR4,14.0,0.0,12.0,12.0,WR4,0,False
3199,00-0032765,Michael Thomas,WR,NO,2020,7,9,1,0,6,3,3,9.13,82.2,7.3,8.0,WR1,20.68,186.1,7.9,7.0,WR1,0,False
3199,00-0032765,Michael Thomas,WR,NO,2021,0,17,0,0,0,17,2,10.27,174.6,64.6,65.0,WR25,10.27,174.6,74.1,77.0,WR23,0,True
3199,00-0032765,Michael Thomas,WR,NO,2022,3,14,1,0,5,9,3,14.37,201.2,47.1,48.0,WR19,10.92,152.9,66.3,69.0,WR20,0,False
3199,00-0032765,Michael Thomas,WR,NO,2023,10,7,1,0,0,7,2,7.03,49.2,107.0,111.0,WR48,7.06,49.4,125.2,127.0,WR46,0,False
10232,00-0038559,Michael Wilson,WR,ARI,2023,13,4,2,0,4,0,2,7.35,29.4,,,,,,,,,0,False
10232,00-0038559,Michael Wilson,WR,ARI,2024,16,1,0,0,1,0,1,6.31,6.3,165.8,175.0,WR64,8.07,8.1,159.6,199.0,WR62,0,False
10232,00-0038559,Michael Wilson,WR,ARI,2025,17,0,0,0,0,0,0,10.68,0.0,,,,,,,,,0,False
10232,00-0038559,Michael Wilson,WR,ARI,2026,4,0,0,0,0,0,0,11.07,0.0,78.0,38.0,WR17,11.11,0.0,98.6,99.0,WR38,0,False
2216,00-0031408,Mike Evans,WR,SF,2016,16,0,0,0,0,0,0,16.01,0.0,,,,,,26.2,27.0,WR10,0,False
2216,00-0031408,Mike Evans,WR,SF,2017,15,0,0,0,0,0,0,11.17,0.0,,,,,,9.9,10.0,WR4,0,False
2216,00-0031408,Mike Evans,WR,SF,2018,16,0,0,0,0,0,0,15.09,0.0,24.7,24.0,WR9,13.65,0.0,29.4,30.0,WR9,0,False
2216,00-0031408,Mike Evans,WR,SF,2019,13,3,1,0,1,2,2,15.32,46.0,20.5,22.0,WR8,12.53,37.6,22.5,23.0,WR8,1,False
2216,00-0031408,Mike Evans,WR,SF,2020,16,0,2,0,0,0,2,13.35,0.0,27.6,28.0,WR8,14.49,0.0,29.9,30.0,WR7,0,False
2216,00-0031408,Mike Evans,WR,SF,2021,16,1,1,0,1,0,1,14.09,14.1,38.6,39.0,WR13,11.7,11.7,47.8,48.0,WR13,1,False
2216,00-0031408,Mike Evans,WR,SF,2022,15,1,1,0,0,1,1,12.46,12.5,26.7,26.0,WR9,13.16,13.2,38.6,39.0,WR9,0,False
2216,00-0031408,Mike Evans,WR,SF,2023,17,0,0,0,0,0,0,14.29,0.0,66.2,70.0,WR30,8.72,0.0,74.2,78.0,WR25,0,False
2216,00-0031408,Mike Evans,WR,SF,2024,14,3,1,0,3,0,2,14.53,43.6,29.1,31.0,WR15,11.28,33.8,37.3,39.0,WR11,1,False
2216,00-0031408,Mike Evans,WR,SF,2025,8,9,2,0,3,6,3,8.73,78.6,30.5,32.0,WR15,10.46,94.1,41.1,41.0,WR12,1,False
2216,00-0031408,Mike Evans,WR,SF,2026,4,0,2,0,0,0,2,10.45,0.0,,,,,,76.8,79.0,WR29,0,False
365,00-0026901,Mike Wallace,WR,PHI,2016,16,0,1,0,0,0,1,10.43,0.0,,,,,,155.9,174.0,WR60,0,False
365,00-0026901,Mike Wallace,WR,PHI,2017,15,1,4,0,1,0,5,8.35,8.3,,,,,,138.3,194.0,WR64,1,False
365,00-0026901,Mike Wallace,WR,PHI,2018,1,14,0,0,1,13,3,0.0,0.0,,,,,,,,,0,False
4068,00-0033536,Mike Williams,WR,LAC,2018,16,0,0,0,0,0,0,9.92,0.0,99.6,102.0,WR40,8.82,0.0,116.6,119.0,WR40,0,False
4068,00-0033536,Mike Williams,WR,LAC,2019,15,1,2,0,1,0,2,9.12,9.1,59.2,62.0,WR25,10.1,10.1,76.2,77.0,WR26,0,False
4068,00-0033536,Mike Williams,WR,LAC,2020,14,1,3,0,1,0,3,9.26,9.3,156.0,174.0,WR60,8.49,8.5,135.1,139.0,WR49,0,False
4068,00-0033536,Mike Williams,WR,LAC,2021,16,1,1,0,0,1,2,13.04,13.0,119.7,123.0,WR48,8.83,8.8,133.0,144.0,WR47,0,False
4068,00-0033536,Mike Williams,WR,LAC,2022,13,4,1,0,4,0,1,11.15,44.6,36.8,37.0,WR14,11.84,47.4,52.6,53.0,WR14,1,False
4068,00-0033536,Mike Williams,WR,LAC,2023,3,14,0,0,0,14,2,13.57,190.0,60.3,63.0,WR27,9.09,127.3,78.4,82.0,WR27,0,False
4068,00-0033536,Mike Williams,WR,LAC,2024,14,1,0,0,1,0,1,3.31,3.3,117.7,123.0,WR52,8.53,8.5,119.4,125.0,WR47,0,False
4068,00-0033536,Mike Williams,WR,LAC,2025,0,17,0,0,0,17,2,3.31,56.3,,,,,,,,,0,True
5965,00-0035703,Miles Boykin,WR,CHI,2019,12,1,0,0,1,0,1,3.69,3.7,159.7,177.0,WR61,8.21,8.2,,,,0,False
5965,00-0035703,Miles Boykin,WR,CHI,2020,14,0,1,0,0,0,1,4.29,0.0,,,,,,,,,0,False
5965,00-0035703,Miles Boykin,WR,CHI,2021,1,9,0,0,5,4,2,1.1,9.9,,,,,,,,,0,False
5965,00-0035703,Miles Boykin,WR,CHI,2022,10,2,0,0,2,0,1,0.21,0.4,,,,,,,,,0,False
5965,00-0035703,Miles Boykin,WR,CHI,2023,8,0,0,0,0,0,0,0.4,0.0,,,,,,,,,0,False
5965,00-0035703,Miles Boykin,WR,CHI,2024,0,0,0,0,0,0,0,0.4,0.0,,,,,,,,,0,True
5965,00-0035703,Miles Boykin,WR,CHI,2025,0,0,0,0,0,0,0,0.4,0.0,,,,,,,,,0,True
1071,00-0029632,Mohamed Sanu,WR,MIA,2016,15,1,0,0,1,0,1,7.95,8.0,,,,,,133.2,140.0,WR52,0,False
1071,00-0029632,Mohamed Sanu,WR,MIA,2017,15,1,0,0,1,0,1,9.39,9.4,,,,,,,,,0,False
1071,00-0029632,Mohamed Sanu,WR,MIA,2018,16,0,0,0,0,0,0,9.34,0.0,164.0,202.0,WR72,6.92,0.0,,,,0,False
1071,00-0029632,Mohamed Sanu,WR,MIA,2019,15,1,3,0,1,0,1,6.31,6.3,163.7,185.0,WR63,8.14,8.1,,,,0,False
1071,00-0029632,Mohamed Sanu,WR,MIA,2020,7,0,0,0,0,0,0,5.07,0.0,,,,,,,,,0,False
1071,00-0029632,Mohamed Sanu,WR,MIA,2021,8,9,0,0,0,9,1,3.15,28.3,,,,,,,,,0,False
1071,00-0029632,Mohamed Sanu,WR,MIA,2022,0,0,0,0,0,0,0,3.15,0.0,,,,,,,,,0,True
5878,00-0035624,N'Keal Harry,WR,SEA,2020,13,3,5,0,3,0,4,4.42,13.3,152.6,165.0,WR58,8.59,25.8,142.1,147.0,WR51,1,False
5878,00-0035624,N'Keal Harry,WR,SEA,2021,10,5,3,0,2,3,3,2.44,12.2,,,,,,,,,0,False
5878,00-0035624,N'Keal Harry,WR,SEA,2022,6,9,0,0,4,5,4,3.52,31.7,,,,,,,,,0,False
5878,00-0035624,N'Keal Harry,WR,SEA,2023,0,0,0,0,0,0,0,3.52,0.0,,,,,,,,,0,True
5878,00-0035624,N'Keal Harry,WR,SEA,2024,0,0,0,0,0,0,0,3.52,0.0,,,,,,,,,0,True
2325,00-0031549,Nelson Agholor,WR,BAL,2016,15,0,0,0,0,0,0,4.66,0.0,,,,,,,,,0,False
2325,00-0031549,Nelson Agholor,WR,BAL,2017,16,0,0,0,0,0,0,9.78,0.0,,,,,,,,,0,False
2325,00-0031549,Nelson Agholor,WR,BAL,2018,16,0,0,0,0,0,0,8.34,0.0,99.8,103.0,WR41,8.74,0.0,123.4,127.0,WR43,0,False
2325,00-0031549,Nelson Agholor,WR,BAL,2019,11,5,0,0,5,0,2,6.77,33.8,,,,,,,,,0,False
2325,00-0031549,Nelson Agholor,WR,BAL,2020,16,0,0,0,0,0,0,10.1,0.0,,,,,,,,,0,False
2325,00-0031549,Nelson Agholor,WR,BAL,2021,14,2,1,0,2,0,2,6.06,12.1,156.3,178.0,WR60,8.35,16.7,,,,0,False
2325,00-0031549,Nelson Agholor,WR,BAL,2022,14,1,2,0,1,0,1,4.26,4.3,,,,,,,,,1,False
2325,00-0031549,Nelson Agholor,WR,BAL,2023,16,0,0,0,0,0,0,4.97,0.0,,,,,,,,,0,False
2325,00-0031549,Nelson Agholor,WR,BAL,2024,13,4,0,0,4,0,2,3.24,13.0,,,,,,,,,0,False
7496,00-0036182,Nick Westbrook-Ikhine,WR,IND,2021,15,1,0,0,1,0,1,5.91,5.9,,,,,,,,,0,False
7496,00-0036182,Nick Westbrook-Ikhine,WR,IND,2022,16,0,0,0,0,0,0,4.39,0.0,,,,,,,,,0,False
7496,00-0036182,Nick Westbrook-Ikhine,WR,IND,2023,13,3,1,0,0,3,2,5.46,16.4,,,,,,,,,0,False
7496,00-0036182,Nick Westbrook-Ikhine,WR,IND,2024,14,0,0,0,0,0,0,8.55,0.0,,,,,,,,,0,False
7496,00-0036182,Nick Westbrook-Ikhine,WR,IND,2025,13,0,0,0,0,0,0,1.11,0.0,,,,,,,,,0,False
7496,00-0036182,Nick Westbrook-Ikhine,WR,IND,2026,1,0,0,0,0,0,0,0.0,0.0,,,,,,,,,0,False
7569,00-0036554,Nico Collins,WR,HOU,2021,14,3,2,0,0,3,3,4.79,14.4,,,,,,,,,1,False
7569,00-0036554,Nico Collins,WR,HOU,2022,10,7,1,0,4,3,2,7.86,55.0,,,,,,,,,0,False
7569,00-0036554,Nico Collins,WR,HOU,2023,15,2,1,0,2,0,2,14.69,29.4,126.4,132.0,WR56,6.52,13.0,133.7,145.0,WR52,1,False
7569,00-0036554,Nico Collins,WR,HOU,2024,12,5,0,0,1,4,2,14.72,73.6,31.3,33.0,WR17,11.0,55.0,40.7,41.0,WR13,1,False
7569,00-0036554,Nico Collins,WR,HOU,2025,15,2,0,0,2,0,2,12.71,25.4,10.2,10.0,WR4,13.71,27.4,20.8,22.0,WR4,0,False
7569,00-0036554,Nico Collins,WR,HOU,2026,2,2,0,0,2,0,1,22.5,45.0,20.6,13.0,WR6,13.93,27.9,39.1,38.0,WR10,0,False
4234,00-0033591,Noah Brown,WR,WAS,2022,16,1,0,0,1,0,1,5.81,5.8,,,,,,,,,0,False
4234,00-0033591,Noah Brown,WR,WAS,2023,10,7,3,0,3,4,3,8.51,59.6,,,,,,,,,1,False
4234,00-0033591,Noah Brown,WR,WAS,2024,11,5,0,0,1,4,2,6.25,31.2,,,,,,,,,0,False
4234,00-0033591,Noah Brown,WR,WAS,2025,4,13,1,0,4,9,3,2.7,35.1,,,,,,,,,1,False
2078,00-0031235,Odell Beckham Jr.,WR,MIN,2016,15,0,0,0,0,0,0,15.37,0.0,,,,,,3.5,4.0,WR2,0,False
2078,00-0031235,Odell Beckham Jr.,WR,MIN,2017,4,12,1,0,1,11,3,15.38,184.6,,,,,,8.3,9.0,WR3,0,False
2078,00-0031235,Odell Beckham Jr.,WR,MIN,2018,12,4,0,0,4,0,1,16.15,64.6,11.6,12.0,WR3,17.2,68.8,12.7,13.0,WR3,0,False
2078,00-0031235,Odell Beckham Jr.,WR,MIN,2019,16,0,1,0,0,0,1,10.39,0.0,15.0,16.0,WR6,13.14,0.0,14.7,15.0,WR5,0,False
2078,00-0031235,Odell Beckham Jr.,WR,MIN,2020,7,9,1,0,0,9,3,10.76,96.8,34.7,36.0,WR11,13.54,121.9,37.5,38.0,WR10,1,False
2078,00-0031235,Odell Beckham Jr.,WR,MIN,2021,14,3,3,0,3,0,3,7.65,23.0,70.4,73.0,WR28,10.02,30.1,81.9,84.0,WR26,0,False
2078,00-0031235,Odell Beckham Jr.,WR,MIN,2023,14,3,2,0,3,0,3,6.43,19.3,114.5,120.0,WR51,6.85,20.5,145.5,166.0,WR55,0,False
2078,00-0031235,Odell Beckham Jr.,WR,MIN,2024,8,5,2,0,1,4,3,1.25,6.2,,,,,,,,,0,False
2078,00-0031235,Odell Beckham Jr.,WR,MIN,2026,1,0,0,0,0,0,0,0.0,0.0,,,,,,,,,0,False
6271,00-0035208,Olamide Zaccheaus,WR,ATL,2021,15,0,0,0,0,0,0,4.95,0.0,,,,,,,,,0,False
6271,00-0035208,Olamide Zaccheaus,WR,ATL,2022,16,0,0,0,0,0,0,5.62,0.0,,,,,,,,,0,False
6271,00-0035208,Olamide Zaccheaus,WR,ATL,2023,11,0,0,0,0,0,0,3.04,0.0,,,,,,,,,0,False
6271,00-0035208,Olamide Zaccheaus,WR,ATL,2024,16,0,0,0,0,0,0,5.74,0.0,,,,,,,,,0,False
6271,00-0035208,Olamide Zaccheaus,WR,ATL,2025,14,2,0,0,2,0,1,4.66,9.3,,,,,,,,,0,False
6271,00-0035208,Olamide Zaccheaus,WR,ATL,2026,3,0,0,0,0,0,0,1.23,0.0,,,,,,,,,0,False
9487,00-0038606,Parker Washington,WR,JAX,2024,14,0,0,0,0,0,0,5.79,0.0,,,,,,,,,0,False
9487,00-0038606,Parker Washington,WR,JAX,2025,16,1,1,0,1,0,1,9.73,9.7,,,,,,,,,0,False
9487,00-0038606,Parker Washington,WR,JAX,2026,4,0,0,0,0,0,0,10.78,0.0,59.4,32.0,WR15,11.45,0.0,85.2,86.0,WR33,0,False
5880,00-0035639,Parris Campbell,WR,DAL,2020,2,14,0,0,0,14,2,5.85,81.9,150.0,160.0,WR57,8.64,121.0,157.8,177.0,WR58,0,False
5880,00-0035639,Parris Campbell,WR,DAL,2021,6,11,0,0,1,10,3,4.53,49.8,,,,,,,,,1,False
5880,00-0035639,Parris Campbell,WR,DAL,2022,17,0,0,0,0,0,0,6.92,0.0,,,,,,,,,0,False
5880,00-0035639,Parris Campbell,WR,DAL,2023,10,2,1,0,2,0,2,2.04,4.1,,,,,,,,,0,False
5880,00-0035639,Parris Campbell,WR,DAL,2024,4,0,0,0,0,0,0,3.0,0.0,,,,,,,,,0,False
5880,00-0035639,Parris Campbell,WR,DAL,2025,1,0,0,0,0,0,0,0.0,0.0,,,,,,,,,0,False
5880,00-0035639,Parris Campbell,WR,DAL,2026,0,0,0,0,0,0,0,0.0,0.0,,,,,,,,,0,True
2279,00-0031257,Paul Richardson,WR,SEA,2017,16,0,1,0,0,0,1,8.02,0.0,,,,,,,,,0,False
2279,00-0031257,Paul Richardson,WR,SEA,2018,7,9,5,0,1,8,2,7.01,63.1,,,,,,,,,0,False
2279,00-0031257,Paul Richardson,WR,SEA,2019,10,6,0,0,3,3,2,5.05,30.3,,,,,,,,,1,False
2279,00-0031257,Paul Richardson,WR,SEA,2020,0,0,0,0,0,0,0,5.05,0.0,,,,,,,,,0,True
2334,00-0032208,Phillip Dorsett,WR,LV,2016,15,1,2,0,1,0,3,5.49,5.5,,,,,,162.2,190.0,WR65,0,False
2334,00-0032208,Phillip Dorsett,WR,LV,2017,11,1,0,0,1,0,1,2.37,2.4,,,,,,,,,0,False
2334,00-0032208,Phillip Dorsett,WR,LV,2018,11,0,0,0,0,0,0,5.99,0.0,,,,,,,,,0,False
2334,00-0032208,Phillip Dorsett,WR,LV,2019,11,2,2,0,2,0,2,7.85,15.7,,,,,,,,,0,False
2334,00-0032208,Phillip Dorsett,WR,LV,2020,0,16,0,0,2,14,2,7.85,125.6,,,,,,,,,0,True
2334,00-0032208,Phillip Dorsett,WR,LV,2021,5,2,0,0,0,2,1,2.9,5.8,,,,,,,,,0,False
2334,00-0032208,Phillip Dorsett,WR,LV,2022,15,1,0,0,1,0,1,2.78,2.8,,,,,,,,,0,False
2334,00-0032208,Phillip Dorsett,WR,LV,2023,2,0,0,0,0,0,0,0.0,0.0,,,,,,,,,0,False
2334,00-0032208,Phillip Dorsett,WR,LV,2024,0,0,0,0,0,0,0,0.0,0.0,,,,,,,,,0,True
2334,00-0032208,Phillip Dorsett,WR,LV,2025,0,0,0,0,0,0,0,0.0,0.0,,,,,,,,,0,True
2334,00-0032208,Phillip Dorsett,WR,LV,2026,0,0,0,0,0,0,0,0.0,0.0,,,,,,,,,0,True
269,00-0026345,Pierre Garcon,WR,SF,2016,16,0,0,0,0,0,0,10.1,0.0,,,,,,158.9,183.0,WR62,0,False
269,00-0026345,Pierre Garcon,WR,SF,2017,8,8,0,0,0,8,2,8.75,70.0,,,,,,102.0,107.0,WR37,0,False
269,00-0026345,Pierre Garcon,WR,SF,2018,8,8,3,0,5,3,3,5.83,46.6,104.8,108.0,WR43,8.59,68.7,123.1,126.0,WR42,0,False
6148,00-0035350,Preston Williams,WR,CAR,2019,8,8,0,0,0,8,1,9.35,74.8,,,,,,,,,0,False
6148,00-0035350,Preston Williams,WR,CAR,2020,8,8,0,0,0,8,1,8.22,65.8,127.4,133.0,WR51,8.97,71.8,154.3,167.0,WR57,1,False
6148,00-0035350,Preston Williams,WR,CAR,2021,6,7,2,0,6,1,6,1.8,12.6,,,,,,,,,0,False
6148,00-0035350,Preston Williams,WR,CAR,2022,0,0,0,0,0,0,0,1.8,0.0,,,,,,,,,0,True
9493,00-0039075,Puka Nacua,WR,LAR,2023,17,0,4,0,0,0,3,14.47,0.0,,,,,,,,,0,False
9493,00-0039075,Puka Nacua,WR,LAR,2024,11,6,2,0,1,5,4,15.19,91.1,14.9,16.0,WR8,12.66,76.0,28.4,30.0,WR8,1,False
9493,00-0039075,Puka Nacua,WR,LAR,2025,16,1,0,0,1,0,1,19.41,19.4,12.9,13.0,WR6,12.71,12.7,26.1,27.0,WR6,0,False
9493,00-0039075,Puka Nacua,WR,LAR,2026,2,2,0,0,2,0,1,16.55,33.1,3.0,3.0,WR1,18.79,37.6,6.5,8.0,WR1,0,False
9754,00-0038544,Quentin Johnston,WR,LAC,2023,17,0,0,0,0,0,0,4.41,0.0,95.8,99.0,WR43,7.45,0.0,150.8,176.0,WR57,0,False
9754,00-0038544,Quentin Johnston,WR,LAC,2024,15,2,0,0,2,0,1,9.81,19.6,,,,,,157.9,193.0,WR59,0,False
9754,00-0038544,Quentin Johnston,WR,LAC,2025,13,2,2,0,2,0,3,11.21,22.4,,,,,,,,,0,False
9754,00-0038544,Quentin Johnston,WR,LAC,2026,4,0,0,0,0,0,0,3.65,0.0,,,,,,93.7,94.0,WR37,0,False
6927,00-0036271,Quez Watkins,WR,PHI,2021,17,0,0,0,0,0,0,5.56,0.0,,,,,,,,,0,False
6927,00-0036271,Quez Watkins,WR,PHI,2022,17,0,0,0,0,0,0,4.0,0.0,,,,,,,,,0,False
6927,00-0036271,Quez Watkins,WR,PHI,2023,5,8,0,0,3,5,3,5.54,44.3,,,,,,,,,0,False
6927,00-0036271,Quez Watkins,WR,PHI,2024,0,0,0,0,0,0,0,5.54,0.0,,,,,,,,,0,True
6927,00-0036271,Quez Watkins,WR,PHI,2025,0,0,0,0,0,0,0,5.54,0.0,,,,,,,,,0,True
1854,00-0031023,Quincy Enunwa,WR,NYJ,2016,16,0,2,0,0,0,2,8.74,0.0,,,,,,,,,0,False
1854,00-0031023,Quincy Enunwa,WR,NYJ,2017,0,16,0,0,0,16,2,8.74,139.8,,,,,,,,,0,True
1854,00-0031023,Quincy Enunwa,WR,NYJ,2018,11,5,1,0,4,1,2,6.17,30.9,165.7,207.0,WR73,6.88,34.4,,,,1,False
1854,00-0031023,Quincy Enunwa,WR,NYJ,2019,1,15,0,0,0,15,2,0.1,1.5,,,,,,,,,0,False
1854,00-0031023,Quincy Enunwa,WR,NYJ,2020,0,0,0,0,0,0,0,0.1,0.0,,,,,,,,,0,True
928,00-0028002,Randall Cobb,WR,NYJ,2016,13,3,2,0,3,0,2,9.1,27.3,,,,,,46.4,48.0,WR19,0,False
928,00-0028002,Randall Cobb,WR,NYJ,2017,14,1,0,0,1,0,1,9.03,9.0,,,,,,104.8,111.0,WR39,0,False
928,00-0028002,Randall Cobb,WR,NYJ,2018,9,7,3,0,7,0,3,7.48,52.4,94.0,96.0,WR38,8.99,62.9,112.0,116.0,WR38,0,False
928,00-0028002,Randall Cobb,WR,NYJ,2019,15,1,1,0,1,0,2,8.49,8.5,,,,,,,,,0,False
928,00-0028002,Randall Cobb,WR,NYJ,2020,10,6,0,0,0,6,1,8.11,48.7,,,,,,,,,1,False
928,00-0028002,Randall Cobb,WR,NYJ,2021,11,6,0,0,1,5,2,7.42,44.5,160.8,191.0,WR65,8.17,49.0,,,,0,False
928,00-0028002,Randall Cobb,WR,NYJ,2022,13,4,1,0,0,4,2,4.98,19.9,,,,,,,,,0,False
928,00-0028002,Randall Cobb,WR,NYJ,2023,9,2,0,0,2,0,1,1.6,3.2,,,,,,,,,0,False
3328,00-0032977,Rashard Higgins,WR,CLE,2018,13,3,1,0,3,0,1,7.59,22.8,,,,,,,,,0,False
3328,00-0032977,Rashard Higgins,WR,CLE,2019,7,5,0,0,5,0,1,1.93,9.7,,,,,,,,,0,False
3328,00-0032977,Rashard Higgins,WR,CLE,2020,12,0,0,0,0,0,0,8.53,0.0,,,,,,,,,0,False
3328,00-0032977,Rashard Higgins,WR,CLE,2021,12,1,0,0,1,0,1,3.79,3.8,,,,,,,,,0,False
3328,00-0032977,Rashard Higgins,WR,CLE,2022,0,2,0,0,2,0,1,3.79,7.6,,,,,,,,,0,True
3328,00-0032977,Rashard Higgins,WR,CLE,2024,0,0,0,0,0,0,0,3.79,0.0,,,,,,,,,0,True
10229,00-0039067,Rashee Rice,WR,KC,2023,16,1,0,0,1,0,1,10.81,10.8,,,,,,,,,0,False
10229,00-0039067,Rashee Rice,WR,KC,2024,4,13,0,0,0,13,2,13.23,172.0,64.1,68.0,WR33,9.54,124.0,81.0,85.0,WR31,1,False
10229,00-0039067,Rashee Rice,WR,KC,2025,8,9,0,0,1,8,2,15.45,139.0,94.6,96.0,WR46,7.7,69.3,104.5,108.0,WR43,0,False
10229,00-0039067,Rashee Rice,WR,KC,2026,3,1,0,0,1,0,1,10.5,10.5,,,,,,40.3,40.0,WR12,0,False
8676,00-0037545,Rashid Shaheed,WR,SEA,2022,12,0,0,0,0,0,0,7.21,0.0,,,,,,,,,0,False
8676,00-0037545,Rashid Shaheed,WR,SEA,2023,15,2,0,0,2,0,1,8.97,17.9,,,,,,,,,1,False
8676,00-0037545,Rashid Shaheed,WR,SEA,2024,6,11,0,0,0,11,2,11.97,131.7,128.8,133.0,WR56,8.37,92.1,159.2,198.0,WR61,0,False
8676,00-0037545,Rashid Shaheed,WR,SEA,2025,18,0,1,0,0,0,1,7.06,0.0,,,,,,112.0,117.0,WR46,0,False
8676,00-0037545,Rashid Shaheed,WR,SEA,2026,4,0,0,0,0,0,0,5.12,0.0,,,,,,134.4,139.0,WR54,0,False
7571,00-0036550,Rashod Bateman,WR,BAL,2021,12,5,1,0,0,5,2,6.71,33.5,,,,,,,,,0,False
7571,00-0036550,Rashod Bateman,WR,BAL,2022,6,11,2,0,2,9,2,7.67,84.4,85.4,83.0,WR33,9.27,102.0,102.1,105.0,WR35,1,False
7571,00-0036550,Rashod Bateman,WR,BAL,2023,15,1,0,0,1,0,1,4.03,4.0,106.1,110.0,WR47,7.14,7.1,109.8,113.0,WR42,0,False
7571,00-0036550,Rashod Bateman,WR,BAL,2024,16,0,1,0,0,0,1,9.51,0.0,,,,,,,,,0,False
7571,00-0036550,Rashod Bateman,WR,BAL,2025,13,4,0,0,4,0,3,3.53,14.1,120.8,122.0,WR54,7.31,29.2,132.5,140.0,WR56,0,False
7571,00-0036550,Rashod Bateman,WR,BAL,2026,4,0,0,0,0,0,0,7.15,0.0,,,,,,,,,0,False
5096,00-0034407,Ray-Ray McCloud,WR,CHI,2024,17,0,0,0,0,0,0,6.56,0.0,,,,,,,,,0,False
5096,00-0034407,Ray-Ray McCloud,WR,CHI,2025,6,1,0,0,1,0,1,1.73,1.7,,,,,,,,,0,False
5096,00-0034407,Ray-Ray McCloud,WR,CHI,2026,0,1,0,0,0,1,1,1.73,1.7,,,,,,,,,0,True
5137,00-0034286,Richie James,WR,KC,2022,16,1,3,0,1,0,3,6.88,6.9,,,,,,,,,0,False
5137,00-0034286,Richie James,WR,KC,2023,9,8,0,0,1,7,2,1.82,14.6,,,,,,,,,0,False
11638,00-0039916,Ricky Pearsall,WR,SF,2024,11,6,1,0,0,6,2,7.09,42.5,,,,,,,,,0,False
11638,00-0039916,Ricky Pearsall,WR,SF,2025,9,8,2,0,8,0,2,7.84,62.7,70.6,72.0,WR33,8.52,68.2,89.0,92.0,WR35,0,False
11638,00-0039916,Ricky Pearsall,WR,SF,2026,0,4,0,0,0,4,1,7.84,31.4,,,,,,,,,0,True
1046,00-0029580,Rishard Matthews,WR,NO,2016,16,0,0,0,0,0,0,11.19,0.0,,,,,,161.8,188.0,WR64,0,False
1046,00-0029580,Rishard Matthews,WR,NO,2017,14,2,0,0,2,0,1,9.26,18.5,,,,,,123.9,140.0,WR48,0,False
1046,00-0029580,Rishard Matthews,WR,NO,2018,6,3,0,0,1,2,2,0.82,2.5,162.7,197.0,WR70,7.02,21.1,,,,0,False
1046,00-0029580,Rishard Matthews,WR,NO,2019,0,0,0,0,0,0,0,0.82,0.0,,,,,,,,,0,True
3423,00-0032688,Robbie Chosen,WR,WAS,2016,14,0,1,0,0,0,1,6.71,0.0,,,,,,,,,0,False
3423,00-0032688,Robbie Chosen,WR,WAS,2017,16,0,0,0,0,0,0,10.53,0.0,,,,,,132.6,182.0,WR58,0,False
3423,00-0032688,Robbie Chosen,WR,WAS,2018,14,2,4,0,2,0,2,9.39,18.8,85.3,88.0,WR36,9.17,18.3,109.2,114.0,WR37,0,False
3423,00-0032688,Robbie Chosen,WR,WAS,2019,16,0,3,0,0,0,3,8.52,0.0,73.2,74.0,WR31,9.65,0.0,86.6,87.0,WR29,0,False
3423,00-0032688,Robbie Chosen,WR,WAS,2020,16,0,0,0,0,0,0,11.04,0.0,157.3,179.0,WR61,8.44,0.0,161.4,186.0,WR61,0,False
3423,00-0032688,Robbie Chosen,WR,WAS,2021,17,0,1,0,0,0,1,6.59,0.0,84.1,86.0,WR34,9.59,0.0,102.2,106.0,WR34,0,False
3423,00-0032688,Robbie Chosen,WR,WAS,2022,12,2,0,0,2,0,2,3.52,7.0,,,,,,,,,0,False
3423,00-0032688,Robbie Chosen,WR,WAS,2023,6,0,0,0,0,0,0,3.43,0.0,,,,,,,,,0,False
3423,00-0032688,Robbie Chosen,WR,WAS,2024,1,0,0,0,0,0,0,1.0,0.0,,,,,,,,,0,False
3423,00-0032688,Robbie Chosen,WR,WAS,2025,3,0,0,0,0,0,0,2.6,0.0,,,,,,,,,0,False
5250,00-0034510,Robert Foster,WR,IND,2018,11,0,0,0,0,0,0,7.78,0.0,,,,,,,,,0,False
5250,00-0034510,Robert Foster,WR,IND,2019,10,3,1,0,3,0,3,1.08,3.2,,,,,,,,,0,False
5250,00-0034510,Robert Foster,WR,IND,2020,3,1,0,0,1,0,1,1.57,1.6,,,,,,,,,0,False
5250,00-0034510,Robert Foster,WR,IND,2021,0,0,0,0,0,0,0,1.57,0.0,,,,,,,,,0,True
5250,00-0034510,Robert Foster,WR,IND,2022,0,0,0,0,0,0,0,1.57,0.0,,,,,,,,,0,True
1352,00-0030431,Robert Woods,WR,PIT,2016,13,3,4,0,3,0,3,7.18,21.5,,,,,,,,,1,False
1352,00-0030431,Robert Woods,WR,PIT,2017,12,3,0,0,3,0,1,11.28,33.8,,,,,,,,,0,False
1352,00-0030431,Robert Woods,WR,PIT,2018,16,0,0,0,0,0,0,13.91,0.0,102.3,104.0,WR42,8.67,0.0,100.7,105.0,WR35,0,False
1352,00-0030431,Robert Woods,WR,PIT,2019,15,0,0,0,0,0,0,12.53,0.0,42.2,43.0,WR16,11.05,0.0,50.5,52.0,WR17,0,False
1352,00-0030431,Robert Woods,WR,PIT,2020,16,0,0,0,0,0,0,12.51,0.0,44.0,47.0,WR18,12.07,0.0,50.1,51.0,WR16,0,False
1352,00-0030431,Robert Woods,WR,PIT,2021,9,8,1,0,1,7,3,12.74,101.9,39.1,40.0,WR14,11.54,92.3,49.0,50.0,WR14,0,False
1352,00-0030431,Robert Woods,WR,PIT,2022,17,0,0,0,0,0,0,5.36,0.0,101.5,98.0,WR39,8.77,0.0,117.3,120.0,WR40,0,False
1352,00-0030431,Robert Woods,WR,PIT,2023,14,3,2,0,3,0,3,4.95,14.9,,,,,,,,,0,False
1352,00-0030431,Robert Woods,WR,PIT,2024,14,2,1,0,2,0,1,2.02,4.0,,,,,,,,,0,False
1352,00-0030431,Robert Woods,WR,PIT,2025,0,0,0,0,0,0,0,2.02,0.0,,,,,,,,,0,True
3519,00-0032659,Roger Lewis,WR,IND,2017,15,1,1,0,1,0,2,4.77,4.8,,,,,,,,,0,False
3519,00-0032659,Roger Lewis,WR,IND,2018,0,0,0,0,0,0,0,4.77,0.0,,,,,,,,,0,True
3519,00-0032659,Roger Lewis,WR,IND,2019,0,0,0,0,0,0,0,4.77,0.0,,,,,,,,,0,True
11620,00-0039919,Rome Odunze,WR,CHI,2024,17,0,1,0,0,0,1,6.94,0.0,133.8,139.0,WR57,8.33,0.0,141.7,156.0,WR56,0,False
11620,00-0039919,Rome Odunze,WR,CHI,2025,12,5,0,0,5,0,1,10.34,51.7,78.9,79.0,WR37,8.24,41.2,95.2,98.0,WR38,0,False
11620,00-0039919,Rome Odunze,WR,CHI,2026,4,0,1,0,0,0,1,7.58,0.0,49.8,29.0,WR14,11.64,0.0,67.2,68.0,WR24,0,False
8121,00-0037816,Romeo Doubs,WR,NE,2022,13,4,0,0,4,0,1,6.2,24.8,128.1,114.0,WR46,8.27,33.1,147.9,165.0,WR52,1,False
8121,00-0037816,Romeo Doubs,WR,NE,2023,17,0,1,0,0,0,1,8.52,0.0,148.0,159.0,WR62,6.16,0.0,149.8,172.0,WR56,0,False
8121,00-0037816,Romeo Doubs,WR,NE,2024,13,4,0,0,3,1,3,8.39,33.6,100.0,103.0,WR45,8.85,35.4,115.7,122.0,WR45,0,False
8121,00-0037816,Romeo Doubs,WR,NE,2025,16,0,0,0,0,0,0,8.62,0.0,,,,,,141.6,162.0,WR60,0,False
8121,00-0037816,Romeo Doubs,WR,NE,2026,4,0,0,0,0,0,0,9.58,0.0,,,,,,121.9,124.0,WR46,0,False
7601,00-0036936,Rondale Moore,WR,MIN,2021,14,3,1,0,3,0,2,6.01,18.0,161.3,194.0,WR67,8.1,24.3,154.0,188.0,WR58,0,False
7601,00-0036936,Rondale Moore,WR,MIN,2022,8,9,2,0,5,4,4,8.43,75.9,,,,,,,,,1,False
7601,00-0036936,Rondale Moore,WR,MIN,2023,17,0,0,0,0,0,0,5.0,0.0,135.2,144.0,WR59,6.33,0.0,,,,0,False
7601,00-0036936,Rondale Moore,WR,MIN,2024,0,17,0,0,0,17,2,5.0,85.0,,,,,,,,,0,True
7601,00-0036936,Rondale Moore,WR,MIN,2025,0,17,0,0,0,17,2,5.0,85.0,,,,,,,,,0,True
5110,00-0034411,Russell Gage,WR,SF,2019,14,0,1,0,0,0,1,5.45,0.0,,,,,,,,,1,False
5110,00-0034411,Russell Gage,WR,SF,2020,16,0,0,0,0,0,0,9.07,0.0,,,,,,,,,0,False
5110,00-0034411,Russell Gage,WR,SF,2021,13,3,0,0,3,0,1,10.0,30.0,135.4,145.0,WR55,8.54,25.6,159.4,198.0,WR60,0,False
5110,00-0034411,Russell Gage,WR,SF,2022,13,4,6,0,4,0,4,7.55,30.2,,,,,,133.8,141.0,WR48,0,False
5110,00-0034411,Russell Gage,WR,SF,2023,0,17,0,0,0,17,2,7.55,128.3,,,,,,,,,0,True
5110,00-0034411,Russell Gage,WR,SF,2024,0,0,0,0,0,0,0,7.55,0.0,,,,,,,,,0,True
5110,00-0034411,Russell Gage,WR,SF,2025,0,0,0,0,0,0,0,7.55,0.0,,,,,,,,,0,True
11783,00-0039410,Ryan Flournoy,WR,DAL,2025,15,1,0,0,1,0,1,6.27,6.3,,,,,,,,,0,False
11783,00-0039410,Ryan Flournoy,WR,DAL,2026,4,0,0,0,0,0,0,4.23,0.0,,,,,,,,,0,False
2093,00-0031068,Ryan Grant,WR,GB,2017,16,0,3,0,0,0,3,6.49,0.0,,,,,,,,,1,False
2093,00-0031068,Ryan Grant,WR,GB,2018,14,2,1,0,2,0,2,4.06,8.1,,,,,,,,,0,False
2093,00-0031068,Ryan Grant,WR,GB,2019,2,1,0,0,1,0,1,1.7,1.7,,,,,,,,,0,False
2093,00-0031068,Ryan Grant,WR,GB,2020,0,0,0,0,0,0,0,1.7,0.0,,,,,,,,,0,True
2392,00-0032166,Sammie Coates,WR,HOU,2016,14,2,1,0,2,0,2,4.81,9.6,,,,,,167.7,201.0,WR66,0,False
2392,00-0032166,Sammie Coates,WR,HOU,2017,7,7,1,0,7,0,4,1.43,10.0,,,,,,,,,0,False
2392,00-0032166,Sammie Coates,WR,HOU,2018,4,4,2,0,4,0,3,0.43,1.7,,,,,,,,,0,False
1817,00-0031325,Sammy Watkins,WR,BAL,2016,8,8,7,0,1,7,2,8.62,69.0,,,,,,43.5,44.0,WR18,0,False
1817,00-0031325,Sammy Watkins,WR,BAL,2017,15,0,0,0,0,0,0,8.45,0.0,,,,,,75.9,78.0,WR27,0,False
1817,00-0031325,Sammy Watkins,WR,BAL,2018,10,6,2,0,6,0,5,9.51,57.1,80.8,82.0,WR33,9.45,56.7,92.9,95.0,WR33,1,False
1817,00-0031325,Sammy Watkins,WR,BAL,2019,13,3,0,0,3,0,2,8.65,26.0,97.7,99.0,WR39,9.16,27.5,104.0,104.0,WR36,0,False
1817,00-0031325,Sammy Watkins,WR,BAL,2020,10,6,1,0,6,0,4,6.89,41.3,140.6,148.0,WR55,8.75,52.5,136.0,140.0,WR50,1,False
1817,00-0031325,Sammy Watkins,WR,BAL,2021,11,4,1,0,4,0,3,5.17,20.7,,,,,,,,,1,False
1817,00-0031325,Sammy Watkins,WR,BAL,2022,9,4,1,0,0,4,1,4.28,17.1,,,,,,,,,0,False
6290,00-0035298,Scott Miller,WR,CHI,2020,14,2,1,0,2,0,2,6.14,12.3,,,,,,,,,1,False
6290,00-0035298,Scott Miller,WR,CHI,2021,6,7,0,0,0,7,2,2.77,19.4,,,,,,,,,0,False
6290,00-0035298,Scott Miller,WR,CHI,2022,12,0,0,0,0,0,0,2.57,0.0,,,,,,,,,0,False
6290,00-0035298,Scott Miller,WR,CHI,2023,11,0,0,0,0,0,0,3.05,0.0,,,,,,,,,0,False
6290,00-0035298,Scott Miller,WR,CHI,2024,6,0,0,0,0,0,0,1.57,0.0,,,,,,,,,0,False
6290,00-0035298,Scott Miller,WR,CHI,2025,5,4,0,0,4,0,1,2.14,8.6,,,,,,,,,0,False
6290,00-0035298,Scott Miller,WR,CHI,2026,0,0,0,0,0,0,0,2.14,0.0,,,,,,,,,0,True
2039,00-0031166,Seth Roberts,WR,GB,2016,16,0,0,0,0,0,0,5.79,0.0,,,,,,,,,0,False
2039,00-0031166,Seth Roberts,WR,GB,2017,15,0,0,0,0,0,0,4.6,0.0,,,,,,,,,0,False
2039,00-0031166,Seth Roberts,WR,GB,2018,15,0,1,0,0,0,1,5.63,0.0,,,,,,,,,0,False
2039,00-0031166,Seth Roberts,WR,GB,2019,14,0,1,0,0,0,1,3.54,0.0,,,,,,,,,0,False
2039,00-0031166,Seth Roberts,WR,GB,2020,3,0,0,0,0,0,0,1.7,0.0,,,,,,,,,0,False
8168,00-0038090,Skyy Moore,WR,GB,2022,16,1,0,0,1,0,1,2.4,2.4,,,,,,131.9,135.0,WR46,0,False
8168,00-0038090,Skyy Moore,WR,GB,2023,13,3,0,0,0,3,1,3.32,10.0,121.7,126.0,WR53,6.71,20.1,127.4,132.0,WR50,0,False
8168,00-0038090,Skyy Moore,WR,GB,2024,3,11,0,0,0,11,1,0.0,0.0,,,,,,,,,0,False
8168,00-0038090,Skyy Moore,WR,GB,2025,17,0,0,0,0,0,0,0.72,0.0,,,,,,,,,0,False
8168,00-0038090,Skyy Moore,WR,GB,2026,4,0,0,0,0,0,0,1.62,0.0,,,,,,,,,0,False
2449,00-0031588,Stefon Diggs,WR,WAS,2016,13,3,3,0,3,0,4,11.64,34.9,,,,,,112.1,114.0,WR41,0,False
2449,00-0031588,Stefon Diggs,WR,WAS,2017,14,2,1,0,2,0,1,11.87,23.7,,,,,,82.0,87.0,WR31,0,False
2449,00-0031588,Stefon Diggs,WR,WAS,2018,15,1,1,0,1,0,2,14.35,14.3,26.1,25.0,WR10,13.31,13.3,33.2,34.0,WR11,0,False
2449,00-0031588,Stefon Diggs,WR,WAS,2019,15,0,1,0,0,0,1,12.17,0.0,32.9,34.0,WR12,11.66,0.0,40.2,42.0,WR13,0,False
2449,00-0031588,Stefon Diggs,WR,WAS,2020,16,0,0,0,0,0,0,16.57,0.0,62.7,66.0,WR27,10.87,0.0,62.5,64.0,WR22,0,False
2449,00-0031588,Stefon Diggs,WR,WAS,2021,17,0,0,0,0,0,0,13.76,0.0,15.6,16.0,WR3,14.92,0.0,20.4,22.0,WR3,0,False
2449,00-0031588,Stefon Diggs,WR,WAS,2022,16,0,0,0,0,0,0,16.41,0.0,14.2,13.0,WR5,14.92,0.0,21.1,22.0,WR5,0,False
2449,00-0031588,Stefon Diggs,WR,WAS,2023,17,0,0,0,0,0,0,12.96,0.0,11.1,11.0,WR5,15.04,0.0,16.9,17.0,WR5,0,False
2449,00-0031588,Stefon Diggs,WR,WAS,2024,8,9,0,0,0,9,2,12.3,110.7,44.2,45.0,WR22,10.43,93.9,53.2,55.0,WR19,0,False
2449,00-0031588,Stefon Diggs,WR,WAS,2025,17,0,1,0,0,0,1,9.87,0.0,81.0,83.0,WR39,8.11,0.0,107.2,110.0,WR44,0,False
2449,00-0031588,Stefon Diggs,WR,WAS,2026,4,0,0,0,0,0,0,11.0,0.0,,,,,,123.6,126.0,WR48,0,False
3200,00-0032385,Sterling Shepard,WR,NYJ,2016,16,0,0,0,0,0,0,9.49,0.0,,,,,,103.3,105.0,WR39,0,False
3200,00-0032385,Sterling Shepard,WR,NYJ,2017,11,4,1,0,4,0,4,10.45,41.8,,,,,,133.9,186.0,WR60,1,False
3200,00-0032385,Sterling Shepard,WR,NYJ,2018,16,0,0,0,0,0,0,9.34,0.0,112.6,115.0,WR46,8.37,0.0,134.1,138.0,WR46,0,False
3200,00-0032385,Sterling Shepard,WR,NYJ,2019,10,6,0,0,6,0,2,11.33,68.0,93.6,94.0,WR37,9.27,55.6,102.6,103.0,WR35,0,False
3200,00-0032385,Sterling Shepard,WR,NYJ,2020,12,4,0,0,0,4,1,10.79,43.2,117.2,123.0,WR48,9.15,36.6,112.0,115.0,WR40,1,False
3200,00-0032385,Sterling Shepard,WR,NYJ,2021,7,10,3,0,7,3,5,8.53,85.3,,,,,,,,,2,False
3200,00-0032385,Sterling Shepard,WR,NYJ,2022,3,14,0,0,0,14,2,9.3,130.2,,,,,,,,,0,False
3200,00-0032385,Sterling Shepard,WR,NYJ,2023,10,0,0,0,0,0,0,1.73,0.0,,,,,,,,,0,False
3200,00-0032385,Sterling Shepard,WR,NYJ,2024,13,1,3,0,1,0,3,4.95,5.0,,,,,,,,,0,False
3200,00-0032385,Sterling Shepard,WR,NYJ,2025,13,0,0,0,0,0,0,4.81,0.0,,,,,,,,,0,False
3200,00-0032385,Sterling Shepard,WR,NYJ,2026,2,0,0,0,0,0,0,1.4,0.0,,,,,,,,,0,False
169,00-0020337,Steve Smith,WR,BAL,2016,14,2,2,0,2,0,3,10.64,21.3,,,,,,114.3,118.0,WR42,1,False
6402,00-0034928,Steven Sims,WR,ARI,2019,16,0,1,0,0,0,1,5.78,0.0,,,,,,,,,0,False
6402,00-0034928,Steven Sims,WR,ARI,2020,12,4,1,0,1,3,1,3.98,15.9,,,,,,,,,0,False
6402,00-0034928,Steven Sims,WR,ARI,2021,0,0,0,0,0,0,0,3.98,0.0,,,,,,,,,0,True
6402,00-0034928,Steven Sims,WR,ARI,2022,12,1,0,0,1,0,1,2.03,2.0,,,,,,,,,0,False
6402,00-0034928,Steven Sims,WR,ARI,2023,3,0,0,0,0,0,0,1.37,0.0,,,,,,,,,0,False
6402,00-0034928,Steven Sims,WR,ARI,2024,9,2,0,0,2,0,1,0.0,0.0,,,,,,,,,0,False
6402,00-0034928,Steven Sims,WR,ARI,2025,3,0,0,0,0,0,0,0.0,0.0,,,,,,,,,0,False
2121,00-0031189,T.J. Jones,WR,NYG,2017,13,2,0,0,0,2,1,4.84,9.7,,,,,,,,,0,False
2121,00-0031189,T.J. Jones,WR,NYG,2018,12,0,0,0,0,0,0,3.38,0.0,,,,,,,,,0,False
2121,00-0031189,T.J. Jones,WR,NYG,2019,3,0,0,0,0,0,0,3.77,0.0,,,,,,,,,0,False
1110,00-0029608,T.Y. Hilton,WR,DAL,2016,16,0,4,0,0,0,3,14.27,0.0,,,,,,38.1,39.0,WR15,1,False
1110,00-0029608,T.Y. Hilton,WR,DAL,2017,16,0,1,0,0,0,1,9.19,0.0,,,,,,33.2,35.0,WR12,0,False
1110,00-0029608,T.Y. Hilton,WR,DAL,2018,14,2,4,0,2,0,3,14.36,28.7,28.1,28.0,WR12,12.72,25.4,31.8,32.0,WR10,0,False
1110,00-0029608,T.Y. Hilton,WR,DAL,2019,10,6,4,0,6,0,2,10.26,61.6,53.6,54.0,WR22,10.38,62.3,47.7,49.0,WR15,1,False
1110,00-0029608,T.Y. Hilton,WR,DAL,2020,15,1,0,0,1,0,1,9.08,9.1,59.8,61.0,WR25,11.1,11.1,57.8,60.0,WR21,0,False
1110,00-0029608,T.Y. Hilton,WR,DAL,2021,10,7,1,0,2,5,3,6.26,43.8,161.8,195.0,WR68,8.07,56.5,,,,0,False
1110,00-0029608,T.Y. Hilton,WR,DAL,2022,3,0,0,0,0,0,0,5.2,0.0,,,,,,,,,0,False
3297,00-0032778,Tajae Sharpe,WR,SF,2016,16,0,1,0,0,0,1,5.3,0.0,,,,,,160.0,184.0,WR63,0,False
3297,00-0032778,Tajae Sharpe,WR,SF,2017,0,16,0,0,0,16,2,5.3,84.8,,,,,,,,,0,True
3297,00-0032778,Tajae Sharpe,WR,SF,2018,15,1,2,0,1,0,2,3.88,3.9,,,,,,,,,0,False
3297,00-0032778,Tajae Sharpe,WR,SF,2019,13,1,1,0,1,0,1,5.34,5.3,,,,,,,,,0,False
3297,00-0032778,Tajae Sharpe,WR,SF,2020,3,0,0,0,0,0,0,0.0,0.0,,,,,,,,,0,False
3297,00-0032778,Tajae Sharpe,WR,SF,2021,14,2,0,0,1,1,1,2.54,5.1,,,,,,,,,0,False
3297,00-0032778,Tajae Sharpe,WR,SF,2022,0,1,0,0,0,1,1,2.54,2.5,,,,,,,,,0,True
9502,00-0038977,Tank Dell,WR,HOU,2023,10,7,0,0,2,5,2,14.15,99.0,,,,,,,,,1,False
9502,00-0038977,Tank Dell,WR,HOU,2024,14,3,1,0,1,2,3,8.18,24.5,48.5,51.0,WR25,10.15,30.5,127.1,133.0,WR50,0,False
9502,00-0038977,Tank Dell,WR,HOU,2025,0,17,0,0,0,17,2,8.18,139.1,,,,,,,,,0,True
9502,00-0038977,Tank Dell,WR,HOU,2026,0,4,0,0,0,4,1,8.18,32.7,,,,,,,,,0,True
1567,00-0030525,Tavon Austin,WR,BUF,2016,15,1,1,0,1,0,2,7.85,7.8,,,,,,127.3,132.0,WR49,0,False
1567,00-0030525,Tavon Austin,WR,BUF,2017,14,0,0,0,0,0,0,3.16,0.0,,,,,,,,,0,False
1567,00-0030525,Tavon Austin,WR,BUF,2018,7,9,0,0,9,0,2,5.07,45.6,,,,,,,,,0,False
1567,00-0030525,Tavon Austin,WR,BUF,2019,14,2,0,0,2,0,1,2.92,5.8,,,,,,,,,0,False
1567,00-0030525,Tavon Austin,WR,BUF,2020,4,7,0,0,0,7,1,1.12,7.8,,,,,,,,,0,False
1567,00-0030525,Tavon Austin,WR,BUF,2021,11,4,0,0,1,3,2,3.76,15.0,,,,,,,,,0,False
1567,00-0030525,Tavon Austin,WR,BUF,2022,0,0,0,0,0,0,0,3.76,0.0,,,,,,,,,0,True
1903,00-0031228,Taylor Gabriel,WR,CHI,2016,12,2,0,0,2,0,2,10.21,20.4,,,,,,,,,1,False
1903,00-0031228,Taylor Gabriel,WR,CHI,2017,16,0,0,0,0,0,0,4.08,0.0,,,,,,131.8,179.0,WR56,0,False
1903,00-0031228,Taylor Gabriel,WR,CHI,2018,16,0,0,0,0,0,0,7.4,0.0,,,,,,,,,0,False
1903,00-0031228,Taylor Gabriel,WR,CHI,2019,9,7,0,0,7,0,2,8.42,58.9,,,,,,,,,0,False
1903,00-0031228,Taylor Gabriel,WR,CHI,2020,0,0,0,0,0,0,0,8.42,0.0,,,,,,,,,0,True
4125,00-0033911,Taywan Taylor,WR,HOU,2018,13,3,0,0,3,0,1,5.32,16.0,161.8,193.0,WR68,7.11,21.3,164.5,195.0,WR62,1,False
4125,00-0033911,Taywan Taylor,WR,HOU,2019,2,0,0,0,0,0,0,0.0,0.0,,,,,,,,,0,False
4125,00-0033911,Taywan Taylor,WR,HOU,2020,1,5,0,0,1,4,1,0.0,0.0,,,,,,,,,0,False
4125,00-0033911,Taywan Taylor,WR,HOU,2021,0,1,0,0,0,1,1,0.0,0.0,,,,,,,,,0,True
695,00-0025396,Ted Ginn,WR,CHI,2016,16,0,1,0,0,0,1,8.5,0.0,,,,,,,,,0,False
695,00-0025396,Ted Ginn,WR,CHI,2017,15,1,0,0,1,0,1,8.87,8.9,,,,,,132.3,181.0,WR57,0,False
695,00-0025396,Ted Ginn,WR,CHI,2018,5,11,0,0,2,9,3,8.8,96.8,,,,,,,,,0,False
695,00-0025396,Ted Ginn,WR,CHI,2019,15,1,0,0,1,0,1,4.73,4.7,,,,,,,,,0,False
695,00-0025396,Ted Ginn,WR,CHI,2020,5,3,0,0,3,0,2,1.1,3.3,,,,,,,,,0,False
6801,00-0036410,Tee Higgins,WR,CIN,2020,15,0,1,0,0,0,1,10.74,0.0,,,,,,,,,0,False
6801,00-0036410,Tee Higgins,WR,CIN,2021,14,2,1,0,2,0,2,13.01,26.0,64.6,66.0,WR26,10.18,20.4,78.9,82.0,WR25,0,False
6801,00-0036410,Tee Higgins,WR,CIN,2022,14,2,3,0,2,0,3,13.14,26.3,33.2,33.0,WR13,12.06,24.1,47.8,48.0,WR13,1,False
6801,00-0036410,Tee Higgins,WR,CIN,2023,12,5,1,0,5,0,3,9.72,48.6,28.5,29.0,WR13,11.67,58.4,33.9,36.0,WR13,0,False
6801,00-0036410,Tee Higgins,WR,CIN,2024,12,5,2,0,5,0,3,15.47,77.4,48.5,50.0,WR24,10.24,51.2,123.7,129.0,WR49,0,False
6801,00-0036410,Tee Higgins,WR,CIN,2025,15,2,1,0,2,0,2,12.14,24.3,25.1,25.0,WR11,11.22,22.4,39.9,38.0,WR11,0,False
6801,00-0036410,Tee Higgins,WR,CIN,2026,4,0,0,0,0,0,0,14.65,0.0,,,,,,48.5,49.0,WR14,0,False
7565,00-0036955,Terrace Marshall Jr.,WR,PHI,2021,12,3,0,0,2,1,2,2.02,6.1,162.2,197.0,WR69,8.04,24.1,155.2,191.0,WR59,0,False
7565,00-0036955,Terrace Marshall Jr.,WR,PHI,2022,13,0,1,0,0,0,1,5.31,0.0,,,,,,,,,0,False
7565,00-0036955,Terrace Marshall Jr.,WR,PHI,2023,8,0,0,0,0,0,0,2.93,0.0,,,,,,,,,0,False
7565,00-0036955,Terrace Marshall Jr.,WR,PHI,2024,5,0,0,0,0,0,0,1.12,0.0,,,,,,,,,0,False
7565,00-0036955,Terrace Marshall Jr.,WR,PHI,2025,0,0,0,0,0,0,0,1.12,0.0,,,,,,,,,0,True
1490,00-0030542,Terrance Williams,WR,DAL,2016,15,0,1,0,0,0,1,6.89,0.0,,,,,,,,,0,False
1490,00-0030542,Terrance Williams,WR,DAL,2017,16,0,2,0,0,0,1,5.3,0.0,,,,,,,,,0,False
1490,00-0030542,Terrance Williams,WR,DAL,2018,2,10,0,0,1,9,2,1.4,14.0,,,,,,,,,0,False
1020,00-0028825,Terrelle Pryor,WR,JAX,2016,16,0,1,0,0,0,1,10.93,0.0,,,,,,,,,0,False
1020,00-0028825,Terrelle Pryor,WR,JAX,2017,8,7,0,0,1,6,1,5.0,35.0,,,,,,40.2,42.0,WR14,0,False
1020,00-0028825,Terrelle Pryor,WR,JAX,2018,8,1,0,0,1,0,1,5.64,5.6,,,,,,,,,0,False
1020,00-0028825,Terrelle Pryor,WR,JAX,2019,0,0,0,0,0,0,0,5.64,0.0,,,,,,,,,0,True
5927,00-0035659,Terry McLaurin,WR,WAS,2019,14,2,1,0,2,0,2,11.64,23.3,,,,,,,,,0,False
5927,00-0035659,Terry McLaurin,WR,WAS,2020,15,1,4,0,1,0,3,12.02,12.0,51.3,52.0,WR22,11.48,11.5,68.8,72.0,WR25,0,False
5927,00-0035659,Terry McLaurin,WR,WAS,2021,17,0,1,0,0,0,1,10.29,0.0,29.5,31.0,WR10,12.28,0.0,40.4,42.0,WR11,0,False
5927,00-0035659,Terry McLaurin,WR,WAS,2022,17,0,0,0,0,0,0,11.21,0.0,42.3,43.0,WR17,11.25,0.0,53.5,55.0,WR15,0,False
5927,00-0035659,Terry McLaurin,WR,WAS,2023,17,0,0,0,0,0,0,9.63,0.0,51.6,54.0,WR23,9.66,0.0,76.1,79.0,WR26,0,False
5927,00-0035659,Terry McLaurin,WR,WAS,2024,17,0,0,0,0,0,0,13.34,0.0,70.6,74.0,WR34,9.47,0.0,73.7,77.0,WR28,0,False
5927,00-0035659,Terry McLaurin,WR,WAS,2025,10,7,0,0,7,0,2,9.52,66.6,35.3,38.0,WR18,10.01,70.1,53.7,56.0,WR18,0,False
5927,00-0035659,Terry McLaurin,WR,WAS,2026,3,1,0,0,1,0,1,8.37,8.4,,,,,,70.5,75.0,WR27,0,False
12526,00-0040124,Tetairoa McMillan,WR,CAR,2025,17,0,3,0,0,0,3,10.49,0.0,49.7,52.0,WR24,9.3,0.0,68.8,73.0,WR27,0,False
12526,00-0040124,Tetairoa McMillan,WR,CAR,2026,4,0,0,0,0,0,0,15.38,0.0,,,,,,52.7,53.0,WR17,0,False
12485,00-0040237,Tez Johnson,WR,TB,2025,15,0,0,0,0,0,0,5.23,0.0,,,,,,,,,0,False
12485,00-0040237,Tez Johnson,WR,TB,2026,4,0,0,0,0,0,0,2.5,0.0,,,,,,,,,0,False
4351,00-0033375,Tim Patrick,WR,NYJ,2020,15,1,1,0,1,0,1,9.05,9.1,,,,,,,,,0,False
4351,00-0033375,Tim Patrick,WR,NYJ,2021,16,1,1,0,0,1,2,8.12,8.1,,,,,,,,,0,False
4351,00-0033375,Tim Patrick,WR,NYJ,2022,0,17,0,0,0,17,2,8.12,138.0,,,,,,,,,0,True
4351,00-0033375,Tim Patrick,WR,NYJ,2023,0,17,0,0,0,17,2,8.12,138.0,,,,,,,,,0,True
4351,00-0033375,Tim Patrick,WR,NYJ,2024,15,0,0,0,0,0,0,5.06,0.0,,,,,,,,,0,False
4351,00-0033375,Tim Patrick,WR,NYJ,2025,13,2,0,0,2,0,1,3.4,6.8,,,,,,,,,0,False
4351,00-0033375,Tim Patrick,WR,NYJ,2026,0,4,0,0,0,4,1,3.4,13.6,,,,,,,,,0,True
826,00-0027996,Torrey Smith,WR,CAR,2016,12,4,3,0,2,2,4,4.56,18.2,,,,,,117.6,122.0,WR44,0,False
826,00-0027996,Torrey Smith,WR,CAR,2017,16,0,1,0,0,0,1,4.54,0.0,,,,,,,,,0,False
826,00-0027996,Torrey Smith,WR,CAR,2018,8,7,0,0,7,0,1,5.19,36.3,,,,,,,,,0,False
826,00-0027996,Torrey Smith,WR,CAR,2019,0,0,0,0,0,0,0,5.19,0.0,,,,,,,,,0,True
12497,00-0040648,Tory Horton,WR,SEA,2025,8,9,0,0,2,7,2,7.33,66.0,,,,,,153.5,196.0,WR68,0,False
12497,00-0040648,Tory Horton,WR,SEA,2026,2,2,0,0,2,0,1,6.7,13.4,,,,,,,,,0,False
1077,00-0029269,Travis Benjamin,WR,SF,2016,14,1,4,0,1,0,2,7.92,7.9,,,,,,125.6,127.0,WR47,1,False
1077,00-0029269,Travis Benjamin,WR,SF,2017,16,0,1,0,0,0,1,7.08,0.0,,,,,,,,,1,False
1077,00-0029269,Travis Benjamin,WR,SF,2018,12,4,2,0,4,0,1,2.89,11.6,,,,,,,,,1,False
1077,00-0029269,Travis Benjamin,WR,SF,2019,5,11,1,0,1,10,3,1.2,13.2,,,,,,,,,0,False
1077,00-0029269,Travis Benjamin,WR,SF,2020,0,9,0,0,0,9,2,1.2,10.8,,,,,,,,,0,True
1077,00-0029269,Travis Benjamin,WR,SF,2021,5,0,0,0,0,0,0,0.0,0.0,,,,,,,,,0,False
6059,00-0035592,Travis Fulgham,WR,GB,2020,12,0,0,0,0,0,0,8.08,0.0,,,,,,,,,0,False
6059,00-0035592,Travis Fulgham,WR,GB,2021,0,0,0,0,0,0,0,8.08,0.0,,,,,,,,,0,True
6059,00-0035592,Travis Fulgham,WR,GB,2022,0,0,0,0,0,0,0,8.08,0.0,,,,,,,,,0,True
12530,00-0040718,Travis Hunter,WR,JAX,2025,7,10,0,0,0,10,1,7.11,71.1,70.8,73.0,WR34,8.45,84.5,88.1,91.0,WR34,0,False
12530,00-0040718,Travis Hunter,WR,JAX,2026,4,0,0,0,0,0,0,0.4,0.0,,,,,,,,,0,False
12509,00-0040727,Tre Harris,WR,LAC,2025,16,0,0,0,0,0,0,3.4,0.0,,,,,,148.9,187.0,WR65,0,False
12509,00-0040727,Tre Harris,WR,LAC,2026,4,0,0,0,0,0,0,6.85,0.0,,,,,,,,,0,False
10213,00-0038563,Tre Tucker,WR,LV,2023,13,0,0,0,0,0,0,4.79,0.0,,,,,,,,,0,False
10213,00-0038563,Tre Tucker,WR,LV,2024,17,0,0,0,0,0,0,6.22,0.0,,,,,,,,,0,False
10213,00-0038563,Tre Tucker,WR,LV,2025,17,0,0,0,0,0,0,7.84,0.0,,,,,,,,,0,False
10213,00-0038563,Tre Tucker,WR,LV,2026,4,0,0,0,0,0,0,9.2,0.0,,,,,,,,,0,False
5026,00-0034765,Tre'Quan Smith,WR,DET,2018,13,1,0,0,1,0,1,6.67,6.7,,,,,,,,,0,False
5026,00-0034765,Tre'Quan Smith,WR,DET,2019,10,6,0,0,6,0,1,6.24,37.4,157.0,171.0,WR60,8.24,49.4,,,,0,False
5026,00-0034765,Tre'Quan Smith,WR,DET,2020,13,3,0,0,1,2,2,6.62,19.9,,,,,,,,,1,False
5026,00-0034765,Tre'Quan Smith,WR,DET,2021,10,7,0,0,2,5,3,7.17,50.2,175.8,219.0,WR72,7.95,55.6,,,,0,False
5026,00-0034765,Tre'Quan Smith,WR,DET,2022,10,2,0,0,2,0,1,4.33,8.7,,,,,,,,,0,False
5026,00-0034765,Tre'Quan Smith,WR,DET,2023,0,3,0,0,0,3,1,4.33,13.0,,,,,,,,,0,True
5026,00-0034765,Tre'Quan Smith,WR,DET,2024,0,6,0,0,0,6,2,4.33,26.0,,,,,,,,,0,True
5154,00-0034487,Trent Sherfield,WR,BUF,2022,16,0,1,0,0,0,1,4.29,0.0,,,,,,,,,0,False
5154,00-0034487,Trent Sherfield,WR,BUF,2023,11,1,0,0,1,0,1,1.83,1.8,,,,,,,,,0,False
5154,00-0034487,Trent Sherfield,WR,BUF,2024,13,0,0,0,0,0,0,1.41,0.0,,,,,,,,,0,False
5154,00-0034487,Trent Sherfield,WR,BUF,2025,4,1,0,0,1,0,1,0.9,0.9,,,,,,,,,0,False
5154,00-0034487,Trent Sherfield,WR,BUF,2026,0,0,0,0,0,0,0,0.9,0.0,,,,,,,,,0,True
4218,00-0033292,Trent Taylor,WR,SF,2017,15,1,1,0,1,0,2,5.1,5.1,,,,,,,,,1,False
4218,00-0033292,Trent Taylor,WR,SF,2018,13,1,1,0,1,0,1,3.27,3.3,,,,,,,,,0,False
4218,00-0033292,Trent Taylor,WR,SF,2019,0,16,0,0,2,14,2,3.27,52.3,,,,,,,,,0,True
4218,00-0033292,Trent Taylor,WR,SF,2020,12,2,1,0,0,2,2,1.13,2.3,,,,,,,,,0,False
4218,00-0033292,Trent Taylor,WR,SF,2021,4,0,0,0,0,0,0,1.28,0.0,,,,,,,,,0,False
4218,00-0033292,Trent Taylor,WR,SF,2022,16,0,2,0,0,0,2,0.67,0.0,,,,,,,,,0,False
4218,00-0033292,Trent Taylor,WR,SF,2023,15,0,0,0,0,0,0,-0.01,-0.0,,,,,,,,,0,False
4218,00-0033292,Trent Taylor,WR,SF,2024,2,0,0,0,0,0,0,0.8,0.0,,,,,,,,,0,False
4218,00-0033292,Trent Taylor,WR,SF,2025,0,17,0,0,0,17,2,0.8,13.6,,,,,,,,,0,True
9492,00-0039052,Trey Palmer,WR,NO,2023,17,0,2,0,0,0,2,4.48,0.0,,,,,,,,,0,False
9492,00-0039052,Trey Palmer,WR,NO,2024,15,2,3,0,2,0,3,1.95,3.9,,,,,,,,,0,False
9492,00-0039052,Trey Palmer,WR,NO,2025,0,15,0,0,2,13,3,1.95,29.2,,,,,,,,,0,True
9492,00-0039052,Trey Palmer,WR,NO,2026,0,0,0,0,0,0,0,1.95,0.0,,,,,,,,,0,True
8135,00-0037742,Treylon Burks,WR,WAS,2022,11,6,2,0,2,4,4,6.51,39.1,,,,,,147.5,162.0,WR51,1,False
8135,00-0037742,Treylon Burks,WR,WAS,2023,9,7,0,0,7,0,2,3.54,24.8,90.7,94.0,WR40,7.71,54.0,108.0,110.0,WR40,0,False
8135,00-0037742,Treylon Burks,WR,WAS,2024,5,12,0,0,0,12,1,1.1,13.2,,,,,,,,,1,False
8135,00-0037742,Treylon Burks,WR,WAS,2025,8,6,0,0,1,5,2,3.0,18.0,,,,,,,,,0,False
8135,00-0037742,Treylon Burks,WR,WAS,2026,3,0,0,0,0,0,0,6.5,0.0,,,,,,,,,0,False
11627,00-0039868,Troy Franklin,WR,DEN,2025,17,0,0,0,0,0,0,8.51,0.0,,,,,,,,,0,False
11627,00-0039868,Troy Franklin,WR,DEN,2026,3,0,0,0,0,0,0,2.1,0.0,,,,,,,,,0,False
7562,00-0036849,Tutu Atwell,WR,LAR,2023,14,2,0,0,2,0,1,6.64,13.3,,,,,,,,,0,False
7562,00-0036849,Tutu Atwell,WR,LAR,2024,15,0,0,0,0,0,0,5.19,0.0,,,,,,,,,0,False
7562,00-0036849,Tutu Atwell,WR,LAR,2025,8,8,0,0,2,6,2,3.52,28.2,,,,,,,,,0,False
7562,00-0036849,Tutu Atwell,WR,LAR,2026,2,0,0,0,0,0,0,1.85,0.0,,,,,,,,,0,False
3225,00-0033009,Tyler Boyd,WR,TEN,2016,16,0,0,0,0,0,0,6.07,0.0,,,,,,151.9,164.0,WR57,0,False
3225,00-0033009,Tyler Boyd,WR,TEN,2017,10,4,0,0,4,0,1,4.55,18.2,,,,,,,,,0,False
3225,00-0033009,Tyler Boyd,WR,TEN,2018,14,2,0,0,1,1,1,13.08,26.2,,,,,,,,,0,False
3225,00-0033009,Tyler Boyd,WR,TEN,2019,16,0,0,0,0,0,0,11.12,0.0,54.2,55.0,WR23,10.28,0.0,73.0,74.0,WR24,0,False
3225,00-0033009,Tyler Boyd,WR,TEN,2020,15,1,0,0,1,0,1,10.21,10.2,76.7,79.0,WR32,10.36,10.4,84.1,86.0,WR31,1,False
3225,00-0033009,Tyler Boyd,WR,TEN,2021,16,0,0,0,0,0,0,9.4,0.0,94.3,97.0,WR38,9.35,0.0,110.0,114.0,WR37,0,False
3225,00-0033009,Tyler Boyd,WR,TEN,2022,16,0,1,0,0,0,1,8.63,0.0,,,,,,,,,1,False
3225,00-0033009,Tyler Boyd,WR,TEN,2023,17,0,1,0,0,0,1,6.55,0.0,134.6,143.0,WR58,6.4,0.0,151.8,181.0,WR58,0,False
3225,00-0033009,Tyler Boyd,WR,TEN,2024,15,2,3,0,2,0,3,3.92,7.8,,,,,,,,,1,False
2374,00-0032211,Tyler Lockett,WR,LV,2016,15,1,2,0,0,1,3,6.91,6.9,,,,,,87.9,90.0,WR32,0,False
2374,00-0032211,Tyler Lockett,WR,LV,2017,16,0,1,0,0,0,1,6.36,0.0,,,,,,,,,0,False
2374,00-0032211,Tyler Lockett,WR,LV,2018,16,0,0,0,0,0,0,12.12,0.0,129.6,135.0,WR52,7.98,0.0,151.5,160.0,WR54,0,False
2374,00-0032211,Tyler Lockett,WR,LV,2019,16,0,0,0,0,0,0,12.14,0.0,43.8,45.0,WR18,10.8,0.0,60.6,61.0,WR20,0,False
2374,00-0032211,Tyler Lockett,WR,LV,2020,16,0,1,0,0,0,1,13.46,0.0,51.6,53.0,WR23,11.34,0.0,52.1,54.0,WR17,0,False
2374,00-0032211,Tyler Lockett,WR,LV,2021,16,1,1,0,0,1,2,12.81,12.8,51.9,53.0,WR20,10.75,10.8,64.4,66.0,WR20,0,False
2374,00-0032211,Tyler Lockett,WR,LV,2022,16,1,4,0,1,0,3,12.33,12.3,106.5,101.0,WR40,8.69,8.7,133.3,138.0,WR47,0,False
2374,00-0032211,Tyler Lockett,WR,LV,2023,17,0,2,0,0,0,2,9.58,0.0,62.7,65.0,WR28,8.96,0.0,84.6,87.0,WR28,0,False
2374,00-0032211,Tyler Lockett,WR,LV,2024,17,0,1,0,0,0,1,5.68,0.0,111.9,114.0,WR49,8.66,0.0,111.8,116.0,WR43,0,False
2374,00-0032211,Tyler Lockett,WR,LV,2025,17,0,0,0,0,0,0,3.01,0.0,,,,,,,,,0,False
8188,00-0038104,Tyquan Thornton,WR,KC,2025,12,3,0,0,1,2,1,5.94,17.8,,,,,,,,,0,False
8188,00-0038104,Tyquan Thornton,WR,KC,2026,4,0,0,0,0,0,0,9.85,0.0,,,,,,,,,0,False
3321,00-0033040,Tyreek Hill,WR,MIA,2016,16,0,0,0,0,0,0,11.78,0.0,,,,,,,,,0,False
3321,00-0033040,Tyreek Hill,WR,MIA,2017,15,1,0,0,1,0,1,13.85,13.8,,,,,,54.1,54.0,WR19,0,False
3321,00-0033040,Tyreek Hill,WR,MIA,2018,16,0,1,0,0,0,1,18.16,0.0,26.2,26.0,WR11,13.0,0.0,34.7,36.0,WR12,0,False
3321,00-0033040,Tyreek Hill,WR,MIA,2019,12,4,1,0,4,0,1,13.28,53.1,16.7,17.0,WR7,12.81,51.2,16.4,17.0,WR7,1,False
3321,00-0033040,Tyreek Hill,WR,MIA,2020,15,1,1,0,1,0,1,19.03,19.0,13.6,14.0,WR3,17.41,17.4,20.0,20.0,WR4,0,False
3321,00-0033040,Tyreek Hill,WR,MIA,2021,17,0,2,0,0,0,1,14.18,0.0,11.2,12.0,WR2,15.81,0.0,15.4,16.0,WR2,0,False
3321,00-0033040,Tyreek Hill,WR,MIA,2022,17,0,1,0,0,0,1,16.57,0.0,23.6,24.0,WR8,13.51,0.0,35.5,37.0,WR8,0,False
3321,00-0033040,Tyreek Hill,WR,MIA,2023,16,1,1,0,1,0,1,19.81,19.8,4.6,4.0,WR2,18.27,18.3,8.7,10.0,WR3,0,False
3321,00-0033040,Tyreek Hill,WR,MIA,2024,17,0,5,0,0,0,3,10.45,0.0,3.9,4.0,WR2,15.72,0.0,6.3,6.0,WR1,0,False
3321,00-0033040,Tyreek Hill,WR,MIA,2025,4,13,0,0,0,13,2,10.75,139.8,29.5,31.0,WR14,10.63,138.2,45.2,46.0,WR15,1,False
2583,00-0032160,Tyrell Williams,WR,DET,2016,16,0,4,0,0,0,2,11.4,0.0,,,,,,,,,0,False
2583,00-0032160,Tyrell Williams,WR,DET,2017,16,0,1,0,0,0,1,7.27,0.0,,,,,,114.6,122.0,WR42,0,False
2583,00-0032160,Tyrell Williams,WR,DET,2018,15,1,1,0,1,0,1,7.82,7.8,159.7,179.0,WR62,7.41,7.4,,,,0,False
2583,00-0032160,Tyrell Williams,WR,DET,2019,13,3,1,0,3,0,3,9.39,28.2,133.6,141.0,WR54,8.47,25.4,,,,0,False
2583,00-0032160,Tyrell Williams,WR,DET,2020,0,16,0,0,0,16,2,9.39,150.2,,,,,,,,,0,True
2583,00-0032160,Tyrell Williams,WR,DET,2021,1,7,0,0,1,6,1,2.4,16.8,155.7,177.0,WR59,8.38,58.7,,,,0,False
6063,00-0035457,Tyron Johnson,WR,DAL,2020,11,0,0,0,0,0,0,6.32,0.0,,,,,,,,,0,False
6063,00-0035457,Tyron Johnson,WR,DAL,2021,7,0,0,0,0,0,0,0.37,0.0,,,,,,,,,0,False
6063,00-0035457,Tyron Johnson,WR,DAL,2022,2,0,0,0,0,0,0,0.65,0.0,,,,,,,,,0,False
6063,00-0035457,Tyron Johnson,WR,DAL,2023,0,0,0,0,0,0,0,0.65,0.0,,,,,,,,,0,True
6063,00-0035457,Tyron Johnson,WR,DAL,2024,0,0,0,0,0,0,0,0.65,0.0,,,,,,,,,0,True
6853,00-0036415,Van Jefferson,WR,WAS,2021,17,0,0,0,0,0,0,8.42,0.0,,,,,,,,,0,False
6853,00-0036415,Van Jefferson,WR,WAS,2022,10,7,1,0,3,4,2,6.69,46.8,,,,,,,,,0,False
6853,00-0036415,Van Jefferson,WR,WAS,2023,14,0,0,0,0,0,0,2.24,0.0,,,,,,,,,0,False
6853,00-0036415,Van Jefferson,WR,WAS,2024,15,0,0,0,0,0,0,3.44,0.0,,,,,,,,,0,False
6853,00-0036415,Van Jefferson,WR,WAS,2025,14,1,2,0,0,1,3,3.96,4.0,,,,,,,,,1,False
6853,00-0036415,Van Jefferson,WR,WAS,2026,0,0,0,0,0,0,0,3.96,0.0,,,,,,,,,0,True
719,00-0027265,Victor Cruz,WR,CHI,2016,14,1,0,0,1,0,1,5.86,5.9,,,,,,145.1,154.0,WR55,1,False
719,00-0027265,Victor Cruz,WR,CHI,2017,0,0,0,0,0,0,0,5.86,0.0,,,,,,,,,0,True
128,00-0023496,Vincent Jackson,WR,TB,2016,5,11,0,0,0,11,1,4.96,54.6,,,,,,139.3,146.0,WR54,0,False
8126,00-0038117,Wan'Dale Robinson,WR,TEN,2023,15,2,2,0,2,0,2,6.88,13.8,163.5,185.0,WR67,5.89,11.8,,,,0,False
8126,00-0038117,Wan'Dale Robinson,WR,TEN,2024,17,0,0,0,0,0,0,8.01,0.0,,,,,,,,,0,False
8126,00-0038117,Wan'Dale Robinson,WR,TEN,2025,16,1,1,0,0,1,2,10.74,10.7,,,,,,150.9,194.0,WR67,0,False
8126,00-0038117,Wan'Dale Robinson,WR,TEN,2026,4,0,0,0,0,0,0,8.1,0.0,,,,,,130.1,135.0,WR52,0,False
3157,00-0033127,Will Fuller,WR,MIA,2016,14,2,1,0,2,0,2,7.48,15.0,,,,,,151.9,163.0,WR56,0,False
3157,00-0033127,Will Fuller,WR,MIA,2017,10,6,0,0,6,0,2,9.92,59.5,,,,,,,,,0,False
3157,00-0033127,Will Fuller,WR,MIA,2018,7,9,2,0,1,8,4,12.9,116.1,75.6,77.0,WR32,9.55,86.0,92.3,94.0,WR32,1,False
3157,00-0033127,Will Fuller,WR,MIA,2019,11,5,3,0,5,0,4,9.95,49.8,84.1,88.0,WR34,9.45,47.2,94.4,97.0,WR34,2,False
3157,00-0033127,Will Fuller,WR,MIA,2020,11,5,0,0,0,5,1,14.76,73.8,73.9,76.0,WR31,10.46,52.3,84.3,87.0,WR32,0,False
3157,00-0033127,Will Fuller,WR,MIA,2021,2,15,0,0,1,14,4,3.3,49.5,111.5,116.0,WR45,8.98,134.7,133.7,145.0,WR48,0,False
1911,00-0030663,Willie Snead,WR,SF,2016,15,1,1,0,1,0,1,10.37,10.4,,,,,,127.5,134.0,WR50,0,False
1911,00-0030663,Willie Snead,WR,SF,2017,8,3,1,0,3,0,2,1.65,4.9,,,,,,88.6,92.0,WR33,0,False
1911,00-0030663,Willie Snead,WR,SF,2018,15,0,0,0,0,0,0,6.89,0.0,,,,,,,,,0,False
1911,00-0030663,Willie Snead,WR,SF,2019,16,0,0,0,0,0,0,4.98,0.0,,,,,,,,,0,False
1911,00-0030663,Willie Snead,WR,SF,2020,13,3,0,0,1,2,2,5.98,17.9,,,,,,,,,1,False
1911,00-0030663,Willie Snead,WR,SF,2021,7,0,0,0,0,0,0,0.83,0.0,,,,,,,,,0,False
1911,00-0030663,Willie Snead,WR,SF,2022,0,0,0,0,0,0,0,0.83,0.0,,,,,,,,,0,True
1911,00-0030663,Willie Snead,WR,SF,2023,2,0,0,0,0,0,0,1.2,0.0,,,,,,,,,0,False
10218,00-0038618,Xavier Hutchinson,WR,HOU,2025,16,0,0,0,0,0,0,5.03,0.0,,,,,,,,,0,False
10218,00-0038618,Xavier Hutchinson,WR,HOU,2026,4,0,0,0,0,0,0,5.75,0.0,,,,,,,,,0,False
11626,00-0039342,Xavier Legette,WR,CAR,2024,15,1,3,0,1,0,2,6.71,6.7,,,,,,,,,0,False
11626,00-0039342,Xavier Legette,WR,CAR,2025,15,2,0,0,2,0,1,4.79,9.6,133.0,134.0,WR56,7.22,14.4,146.2,178.0,WR63,0,False
11626,00-0039342,Xavier Legette,WR,CAR,2026,2,2,0,0,1,1,1,3.7,7.4,,,,,,,,,0,False
11624,00-0039894,Xavier Worthy,WR,KC,2024,16,0,0,0,0,0,0,9.86,0.0,78.8,82.0,WR38,9.22,0.0,90.5,95.0,WR33,0,False
11624,00-0039894,Xavier Worthy,WR,KC,2025,14,3,1,0,3,0,3,6.35,19.0,45.6,46.0,WR21,9.63,28.9,57.6,60.0,WR20,1,False
11624,00-0039894,Xavier Worthy,WR,KC,2026,4,0,0,0,0,0,0,6.58,0.0,,,,,,110.2,112.0,WR43,0,False
4319,00-0033251,Zach Pascal,WR,ARI,2019,16,0,0,0,0,0,0,7.17,0.0,,,,,,,,,0,False
4319,00-0033251,Zach Pascal,WR,ARI,2020,16,0,2,0,0,0,2,7.18,0.0,,,,,,,,,0,False
4319,00-0033251,Zach Pascal,WR,ARI,2021,16,0,0,0,0,0,0,4.72,0.0,,,,,,,,,0,False
4319,00-0033251,Zach Pascal,WR,ARI,2022,15,0,1,0,0,0,1,1.9,0.0,,,,,,,,,0,False
4319,00-0033251,Zach Pascal,WR,ARI,2023,10,5,0,0,5,0,4,0.39,2.0,,,,,,,,,0,False
4319,00-0033251,Zach Pascal,WR,ARI,2024,3,0,0,0,0,0,0,0.0,0.0,,,,,,,,,0,False
9997,00-0039064,Zay Flowers,WR,BAL,2023,16,1,3,0,1,0,3,10.49,10.5,104.8,109.0,WR46,7.21,7.2,137.0,153.0,WR54,0,False
9997,00-0039064,Zay Flowers,WR,BAL,2024,17,0,2,0,0,0,2,10.15,0.0,56.9,60.0,WR30,9.75,0.0,69.9,74.0,WR27,0,False
9997,00-0039064,Zay Flowers,WR,BAL,2025,17,0,1,0,0,0,1,11.78,0.0,62.0,63.0,WR29,8.84,0.0,74.1,78.0,WR29,0,False
9997,00-0039064,Zay Flowers,WR,BAL,2026,3,1,2,0,1,0,1,19.4,19.4,,,,,,40.2,39.0,WR11,0,False
4080,00-0033891,Zay Jones,WR,ARI,2017,14,1,0,0,1,0,1,4.08,4.1,,,,,,135.7,189.0,WR61,0,False
4080,00-0033891,Zay Jones,WR,ARI,2018,16,0,0,0,0,0,0,8.57,0.0,,,,,,,,,0,False
4080,00-0033891,Zay Jones,WR,ARI,2019,14,0,0,0,0,0,0,2.53,0.0,,,,,,,,,0,False
4080,00-0033891,Zay Jones,WR,ARI,2020,11,0,0,0,0,0,0,2.69,0.0,,,,,,,,,0,False
4080,00-0033891,Zay Jones,WR,ARI,2021,15,0,0,0,0,0,0,5.49,0.0,,,,,,,,,0,False
4080,00-0033891,Zay Jones,WR,ARI,2022,16,1,4,0,1,0,2,9.82,9.8,,,,,,,,,0,False
4080,00-0033891,Zay Jones,WR,ARI,2023,9,8,4,0,8,0,3,6.79,54.3,143.7,155.0,WR61,6.22,49.8,,,,0,False
4080,00-0033891,Zay Jones,WR,ARI,2024,6,5,0,0,0,5,1,2.07,10.3,,,,,,,,,0,False
4080,00-0033891,Zay Jones,WR,ARI,2025,6,10,2,0,2,8,4,4.05,40.5,,,,,,,,,1,False
